datetime,adj_close,close,high,low,open,volume,symbol,month
2025-10-01 03:45:00+00:00,4.940000057220459,4.940000057220459,4.960000038146973,4.820000171661377,4.820000171661377,117048,LCCINFOTEC,2025-10
2025-10-01 03:50:00+00:00,4.940000057220459,4.940000057220459,4.940000057220459,4.900000095367432,4.940000057220459,34809,LCCINFOTEC,2025-10
2025-10-01 03:55:00+00:00,4.900000095367432,4.900000095367432,4.940000057220459,4.900000095367432,4.929999828338623,75511,LCCINFOTEC,2025-10
2025-10-01 04:00:00+00:00,4.960000038146973,4.960000038146973,4.960000038146973,4.929999828338623,4.929999828338623,39941,LCCINFOTEC,2025-10
2025-10-01 04:05:00+00:00,4.940000057220459,4.940000057220459,4.960000038146973,4.940000057220459,4.960000038146973,126839,LCCINFOTEC,2025-10
2025-10-01 04:10:00+00:00,4.960000038146973,4.960000038146973,4.960000038146973,4.940000057220459,4.960000038146973,9610,LCCINFOTEC,2025-10
2025-10-01 04:15:00+00:00,4.840000152587891,4.840000152587891,4.960000038146973,4.840000152587891,4.940000057220459,15090,LCCINFOTEC,2025-10
2025-10-01 04:20:00+00:00,4.840000152587891,4.840000152587891,4.940000057220459,4.840000152587891,4.940000057220459,6882,LCCINFOTEC,2025-10
2025-10-01 04:25:00+00:00,4.929999828338623,4.929999828338623,4.929999828338623,4.800000190734863,4.840000152587891,10586,LCCINFOTEC,2025-10
2025-10-01 04:30:00+00:00,4.929999828338623,4.929999828338623,4.929999828338623,4.840000152587891,4.909999847412109,45761,LCCINFOTEC,2025-10
2025-10-01 04:35:00+00:00,4.909999847412109,4.909999847412109,4.940000057220459,4.909999847412109,4.929999828338623,13,LCCINFOTEC,2025-10
2025-10-01 04:40:00+00:00,4.960000038146973,4.960000038146973,4.960000038146973,4.929999828338623,4.929999828338623,20693,LCCINFOTEC,2025-10
2025-10-01 04:45:00+00:00,4.940000057220459,4.940000057220459,4.960000038146973,4.940000057220459,4.940000057220459,5668,LCCINFOTEC,2025-10
2025-10-01 04:50:00+00:00,4.960000038146973,4.960000038146973,4.960000038146973,4.940000057220459,4.960000038146973,8950,LCCINFOTEC,2025-10
2025-10-01 04:55:00+00:00,4.940000057220459,4.940000057220459,4.960000038146973,4.940000057220459,4.960000038146973,4397,LCCINFOTEC,2025-10
2025-10-01 05:00:00+00:00,4.940000057220459,4.940000057220459,4.960000038146973,4.940000057220459,4.960000038146973,0,LCCINFOTEC,2025-10
2025-10-01 05:05:00+00:00,4.960000038146973,4.960000038146973,4.960000038146973,4.960000038146973,4.960000038146973,10,LCCINFOTEC,2025-10
2025-10-01 05:10:00+00:00,4.960000038146973,4.960000038146973,4.960000038146973,4.960000038146973,4.960000038146973,2468,LCCINFOTEC,2025-10
2025-10-01 05:20:00+00:00,4.960000038146973,4.960000038146973,4.960000038146973,4.960000038146973,4.960000038146973,18092,LCCINFOTEC,2025-10
2025-10-01 05:25:00+00:00,4.960000038146973,4.960000038146973,4.960000038146973,4.960000038146973,4.960000038146973,0,LCCINFOTEC,2025-10
2025-10-01 05:35:00+00:00,4.960000038146973,4.960000038146973,4.960000038146973,4.960000038146973,4.960000038146973,0,LCCINFOTEC,2025-10
2025-10-01 05:45:00+00:00,4.960000038146973,4.960000038146973,4.960000038146973,4.960000038146973,4.960000038146973,52,LCCINFOTEC,2025-10
2025-10-01 05:55:00+00:00,4.960000038146973,4.960000038146973,4.960000038146973,4.960000038146973,4.960000038146973,9005,LCCINFOTEC,2025-10
2025-10-01 06:00:00+00:00,4.960000038146973,4.960000038146973,4.960000038146973,4.960000038146973,4.960000038146973,1424,LCCINFOTEC,2025-10
2025-10-01 06:05:00+00:00,4.960000038146973,4.960000038146973,4.960000038146973,4.960000038146973,4.960000038146973,2558,LCCINFOTEC,2025-10
2025-10-01 06:25:00+00:00,4.949999809265137,4.949999809265137,4.960000038146973,4.949999809265137,4.960000038146973,1827,LCCINFOTEC,2025-10
2025-10-01 06:30:00+00:00,4.960000038146973,4.960000038146973,4.960000038146973,4.960000038146973,4.960000038146973,274,LCCINFOTEC,2025-10
2025-10-01 06:35:00+00:00,4.960000038146973,4.960000038146973,4.960000038146973,4.960000038146973,4.960000038146973,200,LCCINFOTEC,2025-10
2025-10-01 06:40:00+00:00,4.960000038146973,4.960000038146973,4.960000038146973,4.960000038146973,4.960000038146973,0,LCCINFOTEC,2025-10
2025-10-01 06:45:00+00:00,4.940000057220459,4.940000057220459,4.949999809265137,4.929999828338623,4.949999809265137,3678,LCCINFOTEC,2025-10
2025-10-01 06:50:00+00:00,4.699999809265137,4.699999809265137,4.699999809265137,4.699999809265137,4.699999809265137,10422,LCCINFOTEC,2025-10
2025-10-01 06:55:00+00:00,4.889999866485596,4.889999866485596,4.889999866485596,4.889999866485596,4.889999866485596,0,LCCINFOTEC,2025-10
2025-10-01 07:00:00+00:00,4.889999866485596,4.889999866485596,4.889999866485596,4.889999866485596,4.889999866485596,756,LCCINFOTEC,2025-10
2025-10-01 07:05:00+00:00,4.889999866485596,4.889999866485596,4.889999866485596,4.889999866485596,4.889999866485596,2,LCCINFOTEC,2025-10
2025-10-01 07:10:00+00:00,4.960000038146973,4.960000038146973,4.960000038146973,4.849999904632568,4.889999866485596,18465,LCCINFOTEC,2025-10
2025-10-01 07:15:00+00:00,4.829999923706055,4.829999923706055,4.960000038146973,4.809999942779541,4.960000038146973,20016,LCCINFOTEC,2025-10
2025-10-01 07:20:00+00:00,4.849999904632568,4.849999904632568,4.849999904632568,4.849999904632568,4.849999904632568,502,LCCINFOTEC,2025-10
2025-10-01 07:25:00+00:00,4.849999904632568,4.849999904632568,4.849999904632568,4.849999904632568,4.849999904632568,530,LCCINFOTEC,2025-10
2025-10-01 07:30:00+00:00,4.860000133514404,4.860000133514404,4.860000133514404,4.860000133514404,4.860000133514404,0,LCCINFOTEC,2025-10
2025-10-01 07:35:00+00:00,4.960000038146973,4.960000038146973,4.960000038146973,4.860000133514404,4.860000133514404,7798,LCCINFOTEC,2025-10
2025-10-01 07:40:00+00:00,4.960000038146973,4.960000038146973,4.960000038146973,4.960000038146973,4.960000038146973,3562,LCCINFOTEC,2025-10
2025-10-01 07:45:00+00:00,4.960000038146973,4.960000038146973,4.960000038146973,4.960000038146973,4.960000038146973,11336,LCCINFOTEC,2025-10
2025-10-01 07:50:00+00:00,4.960000038146973,4.960000038146973,4.960000038146973,4.960000038146973,4.960000038146973,44,LCCINFOTEC,2025-10
2025-10-01 07:55:00+00:00,4.960000038146973,4.960000038146973,4.960000038146973,4.960000038146973,4.960000038146973,0,LCCINFOTEC,2025-10
2025-10-01 08:00:00+00:00,4.960000038146973,4.960000038146973,4.960000038146973,4.960000038146973,4.960000038146973,292,LCCINFOTEC,2025-10
2025-10-01 08:05:00+00:00,4.960000038146973,4.960000038146973,4.960000038146973,4.960000038146973,4.960000038146973,500,LCCINFOTEC,2025-10
2025-10-01 08:15:00+00:00,4.960000038146973,4.960000038146973,4.960000038146973,4.960000038146973,4.960000038146973,0,LCCINFOTEC,2025-10
2025-10-01 08:30:00+00:00,4.960000038146973,4.960000038146973,4.960000038146973,4.960000038146973,4.960000038146973,346,LCCINFOTEC,2025-10
2025-10-01 08:40:00+00:00,4.960000038146973,4.960000038146973,4.960000038146973,4.960000038146973,4.960000038146973,1007,LCCINFOTEC,2025-10
2025-10-01 08:50:00+00:00,4.960000038146973,4.960000038146973,4.960000038146973,4.960000038146973,4.960000038146973,40,LCCINFOTEC,2025-10
2025-10-01 08:55:00+00:00,4.960000038146973,4.960000038146973,4.960000038146973,4.960000038146973,4.960000038146973,180,LCCINFOTEC,2025-10
2025-10-01 09:05:00+00:00,4.960000038146973,4.960000038146973,4.960000038146973,4.960000038146973,4.960000038146973,1000,LCCINFOTEC,2025-10
2025-10-01 09:10:00+00:00,4.960000038146973,4.960000038146973,4.960000038146973,4.960000038146973,4.960000038146973,0,LCCINFOTEC,2025-10
2025-10-01 09:25:00+00:00,4.960000038146973,4.960000038146973,4.960000038146973,4.960000038146973,4.960000038146973,1136,LCCINFOTEC,2025-10
2025-10-01 09:40:00+00:00,4.960000038146973,4.960000038146973,4.960000038146973,4.960000038146973,4.960000038146973,8277,LCCINFOTEC,2025-10
2025-10-01 09:50:00+00:00,4.960000038146973,4.960000038146973,4.960000038146973,4.960000038146973,4.960000038146973,1000,LCCINFOTEC,2025-10
2025-10-01 09:55:00+00:00,4.960000038146973,4.960000038146973,4.960000038146973,4.960000038146973,4.960000038146973,0,LCCINFOTEC,2025-10
2025-10-03 03:45:00+00:00,5.059999942779541,5.059999942779541,5.190000057220459,4.960000038146973,5.190000057220459,0,LCCINFOTEC,2025-10
2025-10-03 03:50:00+00:00,5.0,5.0,5.0,5.0,5.0,100,LCCINFOTEC,2025-10
2025-10-03 03:55:00+00:00,4.989999771118164,4.989999771118164,5.03000020980835,4.960000038146973,5.03000020980835,60309,LCCINFOTEC,2025-10
2025-10-03 04:00:00+00:00,4.900000095367432,4.900000095367432,4.96999979019165,4.900000095367432,4.96999979019165,1338,LCCINFOTEC,2025-10
2025-10-03 04:05:00+00:00,4.889999866485596,4.889999866485596,4.900000095367432,4.78000020980835,4.900000095367432,4933,LCCINFOTEC,2025-10
2025-10-03 04:10:00+00:00,5.179999828338623,5.179999828338623,5.179999828338623,4.900000095367432,5.039999961853027,11790,LCCINFOTEC,2025-10
2025-10-03 04:15:00+00:00,5.099999904632568,5.099999904632568,5.099999904632568,5.099999904632568,5.099999904632568,740,LCCINFOTEC,2025-10
2025-10-03 04:20:00+00:00,5.019999980926514,5.019999980926514,5.090000152587891,5.019999980926514,5.090000152587891,2234,LCCINFOTEC,2025-10
2025-10-03 04:25:00+00:00,4.949999809265137,4.949999809265137,5.079999923706055,4.949999809265137,5.0,4127,LCCINFOTEC,2025-10
2025-10-03 04:30:00+00:00,4.940000057220459,4.940000057220459,4.940000057220459,4.940000057220459,4.940000057220459,0,LCCINFOTEC,2025-10
2025-10-03 04:35:00+00:00,4.900000095367432,4.900000095367432,4.900000095367432,4.800000190734863,4.800000190734863,3406,LCCINFOTEC,2025-10
2025-10-03 04:40:00+00:00,4.880000114440918,4.880000114440918,4.880000114440918,4.809999942779541,4.809999942779541,6510,LCCINFOTEC,2025-10
2025-10-03 04:45:00+00:00,4.880000114440918,4.880000114440918,4.880000114440918,4.849999904632568,4.880000114440918,1860,LCCINFOTEC,2025-10
2025-10-03 04:50:00+00:00,4.849999904632568,4.849999904632568,4.849999904632568,4.849999904632568,4.849999904632568,1978,LCCINFOTEC,2025-10
2025-10-03 04:55:00+00:00,4.929999828338623,4.929999828338623,4.929999828338623,4.849999904632568,4.849999904632568,0,LCCINFOTEC,2025-10
2025-10-03 05:00:00+00:00,4.849999904632568,4.849999904632568,4.849999904632568,4.849999904632568,4.849999904632568,7248,LCCINFOTEC,2025-10
2025-10-03 05:05:00+00:00,4.710000038146973,4.710000038146973,4.889999866485596,4.710000038146973,4.849999904632568,138299,LCCINFOTEC,2025-10
2025-10-03 05:10:00+00:00,4.880000114440918,4.880000114440918,4.889999866485596,4.710000038146973,4.710000038146973,80002,LCCINFOTEC,2025-10
2025-10-03 05:15:00+00:00,4.840000152587891,4.840000152587891,4.840000152587891,4.800000190734863,4.800000190734863,324,LCCINFOTEC,2025-10
2025-10-03 05:20:00+00:00,4.840000152587891,4.840000152587891,4.840000152587891,4.840000152587891,4.840000152587891,566,LCCINFOTEC,2025-10
2025-10-03 05:25:00+00:00,4.739999771118164,4.739999771118164,4.829999923706055,4.739999771118164,4.739999771118164,14713,LCCINFOTEC,2025-10
2025-10-03 05:30:00+00:00,4.829999923706055,4.829999923706055,4.829999923706055,4.739999771118164,4.829999923706055,596,LCCINFOTEC,2025-10
2025-10-03 05:35:00+00:00,4.75,4.75,4.75,4.739999771118164,4.739999771118164,222,LCCINFOTEC,2025-10
2025-10-03 05:40:00+00:00,4.829999923706055,4.829999923706055,4.829999923706055,4.760000228881836,4.760000228881836,1390,LCCINFOTEC,2025-10
2025-10-03 05:45:00+00:00,4.829999923706055,4.829999923706055,4.829999923706055,4.829999923706055,4.829999923706055,8,LCCINFOTEC,2025-10
2025-10-03 05:50:00+00:00,4.800000190734863,4.800000190734863,4.829999923706055,4.800000190734863,4.829999923706055,0,LCCINFOTEC,2025-10
2025-10-03 05:55:00+00:00,4.760000228881836,4.760000228881836,4.829999923706055,4.760000228881836,4.820000171661377,8007,LCCINFOTEC,2025-10
2025-10-03 06:00:00+00:00,4.760000228881836,4.760000228881836,4.829999923706055,4.760000228881836,4.760000228881836,0,LCCINFOTEC,2025-10
2025-10-03 06:05:00+00:00,4.760000228881836,4.760000228881836,4.809999942779541,4.760000228881836,4.760000228881836,1609,LCCINFOTEC,2025-10
2025-10-03 06:10:00+00:00,4.829999923706055,4.829999923706055,4.829999923706055,4.829999923706055,4.829999923706055,185,LCCINFOTEC,2025-10
2025-10-03 06:15:00+00:00,4.760000228881836,4.760000228881836,4.760000228881836,4.760000228881836,4.760000228881836,100,LCCINFOTEC,2025-10
2025-10-03 06:20:00+00:00,4.760000228881836,4.760000228881836,4.760000228881836,4.760000228881836,4.760000228881836,1115,LCCINFOTEC,2025-10
2025-10-03 06:25:00+00:00,4.78000020980835,4.78000020980835,4.78000020980835,4.760000228881836,4.760000228881836,1190,LCCINFOTEC,2025-10
2025-10-03 06:50:00+00:00,4.789999961853027,4.789999961853027,4.789999961853027,4.789999961853027,4.789999961853027,520,LCCINFOTEC,2025-10
2025-10-03 06:55:00+00:00,4.829999923706055,4.829999923706055,4.829999923706055,4.829999923706055,4.829999923706055,2080,LCCINFOTEC,2025-10
2025-10-03 07:00:00+00:00,4.840000152587891,4.840000152587891,4.840000152587891,4.78000020980835,4.789999961853027,199,LCCINFOTEC,2025-10
2025-10-03 07:05:00+00:00,4.78000020980835,4.78000020980835,4.78000020980835,4.78000020980835,4.78000020980835,10,LCCINFOTEC,2025-10
2025-10-03 07:15:00+00:00,4.78000020980835,4.78000020980835,4.78000020980835,4.78000020980835,4.78000020980835,5995,LCCINFOTEC,2025-10
2025-10-03 07:20:00+00:00,4.840000152587891,4.840000152587891,4.840000152587891,4.840000152587891,4.840000152587891,20,LCCINFOTEC,2025-10
2025-10-03 07:30:00+00:00,4.840000152587891,4.840000152587891,4.840000152587891,4.840000152587891,4.840000152587891,71,LCCINFOTEC,2025-10
2025-10-03 07:35:00+00:00,4.75,4.75,4.840000152587891,4.75,4.840000152587891,1390,LCCINFOTEC,2025-10
2025-10-03 07:40:00+00:00,4.71999979019165,4.71999979019165,4.840000152587891,4.71999979019165,4.840000152587891,3715,LCCINFOTEC,2025-10
2025-10-03 07:45:00+00:00,4.710000038146973,4.710000038146973,4.71999979019165,4.710000038146973,4.71999979019165,815,LCCINFOTEC,2025-10
2025-10-03 07:50:00+00:00,4.820000171661377,4.820000171661377,4.820000171661377,4.820000171661377,4.820000171661377,10,LCCINFOTEC,2025-10
2025-10-03 07:55:00+00:00,4.710000038146973,4.710000038146973,4.710000038146973,4.710000038146973,4.710000038146973,1999,LCCINFOTEC,2025-10
2025-10-03 08:00:00+00:00,4.730000019073486,4.730000019073486,4.800000190734863,4.730000019073486,4.800000190734863,148,LCCINFOTEC,2025-10
2025-10-03 08:05:00+00:00,4.710000038146973,4.710000038146973,4.75,4.710000038146973,4.75,8005,LCCINFOTEC,2025-10
2025-10-03 08:10:00+00:00,4.800000190734863,4.800000190734863,4.800000190734863,4.710000038146973,4.710000038146973,2240,LCCINFOTEC,2025-10
2025-10-03 08:15:00+00:00,4.710000038146973,4.710000038146973,4.75,4.710000038146973,4.710000038146973,3175,LCCINFOTEC,2025-10
2025-10-03 08:20:00+00:00,4.710000038146973,4.710000038146973,4.710000038146973,4.710000038146973,4.710000038146973,8,LCCINFOTEC,2025-10
2025-10-03 08:30:00+00:00,4.710000038146973,4.710000038146973,4.710000038146973,4.710000038146973,4.710000038146973,0,LCCINFOTEC,2025-10
2025-10-03 08:35:00+00:00,4.710000038146973,4.710000038146973,4.710000038146973,4.710000038146973,4.710000038146973,32,LCCINFOTEC,2025-10
2025-10-03 08:40:00+00:00,4.710000038146973,4.710000038146973,4.710000038146973,4.710000038146973,4.710000038146973,12596,LCCINFOTEC,2025-10
2025-10-03 08:45:00+00:00,4.710000038146973,4.710000038146973,4.710000038146973,4.710000038146973,4.710000038146973,0,LCCINFOTEC,2025-10
2025-10-03 08:55:00+00:00,4.710000038146973,4.710000038146973,4.710000038146973,4.710000038146973,4.710000038146973,400,LCCINFOTEC,2025-10
2025-10-03 09:00:00+00:00,4.710000038146973,4.710000038146973,4.710000038146973,4.710000038146973,4.710000038146973,951,LCCINFOTEC,2025-10
2025-10-03 09:05:00+00:00,4.710000038146973,4.710000038146973,4.710000038146973,4.710000038146973,4.710000038146973,101,LCCINFOTEC,2025-10
2025-10-03 09:10:00+00:00,4.710000038146973,4.710000038146973,4.710000038146973,4.710000038146973,4.710000038146973,0,LCCINFOTEC,2025-10
2025-10-03 09:15:00+00:00,4.710000038146973,4.710000038146973,4.710000038146973,4.710000038146973,4.710000038146973,42,LCCINFOTEC,2025-10
2025-10-03 09:20:00+00:00,4.710000038146973,4.710000038146973,4.710000038146973,4.710000038146973,4.710000038146973,13400,LCCINFOTEC,2025-10
2025-10-03 09:25:00+00:00,4.710000038146973,4.710000038146973,4.710000038146973,4.710000038146973,4.710000038146973,0,LCCINFOTEC,2025-10
2025-10-03 09:30:00+00:00,4.710000038146973,4.710000038146973,4.710000038146973,4.710000038146973,4.710000038146973,31,LCCINFOTEC,2025-10
2025-10-03 09:35:00+00:00,4.710000038146973,4.710000038146973,4.710000038146973,4.710000038146973,4.710000038146973,12978,LCCINFOTEC,2025-10
2025-10-03 09:40:00+00:00,4.710000038146973,4.710000038146973,4.710000038146973,4.710000038146973,4.710000038146973,0,LCCINFOTEC,2025-10
2025-10-03 09:45:00+00:00,4.710000038146973,4.710000038146973,4.710000038146973,4.710000038146973,4.710000038146973,520,LCCINFOTEC,2025-10
2025-10-03 09:50:00+00:00,4.710000038146973,4.710000038146973,4.710000038146973,4.710000038146973,4.710000038146973,10,LCCINFOTEC,2025-10
2025-10-03 09:55:00+00:00,4.710000038146973,4.710000038146973,4.710000038146973,4.710000038146973,4.710000038146973,3903,LCCINFOTEC,2025-10
2025-10-06 03:45:00+00:00,4.710000038146973,4.710000038146973,4.710000038146973,4.619999885559082,4.619999885559082,0,LCCINFOTEC,2025-10
2025-10-06 03:50:00+00:00,4.78000020980835,4.78000020980835,4.840000152587891,4.710000038146973,4.71999979019165,4417,LCCINFOTEC,2025-10
2025-10-06 04:00:00+00:00,4.71999979019165,4.71999979019165,4.78000020980835,4.71999979019165,4.78000020980835,8037,LCCINFOTEC,2025-10
2025-10-06 04:05:00+00:00,4.590000152587891,4.590000152587891,4.699999809265137,4.510000228881836,4.699999809265137,28962,LCCINFOTEC,2025-10
2025-10-06 04:10:00+00:00,4.53000020980835,4.53000020980835,4.53000020980835,4.53000020980835,4.53000020980835,41,LCCINFOTEC,2025-10
2025-10-06 04:15:00+00:00,4.5,4.5,4.559999942779541,4.5,4.53000020980835,11118,LCCINFOTEC,2025-10
2025-10-06 04:20:00+00:00,4.570000171661377,4.570000171661377,4.570000171661377,4.510000228881836,4.510000228881836,3950,LCCINFOTEC,2025-10
2025-10-06 04:25:00+00:00,4.519999980926514,4.519999980926514,4.519999980926514,4.519999980926514,4.519999980926514,1897,LCCINFOTEC,2025-10
2025-10-06 04:30:00+00:00,4.510000228881836,4.510000228881836,4.53000020980835,4.510000228881836,4.519999980926514,13109,LCCINFOTEC,2025-10
2025-10-06 04:40:00+00:00,4.510000228881836,4.510000228881836,4.510000228881836,4.510000228881836,4.510000228881836,4975,LCCINFOTEC,2025-10
2025-10-06 04:45:00+00:00,4.53000020980835,4.53000020980835,4.53000020980835,4.53000020980835,4.53000020980835,0,LCCINFOTEC,2025-10
2025-10-06 04:50:00+00:00,4.539999961853027,4.539999961853027,4.550000190734863,4.510000228881836,4.550000190734863,6786,LCCINFOTEC,2025-10
2025-10-06 04:55:00+00:00,4.539999961853027,4.539999961853027,4.539999961853027,4.539999961853027,4.539999961853027,205,LCCINFOTEC,2025-10
2025-10-06 05:00:00+00:00,4.510000228881836,4.510000228881836,4.510000228881836,4.510000228881836,4.510000228881836,405,LCCINFOTEC,2025-10
2025-10-06 05:05:00+00:00,4.510000228881836,4.510000228881836,4.510000228881836,4.510000228881836,4.510000228881836,4798,LCCINFOTEC,2025-10
2025-10-06 05:10:00+00:00,4.510000228881836,4.510000228881836,4.539999961853027,4.510000228881836,4.539999961853027,1005,LCCINFOTEC,2025-10
2025-10-06 05:20:00+00:00,4.539999961853027,4.539999961853027,4.539999961853027,4.539999961853027,4.539999961853027,0,LCCINFOTEC,2025-10
2025-10-06 05:25:00+00:00,4.53000020980835,4.53000020980835,4.53000020980835,4.53000020980835,4.53000020980835,900,LCCINFOTEC,2025-10
2025-10-06 05:30:00+00:00,4.539999961853027,4.539999961853027,4.539999961853027,4.539999961853027,4.539999961853027,0,LCCINFOTEC,2025-10
2025-10-06 05:35:00+00:00,4.519999980926514,4.519999980926514,4.519999980926514,4.519999980926514,4.519999980926514,1728,LCCINFOTEC,2025-10
2025-10-06 05:40:00+00:00,4.519999980926514,4.519999980926514,4.519999980926514,4.519999980926514,4.519999980926514,0,LCCINFOTEC,2025-10
2025-10-06 05:55:00+00:00,4.519999980926514,4.519999980926514,4.519999980926514,4.519999980926514,4.519999980926514,6176,LCCINFOTEC,2025-10
2025-10-06 06:00:00+00:00,4.539999961853027,4.539999961853027,4.539999961853027,4.539999961853027,4.539999961853027,0,LCCINFOTEC,2025-10
2025-10-06 06:05:00+00:00,4.46999979019165,4.46999979019165,4.519999980926514,4.46999979019165,4.519999980926514,30951,LCCINFOTEC,2025-10
2025-10-06 06:10:00+00:00,4.46999979019165,4.46999979019165,4.46999979019165,4.46999979019165,4.46999979019165,175,LCCINFOTEC,2025-10
2025-10-06 06:15:00+00:00,4.46999979019165,4.46999979019165,4.46999979019165,4.46999979019165,4.46999979019165,776,LCCINFOTEC,2025-10
2025-10-06 06:20:00+00:00,4.5,4.5,4.5,4.5,4.5,20000,LCCINFOTEC,2025-10
2025-10-06 06:25:00+00:00,4.46999979019165,4.46999979019165,4.46999979019165,4.46999979019165,4.46999979019165,0,LCCINFOTEC,2025-10
2025-10-06 06:30:00+00:00,4.46999979019165,4.46999979019165,4.46999979019165,4.46999979019165,4.46999979019165,7000,LCCINFOTEC,2025-10
2025-10-06 06:35:00+00:00,4.489999771118164,4.489999771118164,4.489999771118164,4.489999771118164,4.489999771118164,64,LCCINFOTEC,2025-10
2025-10-06 06:40:00+00:00,4.489999771118164,4.489999771118164,4.489999771118164,4.489999771118164,4.489999771118164,475,LCCINFOTEC,2025-10
2025-10-06 06:45:00+00:00,4.46999979019165,4.46999979019165,4.489999771118164,4.46999979019165,4.489999771118164,600,LCCINFOTEC,2025-10
2025-10-06 07:00:00+00:00,4.46999979019165,4.46999979019165,4.46999979019165,4.46999979019165,4.46999979019165,511,LCCINFOTEC,2025-10
2025-10-06 07:10:00+00:00,4.46999979019165,4.46999979019165,4.46999979019165,4.46999979019165,4.46999979019165,312,LCCINFOTEC,2025-10
2025-10-06 07:15:00+00:00,4.46999979019165,4.46999979019165,4.46999979019165,4.46999979019165,4.46999979019165,999,LCCINFOTEC,2025-10
2025-10-06 07:20:00+00:00,4.46999979019165,4.46999979019165,4.46999979019165,4.46999979019165,4.46999979019165,237,LCCINFOTEC,2025-10
2025-10-06 07:25:00+00:00,4.46999979019165,4.46999979019165,4.46999979019165,4.46999979019165,4.46999979019165,0,LCCINFOTEC,2025-10
2025-10-06 07:30:00+00:00,4.46999979019165,4.46999979019165,4.46999979019165,4.46999979019165,4.46999979019165,160,LCCINFOTEC,2025-10
2025-10-06 07:45:00+00:00,4.46999979019165,4.46999979019165,4.46999979019165,4.46999979019165,4.46999979019165,500,LCCINFOTEC,2025-10
2025-10-06 07:55:00+00:00,4.46999979019165,4.46999979019165,4.46999979019165,4.46999979019165,4.46999979019165,329,LCCINFOTEC,2025-10
2025-10-06 08:05:00+00:00,4.46999979019165,4.46999979019165,4.46999979019165,4.46999979019165,4.46999979019165,0,LCCINFOTEC,2025-10
2025-10-06 08:10:00+00:00,4.46999979019165,4.46999979019165,4.46999979019165,4.46999979019165,4.46999979019165,2,LCCINFOTEC,2025-10
2025-10-06 08:15:00+00:00,4.46999979019165,4.46999979019165,4.46999979019165,4.46999979019165,4.46999979019165,4,LCCINFOTEC,2025-10
2025-10-06 08:20:00+00:00,4.46999979019165,4.46999979019165,4.46999979019165,4.46999979019165,4.46999979019165,10,LCCINFOTEC,2025-10
2025-10-06 08:25:00+00:00,4.46999979019165,4.46999979019165,4.46999979019165,4.46999979019165,4.46999979019165,13,LCCINFOTEC,2025-10
2025-10-06 08:30:00+00:00,4.46999979019165,4.46999979019165,4.46999979019165,4.46999979019165,4.46999979019165,51,LCCINFOTEC,2025-10
2025-10-06 08:35:00+00:00,4.46999979019165,4.46999979019165,4.46999979019165,4.46999979019165,4.46999979019165,5,LCCINFOTEC,2025-10
2025-10-06 08:50:00+00:00,4.46999979019165,4.46999979019165,4.46999979019165,4.46999979019165,4.46999979019165,2000,LCCINFOTEC,2025-10
2025-10-06 09:10:00+00:00,4.46999979019165,4.46999979019165,4.46999979019165,4.46999979019165,4.46999979019165,201,LCCINFOTEC,2025-10
2025-10-06 09:15:00+00:00,4.46999979019165,4.46999979019165,4.46999979019165,4.46999979019165,4.46999979019165,0,LCCINFOTEC,2025-10
2025-10-06 09:20:00+00:00,4.46999979019165,4.46999979019165,4.46999979019165,4.46999979019165,4.46999979019165,720,LCCINFOTEC,2025-10
2025-10-06 09:25:00+00:00,4.46999979019165,4.46999979019165,4.46999979019165,4.46999979019165,4.46999979019165,1457,LCCINFOTEC,2025-10
2025-10-06 09:30:00+00:00,4.46999979019165,4.46999979019165,4.46999979019165,4.46999979019165,4.46999979019165,0,LCCINFOTEC,2025-10
2025-10-06 09:35:00+00:00,4.46999979019165,4.46999979019165,4.46999979019165,4.46999979019165,4.46999979019165,2240,LCCINFOTEC,2025-10
2025-10-06 09:40:00+00:00,4.46999979019165,4.46999979019165,4.46999979019165,4.46999979019165,4.46999979019165,3029,LCCINFOTEC,2025-10
2025-10-06 09:45:00+00:00,4.46999979019165,4.46999979019165,4.46999979019165,4.46999979019165,4.46999979019165,251,LCCINFOTEC,2025-10
2025-10-06 09:50:00+00:00,4.46999979019165,4.46999979019165,4.46999979019165,4.46999979019165,4.46999979019165,1,LCCINFOTEC,2025-10
2025-10-07 03:45:00+00:00,4.429999828338623,4.429999828338623,4.429999828338623,4.409999847412109,4.409999847412109,0,LCCINFOTEC,2025-10
2025-10-07 03:50:00+00:00,4.340000152587891,4.340000152587891,4.340000152587891,4.260000228881836,4.260000228881836,5098,LCCINFOTEC,2025-10
2025-10-07 03:55:00+00:00,4.340000152587891,4.340000152587891,4.340000152587891,4.309999942779541,4.340000152587891,773,LCCINFOTEC,2025-10
2025-10-07 04:00:00+00:00,4.320000171661377,4.320000171661377,4.320000171661377,4.239999771118164,4.25,7630,LCCINFOTEC,2025-10
2025-10-07 04:05:00+00:00,4.300000190734863,4.300000190734863,4.300000190734863,4.25,4.25,2103,LCCINFOTEC,2025-10
2025-10-07 04:10:00+00:00,4.309999942779541,4.309999942779541,4.400000095367432,4.28000020980835,4.28000020980835,8083,LCCINFOTEC,2025-10
2025-10-07 04:15:00+00:00,4.320000171661377,4.320000171661377,4.320000171661377,4.320000171661377,4.320000171661377,0,LCCINFOTEC,2025-10
2025-10-07 04:20:00+00:00,4.309999942779541,4.309999942779541,4.420000076293945,4.309999942779541,4.349999904632568,3277,LCCINFOTEC,2025-10
2025-10-07 04:25:00+00:00,4.449999809265137,4.449999809265137,4.449999809265137,4.449999809265137,4.449999809265137,9694,LCCINFOTEC,2025-10
2025-10-07 04:30:00+00:00,4.429999828338623,4.429999828338623,4.429999828338623,4.429999828338623,4.429999828338623,121,LCCINFOTEC,2025-10
2025-10-07 04:35:00+00:00,4.389999866485596,4.389999866485596,4.429999828338623,4.389999866485596,4.429999828338623,107,LCCINFOTEC,2025-10
2025-10-07 04:40:00+00:00,4.369999885559082,4.369999885559082,4.369999885559082,4.369999885559082,4.369999885559082,51,LCCINFOTEC,2025-10
2025-10-07 04:45:00+00:00,4.389999866485596,4.389999866485596,4.420000076293945,4.28000020980835,4.349999904632568,40684,LCCINFOTEC,2025-10
2025-10-07 04:55:00+00:00,4.349999904632568,4.349999904632568,4.349999904632568,4.289999961853027,4.289999961853027,511,LCCINFOTEC,2025-10
2025-10-07 05:10:00+00:00,4.349999904632568,4.349999904632568,4.349999904632568,4.349999904632568,4.349999904632568,41,LCCINFOTEC,2025-10
2025-10-07 05:15:00+00:00,4.289999961853027,4.289999961853027,4.349999904632568,4.289999961853027,4.349999904632568,553,LCCINFOTEC,2025-10
2025-10-07 05:20:00+00:00,4.340000152587891,4.340000152587891,4.349999904632568,4.289999961853027,4.349999904632568,1635,LCCINFOTEC,2025-10
2025-10-07 05:25:00+00:00,4.289999961853027,4.289999961853027,4.289999961853027,4.289999961853027,4.289999961853027,0,LCCINFOTEC,2025-10
2025-10-07 05:35:00+00:00,4.340000152587891,4.340000152587891,4.340000152587891,4.340000152587891,4.340000152587891,162,LCCINFOTEC,2025-10
2025-10-07 05:40:00+00:00,4.340000152587891,4.340000152587891,4.340000152587891,4.340000152587891,4.340000152587891,30,LCCINFOTEC,2025-10
2025-10-07 05:45:00+00:00,4.349999904632568,4.349999904632568,4.349999904632568,4.340000152587891,4.340000152587891,7557,LCCINFOTEC,2025-10
2025-10-07 05:50:00+00:00,4.389999866485596,4.389999866485596,4.389999866485596,4.329999923706055,4.329999923706055,20132,LCCINFOTEC,2025-10
2025-10-07 06:00:00+00:00,4.289999961853027,4.289999961853027,4.289999961853027,4.289999961853027,4.289999961853027,6857,LCCINFOTEC,2025-10
2025-10-07 06:15:00+00:00,4.360000133514404,4.360000133514404,4.360000133514404,4.360000133514404,4.360000133514404,10,LCCINFOTEC,2025-10
2025-10-07 06:20:00+00:00,4.349999904632568,4.349999904632568,4.349999904632568,4.289999961853027,4.349999904632568,361,LCCINFOTEC,2025-10
2025-10-07 06:25:00+00:00,4.340000152587891,4.340000152587891,4.340000152587891,4.340000152587891,4.340000152587891,50,LCCINFOTEC,2025-10
2025-10-07 06:30:00+00:00,4.349999904632568,4.349999904632568,4.349999904632568,4.289999961853027,4.340000152587891,5931,LCCINFOTEC,2025-10
2025-10-07 06:40:00+00:00,4.690000057220459,4.690000057220459,4.690000057220459,4.369999885559082,4.369999885559082,60323,LCCINFOTEC,2025-10
2025-10-07 06:45:00+00:00,4.550000190734863,4.550000190734863,4.690000057220459,4.550000190734863,4.690000057220459,0,LCCINFOTEC,2025-10
2025-10-07 06:50:00+00:00,4.559999942779541,4.559999942779541,4.559999942779541,4.550000190734863,4.550000190734863,122,LCCINFOTEC,2025-10
2025-10-07 06:55:00+00:00,4.429999828338623,4.429999828338623,4.559999942779541,4.429999828338623,4.559999942779541,19,LCCINFOTEC,2025-10
2025-10-07 07:00:00+00:00,4.429999828338623,4.429999828338623,4.429999828338623,4.420000076293945,4.420000076293945,911,LCCINFOTEC,2025-10
2025-10-07 07:05:00+00:00,4.409999847412109,4.409999847412109,4.550000190734863,4.409999847412109,4.420000076293945,10815,LCCINFOTEC,2025-10
2025-10-07 07:10:00+00:00,4.400000095367432,4.400000095367432,4.400000095367432,4.309999942779541,4.309999942779541,37432,LCCINFOTEC,2025-10
2025-10-07 07:15:00+00:00,4.46999979019165,4.46999979019165,4.489999771118164,4.449999809265137,4.489999771118164,0,LCCINFOTEC,2025-10
2025-10-07 07:20:00+00:00,4.420000076293945,4.420000076293945,4.440000057220459,4.420000076293945,4.440000057220459,0,LCCINFOTEC,2025-10
2025-10-07 07:25:00+00:00,4.440000057220459,4.440000057220459,4.440000057220459,4.440000057220459,4.440000057220459,0,LCCINFOTEC,2025-10
2025-10-07 07:30:00+00:00,4.440000057220459,4.440000057220459,4.440000057220459,4.440000057220459,4.440000057220459,18,LCCINFOTEC,2025-10
2025-10-07 07:35:00+00:00,4.400000095367432,4.400000095367432,4.440000057220459,4.400000095367432,4.440000057220459,194,LCCINFOTEC,2025-10
2025-10-07 07:40:00+00:00,4.440000057220459,4.440000057220459,4.440000057220459,4.440000057220459,4.440000057220459,19664,LCCINFOTEC,2025-10
2025-10-07 07:45:00+00:00,4.480000019073486,4.480000019073486,4.480000019073486,4.480000019073486,4.480000019073486,0,LCCINFOTEC,2025-10
2025-10-07 07:50:00+00:00,4.480000019073486,4.480000019073486,4.480000019073486,4.480000019073486,4.480000019073486,227,LCCINFOTEC,2025-10
2025-10-07 07:55:00+00:00,4.349999904632568,4.349999904632568,4.349999904632568,4.340000152587891,4.340000152587891,485,LCCINFOTEC,2025-10
2025-10-07 08:05:00+00:00,4.340000152587891,4.340000152587891,4.460000038146973,4.340000152587891,4.349999904632568,4947,LCCINFOTEC,2025-10
2025-10-07 08:10:00+00:00,4.449999809265137,4.449999809265137,4.460000038146973,4.380000114440918,4.380000114440918,8727,LCCINFOTEC,2025-10
2025-10-07 08:15:00+00:00,4.389999866485596,4.389999866485596,4.389999866485596,4.389999866485596,4.389999866485596,0,LCCINFOTEC,2025-10
2025-10-07 08:25:00+00:00,4.389999866485596,4.389999866485596,4.449999809265137,4.389999866485596,4.449999809265137,10123,LCCINFOTEC,2025-10
2025-10-07 08:35:00+00:00,4.480000019073486,4.480000019073486,4.480000019073486,4.480000019073486,4.480000019073486,888,LCCINFOTEC,2025-10
2025-10-07 08:40:00+00:00,4.400000095367432,4.400000095367432,4.480000019073486,4.400000095367432,4.480000019073486,0,LCCINFOTEC,2025-10
2025-10-07 08:45:00+00:00,4.46999979019165,4.46999979019165,4.46999979019165,4.46999979019165,4.46999979019165,0,LCCINFOTEC,2025-10
2025-10-07 08:50:00+00:00,4.510000228881836,4.510000228881836,4.559999942779541,4.510000228881836,4.510000228881836,4581,LCCINFOTEC,2025-10
2025-10-07 09:00:00+00:00,4.510000228881836,4.510000228881836,4.510000228881836,4.510000228881836,4.510000228881836,1399,LCCINFOTEC,2025-10
2025-10-07 09:05:00+00:00,4.519999980926514,4.519999980926514,4.53000020980835,4.519999980926514,4.53000020980835,24,LCCINFOTEC,2025-10
2025-10-07 09:10:00+00:00,4.400000095367432,4.400000095367432,4.519999980926514,4.400000095367432,4.519999980926514,4418,LCCINFOTEC,2025-10
2025-10-07 09:25:00+00:00,4.409999847412109,4.409999847412109,4.409999847412109,4.409999847412109,4.409999847412109,1830,LCCINFOTEC,2025-10
2025-10-07 09:30:00+00:00,4.409999847412109,4.409999847412109,4.409999847412109,4.409999847412109,4.409999847412109,90,LCCINFOTEC,2025-10
2025-10-07 09:35:00+00:00,4.409999847412109,4.409999847412109,4.409999847412109,4.409999847412109,4.409999847412109,310,LCCINFOTEC,2025-10
2025-10-07 09:40:00+00:00,4.380000114440918,4.380000114440918,4.400000095367432,4.380000114440918,4.400000095367432,11089,LCCINFOTEC,2025-10
2025-10-07 09:45:00+00:00,4.409999847412109,4.409999847412109,4.409999847412109,4.409999847412109,4.409999847412109,54,LCCINFOTEC,2025-10
2025-10-07 09:55:00+00:00,4.389999866485596,4.389999866485596,4.389999866485596,4.360000133514404,4.360000133514404,1087,LCCINFOTEC,2025-10
2025-10-08 03:45:00+00:00,4.289999961853027,4.289999961853027,4.289999961853027,4.289999961853027,4.289999961853027,0,LCCINFOTEC,2025-10
2025-10-08 03:55:00+00:00,4.389999866485596,4.389999866485596,4.389999866485596,4.389999866485596,4.389999866485596,1732,LCCINFOTEC,2025-10
2025-10-08 04:00:00+00:00,4.570000171661377,4.570000171661377,4.579999923706055,4.389999866485596,4.449999809265137,879,LCCINFOTEC,2025-10
2025-10-08 04:05:00+00:00,4.510000228881836,4.510000228881836,4.539999961853027,4.510000228881836,4.539999961853027,3774,LCCINFOTEC,2025-10
2025-10-08 04:10:00+00:00,4.340000152587891,4.340000152587891,4.340000152587891,4.329999923706055,4.329999923706055,0,LCCINFOTEC,2025-10
2025-10-08 04:15:00+00:00,4.46999979019165,4.46999979019165,4.46999979019165,4.340000152587891,4.340000152587891,981,LCCINFOTEC,2025-10
2025-10-08 04:20:00+00:00,4.449999809265137,4.449999809265137,4.460000038146973,4.449999809265137,4.460000038146973,0,LCCINFOTEC,2025-10
2025-10-08 04:25:00+00:00,4.440000057220459,4.440000057220459,4.440000057220459,4.440000057220459,4.440000057220459,44,LCCINFOTEC,2025-10
2025-10-08 04:35:00+00:00,4.440000057220459,4.440000057220459,4.440000057220459,4.440000057220459,4.440000057220459,2,LCCINFOTEC,2025-10
2025-10-08 04:45:00+00:00,4.440000057220459,4.440000057220459,4.440000057220459,4.440000057220459,4.440000057220459,195,LCCINFOTEC,2025-10
2025-10-08 04:50:00+00:00,4.389999866485596,4.389999866485596,4.389999866485596,4.389999866485596,4.389999866485596,23,LCCINFOTEC,2025-10
2025-10-08 04:55:00+00:00,4.389999866485596,4.389999866485596,4.389999866485596,4.389999866485596,4.389999866485596,72,LCCINFOTEC,2025-10
2025-10-08 05:05:00+00:00,4.429999828338623,4.429999828338623,4.429999828338623,4.429999828338623,4.429999828338623,313,LCCINFOTEC,2025-10
2025-10-08 05:10:00+00:00,4.349999904632568,4.349999904632568,4.349999904632568,4.349999904632568,4.349999904632568,1177,LCCINFOTEC,2025-10
2025-10-08 05:15:00+00:00,4.360000133514404,4.360000133514404,4.360000133514404,4.360000133514404,4.360000133514404,0,LCCINFOTEC,2025-10
2025-10-08 05:20:00+00:00,4.349999904632568,4.349999904632568,4.349999904632568,4.349999904632568,4.349999904632568,4421,LCCINFOTEC,2025-10
2025-10-08 05:30:00+00:00,4.360000133514404,4.360000133514404,4.360000133514404,4.360000133514404,4.360000133514404,0,LCCINFOTEC,2025-10
2025-10-08 05:35:00+00:00,4.360000133514404,4.360000133514404,4.360000133514404,4.360000133514404,4.360000133514404,88,LCCINFOTEC,2025-10
2025-10-08 05:40:00+00:00,4.349999904632568,4.349999904632568,4.360000133514404,4.320000171661377,4.360000133514404,248,LCCINFOTEC,2025-10
2025-10-08 05:45:00+00:00,4.349999904632568,4.349999904632568,4.349999904632568,4.349999904632568,4.349999904632568,6,LCCINFOTEC,2025-10
2025-10-08 05:50:00+00:00,4.309999942779541,4.309999942779541,4.309999942779541,4.309999942779541,4.309999942779541,302,LCCINFOTEC,2025-10
2025-10-08 05:55:00+00:00,4.309999942779541,4.309999942779541,4.309999942779541,4.309999942779541,4.309999942779541,205,LCCINFOTEC,2025-10
2025-10-08 06:00:00+00:00,4.309999942779541,4.309999942779541,4.309999942779541,4.309999942779541,4.309999942779541,0,LCCINFOTEC,2025-10
2025-10-08 06:15:00+00:00,4.360000133514404,4.360000133514404,4.360000133514404,4.360000133514404,4.360000133514404,847,LCCINFOTEC,2025-10
2025-10-08 06:20:00+00:00,4.360000133514404,4.360000133514404,4.360000133514404,4.360000133514404,4.360000133514404,200,LCCINFOTEC,2025-10
2025-10-08 06:25:00+00:00,4.380000114440918,4.380000114440918,4.380000114440918,4.360000133514404,4.360000133514404,550,LCCINFOTEC,2025-10
2025-10-08 06:30:00+00:00,4.309999942779541,4.309999942779541,4.380000114440918,4.309999942779541,4.380000114440918,1572,LCCINFOTEC,2025-10
2025-10-08 06:40:00+00:00,4.320000171661377,4.320000171661377,4.320000171661377,4.320000171661377,4.320000171661377,118,LCCINFOTEC,2025-10
2025-10-08 06:50:00+00:00,4.320000171661377,4.320000171661377,4.320000171661377,4.320000171661377,4.320000171661377,250,LCCINFOTEC,2025-10
2025-10-08 07:05:00+00:00,4.380000114440918,4.380000114440918,4.380000114440918,4.380000114440918,4.380000114440918,100,LCCINFOTEC,2025-10
2025-10-08 07:10:00+00:00,4.380000114440918,4.380000114440918,4.380000114440918,4.380000114440918,4.380000114440918,8,LCCINFOTEC,2025-10
2025-10-08 07:25:00+00:00,4.380000114440918,4.380000114440918,4.380000114440918,4.380000114440918,4.380000114440918,4199,LCCINFOTEC,2025-10
2025-10-08 07:30:00+00:00,4.349999904632568,4.349999904632568,4.349999904632568,4.349999904632568,4.349999904632568,0,LCCINFOTEC,2025-10
2025-10-08 07:35:00+00:00,4.360000133514404,4.360000133514404,4.360000133514404,4.360000133514404,4.360000133514404,0,LCCINFOTEC,2025-10
2025-10-08 07:40:00+00:00,4.400000095367432,4.400000095367432,4.400000095367432,4.400000095367432,4.400000095367432,900,LCCINFOTEC,2025-10
2025-10-08 07:45:00+00:00,4.409999847412109,4.409999847412109,4.409999847412109,4.409999847412109,4.409999847412109,0,LCCINFOTEC,2025-10
2025-10-08 07:50:00+00:00,4.360000133514404,4.360000133514404,4.360000133514404,4.360000133514404,4.360000133514404,230,LCCINFOTEC,2025-10
2025-10-08 08:00:00+00:00,4.360000133514404,4.360000133514404,4.360000133514404,4.360000133514404,4.360000133514404,75,LCCINFOTEC,2025-10
2025-10-08 08:15:00+00:00,4.360000133514404,4.360000133514404,4.400000095367432,4.360000133514404,4.400000095367432,123,LCCINFOTEC,2025-10
2025-10-08 08:20:00+00:00,4.400000095367432,4.400000095367432,4.400000095367432,4.400000095367432,4.400000095367432,200,LCCINFOTEC,2025-10
2025-10-08 08:40:00+00:00,4.400000095367432,4.400000095367432,4.400000095367432,4.400000095367432,4.400000095367432,232,LCCINFOTEC,2025-10
2025-10-08 08:45:00+00:00,4.409999847412109,4.409999847412109,4.409999847412109,4.400000095367432,4.400000095367432,492,LCCINFOTEC,2025-10
2025-10-08 08:55:00+00:00,4.400000095367432,4.400000095367432,4.409999847412109,4.400000095367432,4.409999847412109,200,LCCINFOTEC,2025-10
2025-10-08 09:00:00+00:00,4.429999828338623,4.429999828338623,4.429999828338623,4.409999847412109,4.409999847412109,411,LCCINFOTEC,2025-10
2025-10-08 09:05:00+00:00,4.460000038146973,4.460000038146973,4.460000038146973,4.460000038146973,4.460000038146973,0,LCCINFOTEC,2025-10
2025-10-08 09:15:00+00:00,4.519999980926514,4.519999980926514,4.519999980926514,4.519999980926514,4.519999980926514,11203,LCCINFOTEC,2025-10
2025-10-08 09:20:00+00:00,4.460000038146973,4.460000038146973,4.460000038146973,4.460000038146973,4.460000038146973,0,LCCINFOTEC,2025-10
2025-10-08 09:25:00+00:00,4.380000114440918,4.380000114440918,4.380000114440918,4.380000114440918,4.380000114440918,350,LCCINFOTEC,2025-10
2025-10-08 09:30:00+00:00,4.369999885559082,4.369999885559082,4.369999885559082,4.369999885559082,4.369999885559082,676,LCCINFOTEC,2025-10
2025-10-08 09:35:00+00:00,4.409999847412109,4.409999847412109,4.409999847412109,4.409999847412109,4.409999847412109,0,LCCINFOTEC,2025-10
2025-10-08 09:40:00+00:00,4.489999771118164,4.489999771118164,4.489999771118164,4.409999847412109,4.409999847412109,38,LCCINFOTEC,2025-10
2025-10-08 09:45:00+00:00,4.489999771118164,4.489999771118164,4.489999771118164,4.489999771118164,4.489999771118164,70,LCCINFOTEC,2025-10
2025-10-08 09:55:00+00:00,4.46999979019165,4.46999979019165,4.489999771118164,4.409999847412109,4.409999847412109,2931,LCCINFOTEC,2025-10
2025-10-09 03:45:00+00:00,4.590000152587891,4.590000152587891,4.590000152587891,4.590000152587891,4.590000152587891,0,LCCINFOTEC,2025-10
2025-10-09 03:50:00+00:00,4.309999942779541,4.309999942779541,4.579999923706055,4.309999942779541,4.579999923706055,4778,LCCINFOTEC,2025-10
2025-10-09 03:55:00+00:00,4.449999809265137,4.449999809265137,4.449999809265137,4.309999942779541,4.449999809265137,171,LCCINFOTEC,2025-10
2025-10-09 04:00:00+00:00,4.309999942779541,4.309999942779541,4.5,4.309999942779541,4.5,3551,LCCINFOTEC,2025-10
2025-10-09 04:05:00+00:00,4.480000019073486,4.480000019073486,4.480000019073486,4.309999942779541,4.309999942779541,0,LCCINFOTEC,2025-10
2025-10-09 04:20:00+00:00,4.460000038146973,4.460000038146973,4.460000038146973,4.460000038146973,4.460000038146973,88,LCCINFOTEC,2025-10
2025-10-09 04:25:00+00:00,4.449999809265137,4.449999809265137,4.449999809265137,4.349999904632568,4.349999904632568,70,LCCINFOTEC,2025-10
2025-10-09 04:30:00+00:00,4.400000095367432,4.400000095367432,4.400000095367432,4.400000095367432,4.400000095367432,3084,LCCINFOTEC,2025-10
2025-10-09 04:35:00+00:00,4.400000095367432,4.400000095367432,4.400000095367432,4.400000095367432,4.400000095367432,1084,LCCINFOTEC,2025-10
2025-10-09 04:40:00+00:00,4.340000152587891,4.340000152587891,4.340000152587891,4.340000152587891,4.340000152587891,74,LCCINFOTEC,2025-10
2025-10-09 04:45:00+00:00,4.329999923706055,4.329999923706055,4.340000152587891,4.329999923706055,4.340000152587891,1108,LCCINFOTEC,2025-10
2025-10-09 04:50:00+00:00,4.329999923706055,4.329999923706055,4.329999923706055,4.329999923706055,4.329999923706055,914,LCCINFOTEC,2025-10
2025-10-09 04:55:00+00:00,4.329999923706055,4.329999923706055,4.369999885559082,4.329999923706055,4.369999885559082,55,LCCINFOTEC,2025-10
2025-10-09 05:00:00+00:00,4.329999923706055,4.329999923706055,4.329999923706055,4.329999923706055,4.329999923706055,3753,LCCINFOTEC,2025-10
2025-10-09 05:05:00+00:00,4.329999923706055,4.329999923706055,4.329999923706055,4.329999923706055,4.329999923706055,0,LCCINFOTEC,2025-10
2025-10-09 05:20:00+00:00,4.380000114440918,4.380000114440918,4.380000114440918,4.380000114440918,4.380000114440918,1864,LCCINFOTEC,2025-10
2025-10-09 05:25:00+00:00,4.349999904632568,4.349999904632568,4.349999904632568,4.349999904632568,4.349999904632568,0,LCCINFOTEC,2025-10
2025-10-09 05:35:00+00:00,4.349999904632568,4.349999904632568,4.349999904632568,4.349999904632568,4.349999904632568,200,LCCINFOTEC,2025-10
2025-10-09 05:50:00+00:00,4.320000171661377,4.320000171661377,4.380000114440918,4.320000171661377,4.380000114440918,475,LCCINFOTEC,2025-10
2025-10-09 05:55:00+00:00,4.380000114440918,4.380000114440918,4.380000114440918,4.380000114440918,4.380000114440918,0,LCCINFOTEC,2025-10
2025-10-09 06:00:00+00:00,4.320000171661377,4.320000171661377,4.320000171661377,4.320000171661377,4.320000171661377,36,LCCINFOTEC,2025-10
2025-10-09 06:05:00+00:00,4.320000171661377,4.320000171661377,4.320000171661377,4.320000171661377,4.320000171661377,1147,LCCINFOTEC,2025-10
2025-10-09 06:10:00+00:00,4.320000171661377,4.320000171661377,4.320000171661377,4.320000171661377,4.320000171661377,0,LCCINFOTEC,2025-10
2025-10-09 06:15:00+00:00,4.349999904632568,4.349999904632568,4.349999904632568,4.349999904632568,4.349999904632568,106,LCCINFOTEC,2025-10
2025-10-09 06:20:00+00:00,4.400000095367432,4.400000095367432,4.400000095367432,4.349999904632568,4.349999904632568,1767,LCCINFOTEC,2025-10
2025-10-09 06:25:00+00:00,4.349999904632568,4.349999904632568,4.349999904632568,4.349999904632568,4.349999904632568,98,LCCINFOTEC,2025-10
2025-10-09 06:30:00+00:00,4.349999904632568,4.349999904632568,4.349999904632568,4.349999904632568,4.349999904632568,0,LCCINFOTEC,2025-10
2025-10-09 06:35:00+00:00,4.400000095367432,4.400000095367432,4.400000095367432,4.400000095367432,4.400000095367432,499,LCCINFOTEC,2025-10
2025-10-09 06:45:00+00:00,4.349999904632568,4.349999904632568,4.380000114440918,4.349999904632568,4.380000114440918,125,LCCINFOTEC,2025-10
2025-10-09 07:00:00+00:00,4.349999904632568,4.349999904632568,4.389999866485596,4.349999904632568,4.349999904632568,620,LCCINFOTEC,2025-10
2025-10-09 07:05:00+00:00,4.400000095367432,4.400000095367432,4.400000095367432,4.389999866485596,4.389999866485596,376,LCCINFOTEC,2025-10
2025-10-09 07:10:00+00:00,4.400000095367432,4.400000095367432,4.400000095367432,4.400000095367432,4.400000095367432,360,LCCINFOTEC,2025-10
2025-10-09 07:20:00+00:00,4.349999904632568,4.349999904632568,4.349999904632568,4.349999904632568,4.349999904632568,400,LCCINFOTEC,2025-10
2025-10-09 07:25:00+00:00,4.380000114440918,4.380000114440918,4.380000114440918,4.380000114440918,4.380000114440918,0,LCCINFOTEC,2025-10
2025-10-09 07:30:00+00:00,4.309999942779541,4.309999942779541,4.389999866485596,4.309999942779541,4.320000171661377,3042,LCCINFOTEC,2025-10
2025-10-09 07:40:00+00:00,4.389999866485596,4.389999866485596,4.389999866485596,4.389999866485596,4.389999866485596,9,LCCINFOTEC,2025-10
2025-10-09 07:50:00+00:00,4.389999866485596,4.389999866485596,4.389999866485596,4.309999942779541,4.389999866485596,7123,LCCINFOTEC,2025-10
2025-10-09 07:55:00+00:00,4.320000171661377,4.320000171661377,4.369999885559082,4.320000171661377,4.369999885559082,877,LCCINFOTEC,2025-10
2025-10-09 08:00:00+00:00,4.320000171661377,4.320000171661377,4.320000171661377,4.320000171661377,4.320000171661377,90,LCCINFOTEC,2025-10
2025-10-09 08:05:00+00:00,4.389999866485596,4.389999866485596,4.389999866485596,4.389999866485596,4.389999866485596,0,LCCINFOTEC,2025-10
2025-10-09 08:10:00+00:00,4.389999866485596,4.389999866485596,4.389999866485596,4.389999866485596,4.389999866485596,10000,LCCINFOTEC,2025-10
2025-10-09 08:20:00+00:00,4.5,4.5,4.5,4.389999866485596,4.389999866485596,2376,LCCINFOTEC,2025-10
2025-10-09 08:25:00+00:00,4.5,4.5,4.5,4.5,4.5,0,LCCINFOTEC,2025-10
2025-10-09 08:40:00+00:00,4.420000076293945,4.420000076293945,4.420000076293945,4.420000076293945,4.420000076293945,2335,LCCINFOTEC,2025-10
2025-10-09 08:50:00+00:00,4.46999979019165,4.46999979019165,4.46999979019165,4.46999979019165,4.46999979019165,0,LCCINFOTEC,2025-10
2025-10-09 08:55:00+00:00,4.5,4.5,4.5,4.5,4.5,51409,LCCINFOTEC,2025-10
2025-10-09 09:00:00+00:00,4.519999980926514,4.519999980926514,4.639999866485596,4.46999979019165,4.639999866485596,0,LCCINFOTEC,2025-10
2025-10-09 09:05:00+00:00,4.519999980926514,4.519999980926514,4.539999961853027,4.519999980926514,4.519999980926514,5347,LCCINFOTEC,2025-10
2025-10-09 09:10:00+00:00,4.519999980926514,4.519999980926514,4.519999980926514,4.519999980926514,4.519999980926514,3782,LCCINFOTEC,2025-10
2025-10-09 09:15:00+00:00,4.429999828338623,4.429999828338623,4.519999980926514,4.429999828338623,4.519999980926514,0,LCCINFOTEC,2025-10
2025-10-09 09:25:00+00:00,4.510000228881836,4.510000228881836,4.510000228881836,4.510000228881836,4.510000228881836,2,LCCINFOTEC,2025-10
2025-10-09 09:30:00+00:00,4.440000057220459,4.440000057220459,4.510000228881836,4.440000057220459,4.510000228881836,111,LCCINFOTEC,2025-10
2025-10-09 09:35:00+00:00,4.510000228881836,4.510000228881836,4.510000228881836,4.510000228881836,4.510000228881836,43,LCCINFOTEC,2025-10
2025-10-09 09:40:00+00:00,4.510000228881836,4.510000228881836,4.510000228881836,4.440000057220459,4.440000057220459,21,LCCINFOTEC,2025-10
2025-10-09 09:45:00+00:00,4.440000057220459,4.440000057220459,4.510000228881836,4.440000057220459,4.510000228881836,481,LCCINFOTEC,2025-10
2025-10-09 09:50:00+00:00,4.449999809265137,4.449999809265137,4.449999809265137,4.449999809265137,4.449999809265137,384,LCCINFOTEC,2025-10
2025-10-09 09:55:00+00:00,4.449999809265137,4.449999809265137,4.510000228881836,4.449999809265137,4.449999809265137,107,LCCINFOTEC,2025-10
2025-10-10 03:45:00+00:00,4.449999809265137,4.449999809265137,4.449999809265137,4.449999809265137,4.449999809265137,200,LCCINFOTEC,2025-10
2025-10-10 03:50:00+00:00,4.440000057220459,4.440000057220459,4.440000057220459,4.329999923706055,4.329999923706055,0,LCCINFOTEC,2025-10
2025-10-10 03:55:00+00:00,4.5,4.5,4.5,4.440000057220459,4.440000057220459,593,LCCINFOTEC,2025-10
2025-10-10 04:00:00+00:00,4.510000228881836,4.510000228881836,4.510000228881836,4.489999771118164,4.489999771118164,985,LCCINFOTEC,2025-10
2025-10-10 04:05:00+00:00,4.46999979019165,4.46999979019165,4.46999979019165,4.46999979019165,4.46999979019165,44,LCCINFOTEC,2025-10
2025-10-10 04:10:00+00:00,4.360000133514404,4.360000133514404,4.360000133514404,4.360000133514404,4.360000133514404,1498,LCCINFOTEC,2025-10
2025-10-10 04:20:00+00:00,4.369999885559082,4.369999885559082,4.369999885559082,4.369999885559082,4.369999885559082,0,LCCINFOTEC,2025-10
2025-10-10 04:25:00+00:00,4.420000076293945,4.420000076293945,4.420000076293945,4.369999885559082,4.369999885559082,0,LCCINFOTEC,2025-10
2025-10-10 04:30:00+00:00,4.429999828338623,4.429999828338623,4.429999828338623,4.420000076293945,4.420000076293945,256,LCCINFOTEC,2025-10
2025-10-10 04:35:00+00:00,4.420000076293945,4.420000076293945,4.420000076293945,4.420000076293945,4.420000076293945,922,LCCINFOTEC,2025-10
2025-10-10 04:45:00+00:00,4.409999847412109,4.409999847412109,4.409999847412109,4.369999885559082,4.369999885559082,5097,LCCINFOTEC,2025-10
2025-10-10 04:50:00+00:00,4.400000095367432,4.400000095367432,4.400000095367432,4.400000095367432,4.400000095367432,1464,LCCINFOTEC,2025-10
2025-10-10 04:55:00+00:00,4.400000095367432,4.400000095367432,4.420000076293945,4.400000095367432,4.420000076293945,6,LCCINFOTEC,2025-10
2025-10-10 05:15:00+00:00,4.400000095367432,4.400000095367432,4.429999828338623,4.400000095367432,4.429999828338623,2025,LCCINFOTEC,2025-10
2025-10-10 05:20:00+00:00,4.400000095367432,4.400000095367432,4.400000095367432,4.400000095367432,4.400000095367432,0,LCCINFOTEC,2025-10
2025-10-10 05:25:00+00:00,4.460000038146973,4.460000038146973,4.46999979019165,4.400000095367432,4.400000095367432,1260,LCCINFOTEC,2025-10
2025-10-10 05:30:00+00:00,4.460000038146973,4.460000038146973,4.460000038146973,4.460000038146973,4.460000038146973,19,LCCINFOTEC,2025-10
2025-10-10 05:35:00+00:00,4.460000038146973,4.460000038146973,4.460000038146973,4.460000038146973,4.460000038146973,140,LCCINFOTEC,2025-10
2025-10-10 05:50:00+00:00,4.460000038146973,4.460000038146973,4.460000038146973,4.460000038146973,4.460000038146973,10,LCCINFOTEC,2025-10
2025-10-10 05:55:00+00:00,4.460000038146973,4.460000038146973,4.460000038146973,4.460000038146973,4.460000038146973,4,LCCINFOTEC,2025-10
2025-10-10 06:00:00+00:00,4.460000038146973,4.460000038146973,4.460000038146973,4.460000038146973,4.460000038146973,67,LCCINFOTEC,2025-10
2025-10-10 06:05:00+00:00,4.460000038146973,4.460000038146973,4.46999979019165,4.460000038146973,4.460000038146973,1209,LCCINFOTEC,2025-10
2025-10-10 06:10:00+00:00,4.460000038146973,4.460000038146973,4.460000038146973,4.460000038146973,4.460000038146973,0,LCCINFOTEC,2025-10
2025-10-10 06:15:00+00:00,4.449999809265137,4.449999809265137,4.460000038146973,4.449999809265137,4.460000038146973,123,LCCINFOTEC,2025-10
2025-10-10 06:20:00+00:00,4.449999809265137,4.449999809265137,4.449999809265137,4.449999809265137,4.449999809265137,0,LCCINFOTEC,2025-10
2025-10-10 06:25:00+00:00,4.409999847412109,4.409999847412109,4.409999847412109,4.409999847412109,4.409999847412109,1637,LCCINFOTEC,2025-10
2025-10-10 06:30:00+00:00,4.409999847412109,4.409999847412109,4.409999847412109,4.409999847412109,4.409999847412109,495,LCCINFOTEC,2025-10
2025-10-10 06:40:00+00:00,4.409999847412109,4.409999847412109,4.409999847412109,4.409999847412109,4.409999847412109,1019,LCCINFOTEC,2025-10
2025-10-10 06:50:00+00:00,4.409999847412109,4.409999847412109,4.409999847412109,4.409999847412109,4.409999847412109,200,LCCINFOTEC,2025-10
2025-10-10 06:55:00+00:00,4.409999847412109,4.409999847412109,4.409999847412109,4.409999847412109,4.409999847412109,3083,LCCINFOTEC,2025-10
2025-10-10 07:00:00+00:00,4.409999847412109,4.409999847412109,4.409999847412109,4.409999847412109,4.409999847412109,0,LCCINFOTEC,2025-10
2025-10-10 07:05:00+00:00,4.440000057220459,4.440000057220459,4.440000057220459,4.440000057220459,4.440000057220459,160,LCCINFOTEC,2025-10
2025-10-10 07:10:00+00:00,4.420000076293945,4.420000076293945,4.420000076293945,4.420000076293945,4.420000076293945,1327,LCCINFOTEC,2025-10
2025-10-10 07:15:00+00:00,4.420000076293945,4.420000076293945,4.420000076293945,4.420000076293945,4.420000076293945,0,LCCINFOTEC,2025-10
2025-10-10 07:20:00+00:00,4.420000076293945,4.420000076293945,4.420000076293945,4.420000076293945,4.420000076293945,0,LCCINFOTEC,2025-10
2025-10-10 07:25:00+00:00,4.429999828338623,4.429999828338623,4.429999828338623,4.420000076293945,4.420000076293945,64,LCCINFOTEC,2025-10
2025-10-10 07:30:00+00:00,4.420000076293945,4.420000076293945,4.429999828338623,4.420000076293945,4.429999828338623,898,LCCINFOTEC,2025-10
2025-10-10 07:35:00+00:00,4.429999828338623,4.429999828338623,4.429999828338623,4.429999828338623,4.429999828338623,0,LCCINFOTEC,2025-10
2025-10-10 07:40:00+00:00,4.420000076293945,4.420000076293945,4.429999828338623,4.420000076293945,4.429999828338623,602,LCCINFOTEC,2025-10
2025-10-10 07:45:00+00:00,4.440000057220459,4.440000057220459,4.440000057220459,4.440000057220459,4.440000057220459,348,LCCINFOTEC,2025-10
2025-10-10 07:50:00+00:00,4.440000057220459,4.440000057220459,4.440000057220459,4.440000057220459,4.440000057220459,0,LCCINFOTEC,2025-10
2025-10-10 07:55:00+00:00,4.440000057220459,4.440000057220459,4.440000057220459,4.440000057220459,4.440000057220459,100,LCCINFOTEC,2025-10
2025-10-10 08:00:00+00:00,4.420000076293945,4.420000076293945,4.420000076293945,4.420000076293945,4.420000076293945,0,LCCINFOTEC,2025-10
2025-10-10 08:05:00+00:00,4.440000057220459,4.440000057220459,4.440000057220459,4.440000057220459,4.440000057220459,1000,LCCINFOTEC,2025-10
2025-10-10 08:10:00+00:00,4.420000076293945,4.420000076293945,4.440000057220459,4.420000076293945,4.440000057220459,333,LCCINFOTEC,2025-10
2025-10-10 08:25:00+00:00,4.440000057220459,4.440000057220459,4.440000057220459,4.440000057220459,4.440000057220459,233,LCCINFOTEC,2025-10
2025-10-10 08:30:00+00:00,4.440000057220459,4.440000057220459,4.440000057220459,4.440000057220459,4.440000057220459,100,LCCINFOTEC,2025-10
2025-10-10 08:40:00+00:00,4.420000076293945,4.420000076293945,4.420000076293945,4.420000076293945,4.420000076293945,1142,LCCINFOTEC,2025-10
2025-10-10 08:50:00+00:00,4.420000076293945,4.420000076293945,4.420000076293945,4.420000076293945,4.420000076293945,4,LCCINFOTEC,2025-10
2025-10-10 08:55:00+00:00,4.400000095367432,4.400000095367432,4.400000095367432,4.400000095367432,4.400000095367432,18,LCCINFOTEC,2025-10
2025-10-10 09:00:00+00:00,4.400000095367432,4.400000095367432,4.400000095367432,4.400000095367432,4.400000095367432,490,LCCINFOTEC,2025-10
2025-10-10 09:10:00+00:00,4.409999847412109,4.409999847412109,4.409999847412109,4.400000095367432,4.400000095367432,203,LCCINFOTEC,2025-10
2025-10-10 09:15:00+00:00,4.400000095367432,4.400000095367432,4.400000095367432,4.400000095367432,4.400000095367432,99,LCCINFOTEC,2025-10
2025-10-10 09:20:00+00:00,4.400000095367432,4.400000095367432,4.420000076293945,4.400000095367432,4.420000076293945,108,LCCINFOTEC,2025-10
2025-10-10 09:25:00+00:00,4.329999923706055,4.329999923706055,4.400000095367432,4.329999923706055,4.400000095367432,15000,LCCINFOTEC,2025-10
2025-10-10 09:35:00+00:00,4.409999847412109,4.409999847412109,4.409999847412109,4.409999847412109,4.409999847412109,50,LCCINFOTEC,2025-10
2025-10-10 09:40:00+00:00,4.340000152587891,4.340000152587891,4.340000152587891,4.340000152587891,4.340000152587891,1139,LCCINFOTEC,2025-10
2025-10-10 09:45:00+00:00,4.400000095367432,4.400000095367432,4.400000095367432,4.400000095367432,4.400000095367432,99,LCCINFOTEC,2025-10
2025-10-10 09:50:00+00:00,4.400000095367432,4.400000095367432,4.400000095367432,4.400000095367432,4.400000095367432,0,LCCINFOTEC,2025-10
2025-10-10 09:55:00+00:00,4.400000095367432,4.400000095367432,4.400000095367432,4.349999904632568,4.380000114440918,405,LCCINFOTEC,2025-10
2025-10-13 03:45:00+00:00,4.230000019073486,4.230000019073486,4.309999942779541,4.21999979019165,4.309999942779541,0,LCCINFOTEC,2025-10
2025-10-13 03:50:00+00:00,4.309999942779541,4.309999942779541,4.309999942779541,4.230000019073486,4.239999771118164,6066,LCCINFOTEC,2025-10
2025-10-13 03:55:00+00:00,4.25,4.25,4.25,4.25,4.25,94,LCCINFOTEC,2025-10
2025-10-13 04:00:00+00:00,4.340000152587891,4.340000152587891,4.340000152587891,4.25,4.340000152587891,192,LCCINFOTEC,2025-10
2025-10-13 04:05:00+00:00,4.329999923706055,4.329999923706055,4.340000152587891,4.329999923706055,4.340000152587891,462,LCCINFOTEC,2025-10
2025-10-13 04:10:00+00:00,4.260000228881836,4.260000228881836,4.329999923706055,4.260000228881836,4.329999923706055,0,LCCINFOTEC,2025-10
2025-10-13 04:15:00+00:00,4.260000228881836,4.260000228881836,4.260000228881836,4.25,4.260000228881836,428,LCCINFOTEC,2025-10
2025-10-13 04:25:00+00:00,4.260000228881836,4.260000228881836,4.260000228881836,4.260000228881836,4.260000228881836,82,LCCINFOTEC,2025-10
2025-10-13 04:30:00+00:00,4.260000228881836,4.260000228881836,4.260000228881836,4.260000228881836,4.260000228881836,0,LCCINFOTEC,2025-10
2025-10-13 04:35:00+00:00,4.340000152587891,4.340000152587891,4.340000152587891,4.329999923706055,4.329999923706055,2636,LCCINFOTEC,2025-10
2025-10-13 04:40:00+00:00,4.340000152587891,4.340000152587891,4.340000152587891,4.340000152587891,4.340000152587891,0,LCCINFOTEC,2025-10
2025-10-13 04:45:00+00:00,4.340000152587891,4.340000152587891,4.340000152587891,4.340000152587891,4.340000152587891,0,LCCINFOTEC,2025-10
2025-10-13 05:00:00+00:00,4.329999923706055,4.329999923706055,4.329999923706055,4.329999923706055,4.329999923706055,120,LCCINFOTEC,2025-10
2025-10-13 05:05:00+00:00,4.260000228881836,4.260000228881836,4.260000228881836,4.260000228881836,4.260000228881836,351,LCCINFOTEC,2025-10
2025-10-13 05:10:00+00:00,4.260000228881836,4.260000228881836,4.260000228881836,4.260000228881836,4.260000228881836,0,LCCINFOTEC,2025-10
2025-10-13 05:15:00+00:00,4.260000228881836,4.260000228881836,4.260000228881836,4.260000228881836,4.260000228881836,2,LCCINFOTEC,2025-10
2025-10-13 05:20:00+00:00,4.260000228881836,4.260000228881836,4.260000228881836,4.260000228881836,4.260000228881836,689,LCCINFOTEC,2025-10
2025-10-13 05:25:00+00:00,4.329999923706055,4.329999923706055,4.329999923706055,4.329999923706055,4.329999923706055,200,LCCINFOTEC,2025-10
2025-10-13 05:30:00+00:00,4.329999923706055,4.329999923706055,4.329999923706055,4.269999980926514,4.269999980926514,171,LCCINFOTEC,2025-10
2025-10-13 05:40:00+00:00,4.269999980926514,4.269999980926514,4.269999980926514,4.269999980926514,4.269999980926514,10,LCCINFOTEC,2025-10
2025-10-13 05:50:00+00:00,4.269999980926514,4.269999980926514,4.269999980926514,4.269999980926514,4.269999980926514,1000,LCCINFOTEC,2025-10
2025-10-13 06:00:00+00:00,4.329999923706055,4.329999923706055,4.329999923706055,4.329999923706055,4.329999923706055,0,LCCINFOTEC,2025-10
2025-10-13 06:05:00+00:00,4.329999923706055,4.329999923706055,4.329999923706055,4.329999923706055,4.329999923706055,990,LCCINFOTEC,2025-10
2025-10-13 06:15:00+00:00,4.329999923706055,4.329999923706055,4.329999923706055,4.329999923706055,4.329999923706055,1520,LCCINFOTEC,2025-10
2025-10-13 06:55:00+00:00,4.300000190734863,4.300000190734863,4.300000190734863,4.300000190734863,4.300000190734863,228,LCCINFOTEC,2025-10
2025-10-13 07:00:00+00:00,4.300000190734863,4.300000190734863,4.329999923706055,4.300000190734863,4.329999923706055,865,LCCINFOTEC,2025-10
2025-10-13 07:10:00+00:00,4.269999980926514,4.269999980926514,4.320000171661377,4.269999980926514,4.320000171661377,3449,LCCINFOTEC,2025-10
2025-10-13 07:20:00+00:00,4.320000171661377,4.320000171661377,4.320000171661377,4.320000171661377,4.320000171661377,0,LCCINFOTEC,2025-10
2025-10-13 07:25:00+00:00,4.320000171661377,4.320000171661377,4.320000171661377,4.320000171661377,4.320000171661377,22,LCCINFOTEC,2025-10
2025-10-13 07:30:00+00:00,4.320000171661377,4.320000171661377,4.320000171661377,4.320000171661377,4.320000171661377,192,LCCINFOTEC,2025-10
2025-10-13 07:40:00+00:00,4.269999980926514,4.269999980926514,4.269999980926514,4.269999980926514,4.269999980926514,300,LCCINFOTEC,2025-10
2025-10-13 07:55:00+00:00,4.289999961853027,4.289999961853027,4.289999961853027,4.289999961853027,4.289999961853027,343,LCCINFOTEC,2025-10
2025-10-13 08:00:00+00:00,4.320000171661377,4.320000171661377,4.320000171661377,4.320000171661377,4.320000171661377,1658,LCCINFOTEC,2025-10
2025-10-13 08:05:00+00:00,4.320000171661377,4.320000171661377,4.320000171661377,4.320000171661377,4.320000171661377,0,LCCINFOTEC,2025-10
2025-10-13 08:10:00+00:00,4.380000114440918,4.380000114440918,4.380000114440918,4.320000171661377,4.320000171661377,33654,LCCINFOTEC,2025-10
2025-10-13 08:15:00+00:00,4.510000228881836,4.510000228881836,4.510000228881836,4.329999923706055,4.329999923706055,1100,LCCINFOTEC,2025-10
2025-10-13 08:20:00+00:00,4.449999809265137,4.449999809265137,4.46999979019165,4.300000190734863,4.300000190734863,4911,LCCINFOTEC,2025-10
2025-10-13 08:25:00+00:00,4.369999885559082,4.369999885559082,4.380000114440918,4.320000171661377,4.320000171661377,1058,LCCINFOTEC,2025-10
2025-10-13 08:30:00+00:00,4.369999885559082,4.369999885559082,4.369999885559082,4.369999885559082,4.369999885559082,1,LCCINFOTEC,2025-10
2025-10-13 08:40:00+00:00,4.369999885559082,4.369999885559082,4.369999885559082,4.369999885559082,4.369999885559082,73,LCCINFOTEC,2025-10
2025-10-13 08:45:00+00:00,4.369999885559082,4.369999885559082,4.369999885559082,4.369999885559082,4.369999885559082,0,LCCINFOTEC,2025-10
2025-10-13 08:55:00+00:00,4.349999904632568,4.349999904632568,4.369999885559082,4.349999904632568,4.369999885559082,23,LCCINFOTEC,2025-10
2025-10-13 09:00:00+00:00,4.320000171661377,4.320000171661377,4.369999885559082,4.320000171661377,4.369999885559082,16,LCCINFOTEC,2025-10
2025-10-13 09:10:00+00:00,4.369999885559082,4.369999885559082,4.369999885559082,4.369999885559082,4.369999885559082,2,LCCINFOTEC,2025-10
2025-10-13 09:15:00+00:00,4.349999904632568,4.349999904632568,4.349999904632568,4.349999904632568,4.349999904632568,49,LCCINFOTEC,2025-10
2025-10-13 09:25:00+00:00,4.360000133514404,4.360000133514404,4.360000133514404,4.320000171661377,4.320000171661377,755,LCCINFOTEC,2025-10
2025-10-13 09:30:00+00:00,4.320000171661377,4.320000171661377,4.320000171661377,4.320000171661377,4.320000171661377,0,LCCINFOTEC,2025-10
2025-10-13 09:35:00+00:00,4.320000171661377,4.320000171661377,4.320000171661377,4.320000171661377,4.320000171661377,1000,LCCINFOTEC,2025-10
2025-10-13 09:40:00+00:00,4.320000171661377,4.320000171661377,4.320000171661377,4.320000171661377,4.320000171661377,32,LCCINFOTEC,2025-10
2025-10-13 09:50:00+00:00,4.360000133514404,4.360000133514404,4.360000133514404,4.360000133514404,4.360000133514404,9,LCCINFOTEC,2025-10
2025-10-13 09:55:00+00:00,4.389999866485596,4.389999866485596,4.400000095367432,4.389999866485596,4.400000095367432,21762,LCCINFOTEC,2025-10
2025-10-14 03:45:00+00:00,4.25,4.25,4.25,4.25,4.25,86,LCCINFOTEC,2025-10
2025-10-14 03:50:00+00:00,4.309999942779541,4.309999942779541,4.489999771118164,4.28000020980835,4.28000020980835,0,LCCINFOTEC,2025-10
2025-10-14 03:55:00+00:00,4.309999942779541,4.309999942779541,4.309999942779541,4.309999942779541,4.309999942779541,168,LCCINFOTEC,2025-10
2025-10-14 04:00:00+00:00,4.480000019073486,4.480000019073486,4.480000019073486,4.309999942779541,4.309999942779541,13150,LCCINFOTEC,2025-10
2025-10-14 04:05:00+00:00,4.309999942779541,4.309999942779541,4.309999942779541,4.309999942779541,4.309999942779541,0,LCCINFOTEC,2025-10
2025-10-14 04:10:00+00:00,4.309999942779541,4.309999942779541,4.309999942779541,4.300000190734863,4.300000190734863,8,LCCINFOTEC,2025-10
2025-10-14 04:25:00+00:00,4.480000019073486,4.480000019073486,4.480000019073486,4.480000019073486,4.480000019073486,185,LCCINFOTEC,2025-10
2025-10-14 04:30:00+00:00,4.46999979019165,4.46999979019165,4.46999979019165,4.340000152587891,4.340000152587891,360,LCCINFOTEC,2025-10
2025-10-14 04:35:00+00:00,4.320000171661377,4.320000171661377,4.329999923706055,4.320000171661377,4.329999923706055,7905,LCCINFOTEC,2025-10
2025-10-14 04:40:00+00:00,4.320000171661377,4.320000171661377,4.320000171661377,4.320000171661377,4.320000171661377,0,LCCINFOTEC,2025-10
2025-10-14 04:45:00+00:00,4.429999828338623,4.429999828338623,4.440000057220459,4.429999828338623,4.440000057220459,0,LCCINFOTEC,2025-10
2025-10-14 05:00:00+00:00,4.449999809265137,4.449999809265137,4.449999809265137,4.429999828338623,4.429999828338623,730,LCCINFOTEC,2025-10
2025-10-14 05:05:00+00:00,4.449999809265137,4.449999809265137,4.449999809265137,4.449999809265137,4.449999809265137,0,LCCINFOTEC,2025-10
2025-10-14 05:10:00+00:00,4.449999809265137,4.449999809265137,4.449999809265137,4.449999809265137,4.449999809265137,202,LCCINFOTEC,2025-10
2025-10-14 05:15:00+00:00,4.449999809265137,4.449999809265137,4.449999809265137,4.449999809265137,4.449999809265137,0,LCCINFOTEC,2025-10
2025-10-14 05:20:00+00:00,4.449999809265137,4.449999809265137,4.449999809265137,4.449999809265137,4.449999809265137,24,LCCINFOTEC,2025-10
2025-10-14 05:40:00+00:00,4.429999828338623,4.429999828338623,4.429999828338623,4.429999828338623,4.429999828338623,16,LCCINFOTEC,2025-10
2025-10-14 05:45:00+00:00,4.429999828338623,4.429999828338623,4.429999828338623,4.429999828338623,4.429999828338623,14,LCCINFOTEC,2025-10
2025-10-14 06:00:00+00:00,4.349999904632568,4.349999904632568,4.409999847412109,4.349999904632568,4.409999847412109,14,LCCINFOTEC,2025-10
2025-10-14 06:05:00+00:00,4.349999904632568,4.349999904632568,4.349999904632568,4.349999904632568,4.349999904632568,30,LCCINFOTEC,2025-10
2025-10-14 06:10:00+00:00,4.349999904632568,4.349999904632568,4.349999904632568,4.349999904632568,4.349999904632568,0,LCCINFOTEC,2025-10
2025-10-14 06:15:00+00:00,4.340000152587891,4.340000152587891,4.340000152587891,4.340000152587891,4.340000152587891,296,LCCINFOTEC,2025-10
2025-10-14 06:20:00+00:00,4.329999923706055,4.329999923706055,4.329999923706055,4.329999923706055,4.329999923706055,757,LCCINFOTEC,2025-10
2025-10-14 06:30:00+00:00,4.329999923706055,4.329999923706055,4.329999923706055,4.329999923706055,4.329999923706055,411,LCCINFOTEC,2025-10
2025-10-14 06:40:00+00:00,4.449999809265137,4.449999809265137,4.449999809265137,4.429999828338623,4.429999828338623,25536,LCCINFOTEC,2025-10
2025-10-14 06:45:00+00:00,4.340000152587891,4.340000152587891,4.340000152587891,4.340000152587891,4.340000152587891,0,LCCINFOTEC,2025-10
2025-10-14 07:00:00+00:00,4.349999904632568,4.349999904632568,4.349999904632568,4.349999904632568,4.349999904632568,30,LCCINFOTEC,2025-10
2025-10-14 07:15:00+00:00,4.429999828338623,4.429999828338623,4.429999828338623,4.389999866485596,4.389999866485596,2143,LCCINFOTEC,2025-10
2025-10-14 07:25:00+00:00,4.389999866485596,4.389999866485596,4.389999866485596,4.389999866485596,4.389999866485596,2877,LCCINFOTEC,2025-10
2025-10-14 07:35:00+00:00,4.369999885559082,4.369999885559082,4.369999885559082,4.369999885559082,4.369999885559082,174,LCCINFOTEC,2025-10
2025-10-14 07:40:00+00:00,4.369999885559082,4.369999885559082,4.369999885559082,4.369999885559082,4.369999885559082,0,LCCINFOTEC,2025-10
2025-10-14 07:45:00+00:00,4.369999885559082,4.369999885559082,4.369999885559082,4.369999885559082,4.369999885559082,986,LCCINFOTEC,2025-10
2025-10-14 07:50:00+00:00,4.369999885559082,4.369999885559082,4.449999809265137,4.369999885559082,4.449999809265137,1104,LCCINFOTEC,2025-10
2025-10-14 08:05:00+00:00,4.389999866485596,4.389999866485596,4.389999866485596,4.389999866485596,4.389999866485596,0,LCCINFOTEC,2025-10
2025-10-14 08:10:00+00:00,4.349999904632568,4.349999904632568,4.349999904632568,4.349999904632568,4.349999904632568,1123,LCCINFOTEC,2025-10
2025-10-14 08:15:00+00:00,4.349999904632568,4.349999904632568,4.349999904632568,4.349999904632568,4.349999904632568,0,LCCINFOTEC,2025-10
2025-10-14 08:30:00+00:00,4.440000057220459,4.440000057220459,4.440000057220459,4.440000057220459,4.440000057220459,152,LCCINFOTEC,2025-10
2025-10-14 08:35:00+00:00,4.360000133514404,4.360000133514404,4.440000057220459,4.360000133514404,4.440000057220459,82,LCCINFOTEC,2025-10
2025-10-14 08:40:00+00:00,4.360000133514404,4.360000133514404,4.360000133514404,4.360000133514404,4.360000133514404,75,LCCINFOTEC,2025-10
2025-10-14 08:50:00+00:00,4.360000133514404,4.360000133514404,4.360000133514404,4.360000133514404,4.360000133514404,75,LCCINFOTEC,2025-10
2025-10-14 09:00:00+00:00,4.440000057220459,4.440000057220459,4.440000057220459,4.440000057220459,4.440000057220459,2,LCCINFOTEC,2025-10
2025-10-14 09:05:00+00:00,4.440000057220459,4.440000057220459,4.440000057220459,4.440000057220459,4.440000057220459,18,LCCINFOTEC,2025-10
2025-10-14 09:10:00+00:00,4.400000095367432,4.400000095367432,4.440000057220459,4.400000095367432,4.440000057220459,1540,LCCINFOTEC,2025-10
2025-10-14 09:15:00+00:00,4.420000076293945,4.420000076293945,4.420000076293945,4.420000076293945,4.420000076293945,0,LCCINFOTEC,2025-10
2025-10-14 09:25:00+00:00,4.440000057220459,4.440000057220459,4.440000057220459,4.440000057220459,4.440000057220459,31,LCCINFOTEC,2025-10
2025-10-14 09:30:00+00:00,4.400000095367432,4.400000095367432,4.440000057220459,4.400000095367432,4.440000057220459,9998,LCCINFOTEC,2025-10
2025-10-14 09:35:00+00:00,4.440000057220459,4.440000057220459,4.440000057220459,4.440000057220459,4.440000057220459,6,LCCINFOTEC,2025-10
2025-10-14 09:40:00+00:00,4.400000095367432,4.400000095367432,4.400000095367432,4.400000095367432,4.400000095367432,1,LCCINFOTEC,2025-10
2025-10-14 09:45:00+00:00,4.400000095367432,4.400000095367432,4.440000057220459,4.400000095367432,4.440000057220459,1325,LCCINFOTEC,2025-10
2025-10-14 09:50:00+00:00,4.400000095367432,4.400000095367432,4.400000095367432,4.400000095367432,4.400000095367432,1137,LCCINFOTEC,2025-10
2025-10-14 09:55:00+00:00,4.400000095367432,4.400000095367432,4.400000095367432,4.400000095367432,4.400000095367432,329,LCCINFOTEC,2025-10
2025-10-15 03:45:00+00:00,4.519999980926514,4.519999980926514,4.519999980926514,4.420000076293945,4.420000076293945,0,LCCINFOTEC,2025-10
2025-10-15 03:50:00+00:00,4.429999828338623,4.429999828338623,4.519999980926514,4.429999828338623,4.519999980926514,0,LCCINFOTEC,2025-10
2025-10-15 03:55:00+00:00,4.510000228881836,4.510000228881836,4.510000228881836,4.420000076293945,4.429999828338623,9178,LCCINFOTEC,2025-10
2025-10-15 04:00:00+00:00,4.429999828338623,4.429999828338623,4.53000020980835,4.429999828338623,4.53000020980835,7647,LCCINFOTEC,2025-10
2025-10-15 04:05:00+00:00,4.53000020980835,4.53000020980835,4.53000020980835,4.429999828338623,4.429999828338623,468,LCCINFOTEC,2025-10
2025-10-15 04:10:00+00:00,4.429999828338623,4.429999828338623,4.53000020980835,4.429999828338623,4.53000020980835,224,LCCINFOTEC,2025-10
2025-10-15 04:15:00+00:00,4.429999828338623,4.429999828338623,4.53000020980835,4.429999828338623,4.53000020980835,2636,LCCINFOTEC,2025-10
2025-10-15 04:20:00+00:00,4.53000020980835,4.53000020980835,4.53000020980835,4.429999828338623,4.429999828338623,93,LCCINFOTEC,2025-10
2025-10-15 04:25:00+00:00,4.519999980926514,4.519999980926514,4.519999980926514,4.519999980926514,4.519999980926514,79,LCCINFOTEC,2025-10
2025-10-15 04:30:00+00:00,4.429999828338623,4.429999828338623,4.519999980926514,4.429999828338623,4.519999980926514,1215,LCCINFOTEC,2025-10
2025-10-15 04:35:00+00:00,4.519999980926514,4.519999980926514,4.519999980926514,4.519999980926514,4.519999980926514,0,LCCINFOTEC,2025-10
2025-10-15 04:40:00+00:00,4.429999828338623,4.429999828338623,4.429999828338623,4.429999828338623,4.429999828338623,310,LCCINFOTEC,2025-10
2025-10-15 04:45:00+00:00,4.519999980926514,4.519999980926514,4.519999980926514,4.429999828338623,4.429999828338623,0,LCCINFOTEC,2025-10
2025-10-15 04:55:00+00:00,4.510000228881836,4.510000228881836,4.510000228881836,4.440000057220459,4.440000057220459,4,LCCINFOTEC,2025-10
2025-10-15 05:05:00+00:00,4.510000228881836,4.510000228881836,4.510000228881836,4.510000228881836,4.510000228881836,1800,LCCINFOTEC,2025-10
2025-10-15 05:10:00+00:00,4.510000228881836,4.510000228881836,4.510000228881836,4.510000228881836,4.510000228881836,0,LCCINFOTEC,2025-10
2025-10-15 05:15:00+00:00,4.440000057220459,4.440000057220459,4.440000057220459,4.440000057220459,4.440000057220459,0,LCCINFOTEC,2025-10
2025-10-15 05:25:00+00:00,4.510000228881836,4.510000228881836,4.510000228881836,4.510000228881836,4.510000228881836,2810,LCCINFOTEC,2025-10
2025-10-15 05:30:00+00:00,4.440000057220459,4.440000057220459,4.510000228881836,4.440000057220459,4.510000228881836,0,LCCINFOTEC,2025-10
2025-10-15 05:35:00+00:00,4.510000228881836,4.510000228881836,4.510000228881836,4.510000228881836,4.510000228881836,0,LCCINFOTEC,2025-10
2025-10-15 05:45:00+00:00,4.449999809265137,4.449999809265137,4.449999809265137,4.449999809265137,4.449999809265137,480,LCCINFOTEC,2025-10
2025-10-15 05:55:00+00:00,4.460000038146973,4.460000038146973,4.460000038146973,4.460000038146973,4.460000038146973,2000,LCCINFOTEC,2025-10
2025-10-15 06:00:00+00:00,4.460000038146973,4.460000038146973,4.460000038146973,4.460000038146973,4.460000038146973,1000,LCCINFOTEC,2025-10
2025-10-15 06:05:00+00:00,4.510000228881836,4.510000228881836,4.510000228881836,4.510000228881836,4.510000228881836,44000,LCCINFOTEC,2025-10
2025-10-15 06:10:00+00:00,4.460000038146973,4.460000038146973,4.460000038146973,4.460000038146973,4.460000038146973,3002,LCCINFOTEC,2025-10
2025-10-15 06:15:00+00:00,4.460000038146973,4.460000038146973,4.460000038146973,4.460000038146973,4.460000038146973,0,LCCINFOTEC,2025-10
2025-10-15 06:20:00+00:00,4.5,4.5,4.5,4.5,4.5,20,LCCINFOTEC,2025-10
2025-10-15 06:25:00+00:00,4.400000095367432,4.400000095367432,4.5,4.400000095367432,4.5,12177,LCCINFOTEC,2025-10
2025-10-15 06:30:00+00:00,4.409999847412109,4.409999847412109,4.409999847412109,4.409999847412109,4.409999847412109,0,LCCINFOTEC,2025-10
2025-10-15 06:40:00+00:00,4.409999847412109,4.409999847412109,4.409999847412109,4.409999847412109,4.409999847412109,1,LCCINFOTEC,2025-10
2025-10-15 06:55:00+00:00,4.409999847412109,4.409999847412109,4.409999847412109,4.409999847412109,4.409999847412109,10,LCCINFOTEC,2025-10
2025-10-15 07:00:00+00:00,4.409999847412109,4.409999847412109,4.409999847412109,4.409999847412109,4.409999847412109,79,LCCINFOTEC,2025-10
2025-10-15 07:20:00+00:00,4.420000076293945,4.420000076293945,4.420000076293945,4.420000076293945,4.420000076293945,2051,LCCINFOTEC,2025-10
2025-10-15 07:25:00+00:00,4.489999771118164,4.489999771118164,4.489999771118164,4.489999771118164,4.489999771118164,112,LCCINFOTEC,2025-10
2025-10-15 07:30:00+00:00,4.420000076293945,4.420000076293945,4.420000076293945,4.420000076293945,4.420000076293945,1254,LCCINFOTEC,2025-10
2025-10-15 07:35:00+00:00,4.489999771118164,4.489999771118164,4.489999771118164,4.489999771118164,4.489999771118164,178,LCCINFOTEC,2025-10
2025-10-15 07:40:00+00:00,4.480000019073486,4.480000019073486,4.480000019073486,4.480000019073486,4.480000019073486,0,LCCINFOTEC,2025-10
2025-10-15 07:45:00+00:00,4.420000076293945,4.420000076293945,4.420000076293945,4.420000076293945,4.420000076293945,2534,LCCINFOTEC,2025-10
2025-10-15 07:50:00+00:00,4.519999980926514,4.519999980926514,4.519999980926514,4.480000019073486,4.480000019073486,63526,LCCINFOTEC,2025-10
2025-10-15 07:55:00+00:00,4.519999980926514,4.519999980926514,4.519999980926514,4.519999980926514,4.519999980926514,58,LCCINFOTEC,2025-10
2025-10-15 08:00:00+00:00,4.519999980926514,4.519999980926514,4.519999980926514,4.519999980926514,4.519999980926514,972,LCCINFOTEC,2025-10
2025-10-15 08:05:00+00:00,4.519999980926514,4.519999980926514,4.519999980926514,4.449999809265137,4.449999809265137,3834,LCCINFOTEC,2025-10
2025-10-15 08:20:00+00:00,4.519999980926514,4.519999980926514,4.519999980926514,4.5,4.5,0,LCCINFOTEC,2025-10
2025-10-15 08:25:00+00:00,4.53000020980835,4.53000020980835,4.53000020980835,4.5,4.5,23370,LCCINFOTEC,2025-10
2025-10-15 08:50:00+00:00,4.510000228881836,4.510000228881836,4.510000228881836,4.510000228881836,4.510000228881836,500,LCCINFOTEC,2025-10
2025-10-15 09:00:00+00:00,4.550000190734863,4.550000190734863,4.550000190734863,4.550000190734863,4.550000190734863,200,LCCINFOTEC,2025-10
2025-10-15 09:05:00+00:00,4.510000228881836,4.510000228881836,4.550000190734863,4.510000228881836,4.510000228881836,2212,LCCINFOTEC,2025-10
2025-10-15 09:10:00+00:00,4.510000228881836,4.510000228881836,4.510000228881836,4.510000228881836,4.510000228881836,0,LCCINFOTEC,2025-10
2025-10-15 09:15:00+00:00,4.53000020980835,4.53000020980835,4.53000020980835,4.53000020980835,4.53000020980835,36,LCCINFOTEC,2025-10
2025-10-15 09:20:00+00:00,4.510000228881836,4.510000228881836,4.550000190734863,4.510000228881836,4.550000190734863,325,LCCINFOTEC,2025-10
2025-10-15 09:25:00+00:00,4.510000228881836,4.510000228881836,4.510000228881836,4.510000228881836,4.510000228881836,202,LCCINFOTEC,2025-10
2025-10-15 09:30:00+00:00,4.510000228881836,4.510000228881836,4.510000228881836,4.510000228881836,4.510000228881836,1008,LCCINFOTEC,2025-10
2025-10-15 09:35:00+00:00,4.510000228881836,4.510000228881836,4.510000228881836,4.510000228881836,4.510000228881836,995,LCCINFOTEC,2025-10
2025-10-15 09:40:00+00:00,4.550000190734863,4.550000190734863,4.550000190734863,4.550000190734863,4.550000190734863,2598,LCCINFOTEC,2025-10
2025-10-15 09:45:00+00:00,4.510000228881836,4.510000228881836,4.510000228881836,4.510000228881836,4.510000228881836,0,LCCINFOTEC,2025-10
2025-10-15 09:50:00+00:00,4.590000152587891,4.590000152587891,4.590000152587891,4.590000152587891,4.590000152587891,2004,LCCINFOTEC,2025-10
2025-10-15 09:55:00+00:00,4.619999885559082,4.619999885559082,4.619999885559082,4.590000152587891,4.590000152587891,59234,LCCINFOTEC,2025-10
2025-10-16 03:45:00+00:00,4.599999904632568,4.599999904632568,4.599999904632568,4.360000133514404,4.599999904632568,0,LCCINFOTEC,2025-10
2025-10-16 03:50:00+00:00,4.650000095367432,4.650000095367432,4.650000095367432,4.550000190734863,4.550000190734863,1990,LCCINFOTEC,2025-10
2025-10-16 03:55:00+00:00,4.46999979019165,4.46999979019165,4.630000114440918,4.449999809265137,4.630000114440918,109,LCCINFOTEC,2025-10
2025-10-16 04:00:00+00:00,4.480000019073486,4.480000019073486,4.559999942779541,4.460000038146973,4.559999942779541,2035,LCCINFOTEC,2025-10
2025-10-16 04:05:00+00:00,4.5,4.5,4.5,4.460000038146973,4.480000019073486,1028,LCCINFOTEC,2025-10
2025-10-16 04:10:00+00:00,4.5,4.5,4.5,4.46999979019165,4.5,0,LCCINFOTEC,2025-10
2025-10-16 04:20:00+00:00,4.5,4.5,4.5,4.5,4.5,9,LCCINFOTEC,2025-10
2025-10-16 04:25:00+00:00,4.460000038146973,4.460000038146973,4.460000038146973,4.460000038146973,4.460000038146973,54,LCCINFOTEC,2025-10
2025-10-16 04:30:00+00:00,4.460000038146973,4.460000038146973,4.460000038146973,4.460000038146973,4.460000038146973,58,LCCINFOTEC,2025-10
2025-10-16 04:35:00+00:00,4.5,4.5,4.5,4.489999771118164,4.489999771118164,2266,LCCINFOTEC,2025-10
2025-10-16 04:45:00+00:00,4.489999771118164,4.489999771118164,4.489999771118164,4.489999771118164,4.489999771118164,0,LCCINFOTEC,2025-10
2025-10-16 04:55:00+00:00,4.5,4.5,4.5,4.489999771118164,4.489999771118164,46641,LCCINFOTEC,2025-10
2025-10-16 05:00:00+00:00,4.650000095367432,4.650000095367432,4.650000095367432,4.510000228881836,4.510000228881836,23,LCCINFOTEC,2025-10
2025-10-16 05:05:00+00:00,4.550000190734863,4.550000190734863,4.550000190734863,4.550000190734863,4.550000190734863,19,LCCINFOTEC,2025-10
2025-10-16 05:15:00+00:00,4.539999961853027,4.539999961853027,4.550000190734863,4.539999961853027,4.550000190734863,5808,LCCINFOTEC,2025-10
2025-10-16 05:20:00+00:00,4.539999961853027,4.539999961853027,4.539999961853027,4.539999961853027,4.539999961853027,0,LCCINFOTEC,2025-10
2025-10-16 05:30:00+00:00,4.53000020980835,4.53000020980835,4.53000020980835,4.53000020980835,4.53000020980835,273,LCCINFOTEC,2025-10
2025-10-16 05:45:00+00:00,4.53000020980835,4.53000020980835,4.53000020980835,4.53000020980835,4.53000020980835,2611,LCCINFOTEC,2025-10
2025-10-16 05:55:00+00:00,4.53000020980835,4.53000020980835,4.53000020980835,4.53000020980835,4.53000020980835,13,LCCINFOTEC,2025-10
2025-10-16 06:00:00+00:00,4.5,4.5,4.519999980926514,4.46999979019165,4.519999980926514,193,LCCINFOTEC,2025-10
2025-10-16 06:05:00+00:00,4.5,4.5,4.5,4.5,4.5,0,LCCINFOTEC,2025-10
2025-10-16 06:10:00+00:00,4.5,4.5,4.5,4.480000019073486,4.480000019073486,9,LCCINFOTEC,2025-10
2025-10-16 06:35:00+00:00,4.5,4.5,4.5,4.5,4.5,60,LCCINFOTEC,2025-10
2025-10-16 06:40:00+00:00,4.480000019073486,4.480000019073486,4.480000019073486,4.480000019073486,4.480000019073486,423,LCCINFOTEC,2025-10
2025-10-16 06:45:00+00:00,4.480000019073486,4.480000019073486,4.480000019073486,4.480000019073486,4.480000019073486,0,LCCINFOTEC,2025-10
2025-10-16 06:50:00+00:00,4.53000020980835,4.53000020980835,4.53000020980835,4.480000019073486,4.53000020980835,412,LCCINFOTEC,2025-10
2025-10-16 06:55:00+00:00,4.53000020980835,4.53000020980835,4.53000020980835,4.53000020980835,4.53000020980835,8,LCCINFOTEC,2025-10
2025-10-16 07:00:00+00:00,4.53000020980835,4.53000020980835,4.53000020980835,4.53000020980835,4.53000020980835,0,LCCINFOTEC,2025-10
2025-10-16 07:10:00+00:00,4.53000020980835,4.53000020980835,4.53000020980835,4.53000020980835,4.53000020980835,66,LCCINFOTEC,2025-10
2025-10-16 07:35:00+00:00,4.380000114440918,4.380000114440918,4.519999980926514,4.369999885559082,4.369999885559082,50017,LCCINFOTEC,2025-10
2025-10-16 08:00:00+00:00,4.5,4.5,4.5,4.5,4.5,2020,LCCINFOTEC,2025-10
2025-10-16 08:05:00+00:00,4.5,4.5,4.5,4.5,4.5,2490,LCCINFOTEC,2025-10
2025-10-16 08:20:00+00:00,4.389999866485596,4.389999866485596,4.389999866485596,4.389999866485596,4.389999866485596,4,LCCINFOTEC,2025-10
2025-10-16 08:25:00+00:00,4.389999866485596,4.389999866485596,4.5,4.389999866485596,4.5,5098,LCCINFOTEC,2025-10
2025-10-16 08:40:00+00:00,4.389999866485596,4.389999866485596,4.389999866485596,4.389999866485596,4.389999866485596,8,LCCINFOTEC,2025-10
2025-10-16 08:55:00+00:00,4.489999771118164,4.489999771118164,4.5,4.489999771118164,4.489999771118164,8922,LCCINFOTEC,2025-10
2025-10-16 09:00:00+00:00,4.420000076293945,4.420000076293945,4.5,4.420000076293945,4.5,0,LCCINFOTEC,2025-10
2025-10-16 09:05:00+00:00,4.5,4.5,4.5,4.420000076293945,4.420000076293945,51,LCCINFOTEC,2025-10
2025-10-16 09:10:00+00:00,4.5,4.5,4.5,4.5,4.5,11,LCCINFOTEC,2025-10
2025-10-16 09:15:00+00:00,4.480000019073486,4.480000019073486,4.480000019073486,4.480000019073486,4.480000019073486,14,LCCINFOTEC,2025-10
2025-10-16 09:25:00+00:00,4.409999847412109,4.409999847412109,4.409999847412109,4.409999847412109,4.409999847412109,4000,LCCINFOTEC,2025-10
2025-10-16 09:30:00+00:00,4.46999979019165,4.46999979019165,4.46999979019165,4.389999866485596,4.389999866485596,0,LCCINFOTEC,2025-10
2025-10-16 09:35:00+00:00,4.46999979019165,4.46999979019165,4.46999979019165,4.46999979019165,4.46999979019165,1019,LCCINFOTEC,2025-10
2025-10-16 09:40:00+00:00,4.389999866485596,4.389999866485596,4.389999866485596,4.389999866485596,4.389999866485596,0,LCCINFOTEC,2025-10
2025-10-16 09:45:00+00:00,4.46999979019165,4.46999979019165,4.46999979019165,4.46999979019165,4.46999979019165,2020,LCCINFOTEC,2025-10
2025-10-16 09:50:00+00:00,4.380000114440918,4.380000114440918,4.389999866485596,4.380000114440918,4.389999866485596,4300,LCCINFOTEC,2025-10
2025-10-16 09:55:00+00:00,4.409999847412109,4.409999847412109,4.460000038146973,4.409999847412109,4.460000038146973,900,LCCINFOTEC,2025-10
2025-10-17 03:45:00+00:00,4.579999923706055,4.579999923706055,4.579999923706055,4.579999923706055,4.579999923706055,850,LCCINFOTEC,2025-10
2025-10-17 03:50:00+00:00,4.579999923706055,4.579999923706055,4.579999923706055,4.449999809265137,4.559999942779541,0,LCCINFOTEC,2025-10
2025-10-17 03:55:00+00:00,4.340000152587891,4.340000152587891,4.349999904632568,4.320000171661377,4.340000152587891,0,LCCINFOTEC,2025-10
2025-10-17 04:00:00+00:00,4.46999979019165,4.46999979019165,4.579999923706055,4.320000171661377,4.320000171661377,1177,LCCINFOTEC,2025-10
2025-10-17 04:05:00+00:00,4.460000038146973,4.460000038146973,4.46999979019165,4.460000038146973,4.46999979019165,80,LCCINFOTEC,2025-10
2025-10-17 04:10:00+00:00,4.570000171661377,4.570000171661377,4.570000171661377,4.400000095367432,4.460000038146973,5302,LCCINFOTEC,2025-10
2025-10-17 04:15:00+00:00,4.570000171661377,4.570000171661377,4.570000171661377,4.570000171661377,4.570000171661377,0,LCCINFOTEC,2025-10
2025-10-17 04:20:00+00:00,4.5,4.5,4.5,4.5,4.5,154,LCCINFOTEC,2025-10
2025-10-17 04:25:00+00:00,4.5,4.5,4.5,4.5,4.5,17,LCCINFOTEC,2025-10
2025-10-17 04:30:00+00:00,4.449999809265137,4.449999809265137,4.449999809265137,4.449999809265137,4.449999809265137,479,LCCINFOTEC,2025-10
2025-10-17 04:35:00+00:00,4.25,4.25,4.389999866485596,4.25,4.389999866485596,68041,LCCINFOTEC,2025-10
2025-10-17 04:40:00+00:00,4.349999904632568,4.349999904632568,4.349999904632568,4.349999904632568,4.349999904632568,0,LCCINFOTEC,2025-10
2025-10-17 04:45:00+00:00,4.349999904632568,4.349999904632568,4.369999885559082,4.349999904632568,4.369999885559082,0,LCCINFOTEC,2025-10
2025-10-17 04:50:00+00:00,4.349999904632568,4.349999904632568,4.349999904632568,4.349999904632568,4.349999904632568,1,LCCINFOTEC,2025-10
2025-10-17 04:55:00+00:00,4.329999923706055,4.329999923706055,4.329999923706055,4.329999923706055,4.329999923706055,267,LCCINFOTEC,2025-10
2025-10-17 05:00:00+00:00,4.400000095367432,4.400000095367432,4.400000095367432,4.230000019073486,4.230000019073486,3076,LCCINFOTEC,2025-10
2025-10-17 05:05:00+00:00,4.369999885559082,4.369999885559082,4.369999885559082,4.25,4.25,452,LCCINFOTEC,2025-10
2025-10-17 05:10:00+00:00,4.21999979019165,4.21999979019165,4.25,4.179999828338623,4.25,53026,LCCINFOTEC,2025-10
2025-10-17 05:15:00+00:00,4.230000019073486,4.230000019073486,4.230000019073486,4.21999979019165,4.21999979019165,5227,LCCINFOTEC,2025-10
2025-10-17 05:20:00+00:00,4.21999979019165,4.21999979019165,4.21999979019165,4.21999979019165,4.21999979019165,4044,LCCINFOTEC,2025-10
2025-10-17 05:25:00+00:00,4.21999979019165,4.21999979019165,4.21999979019165,4.21999979019165,4.21999979019165,1346,LCCINFOTEC,2025-10
2025-10-17 05:30:00+00:00,4.21999979019165,4.21999979019165,4.21999979019165,4.21999979019165,4.21999979019165,3904,LCCINFOTEC,2025-10
2025-10-17 05:35:00+00:00,4.21999979019165,4.21999979019165,4.21999979019165,4.21999979019165,4.21999979019165,2519,LCCINFOTEC,2025-10
2025-10-17 05:40:00+00:00,4.21999979019165,4.21999979019165,4.21999979019165,4.199999809265137,4.199999809265137,190,LCCINFOTEC,2025-10
2025-10-17 05:45:00+00:00,4.179999828338623,4.179999828338623,4.21999979019165,4.179999828338623,4.199999809265137,13094,LCCINFOTEC,2025-10
2025-10-17 05:50:00+00:00,4.179999828338623,4.179999828338623,4.179999828338623,4.179999828338623,4.179999828338623,8642,LCCINFOTEC,2025-10
2025-10-17 05:55:00+00:00,4.21999979019165,4.21999979019165,4.21999979019165,4.179999828338623,4.179999828338623,6385,LCCINFOTEC,2025-10
2025-10-17 06:00:00+00:00,4.179999828338623,4.179999828338623,4.21999979019165,4.179999828338623,4.179999828338623,4389,LCCINFOTEC,2025-10
2025-10-17 06:05:00+00:00,4.21999979019165,4.21999979019165,4.21999979019165,4.21999979019165,4.21999979019165,311,LCCINFOTEC,2025-10
2025-10-17 06:20:00+00:00,4.21999979019165,4.21999979019165,4.21999979019165,4.21999979019165,4.21999979019165,258,LCCINFOTEC,2025-10
2025-10-17 06:25:00+00:00,4.210000038146973,4.210000038146973,4.21999979019165,4.210000038146973,4.21999979019165,798,LCCINFOTEC,2025-10
2025-10-17 06:30:00+00:00,4.210000038146973,4.210000038146973,4.210000038146973,4.210000038146973,4.210000038146973,1812,LCCINFOTEC,2025-10
2025-10-17 06:35:00+00:00,4.230000019073486,4.230000019073486,4.230000019073486,4.21999979019165,4.21999979019165,8267,LCCINFOTEC,2025-10
2025-10-17 06:45:00+00:00,4.230000019073486,4.230000019073486,4.230000019073486,4.230000019073486,4.230000019073486,317,LCCINFOTEC,2025-10
2025-10-17 06:50:00+00:00,4.230000019073486,4.230000019073486,4.230000019073486,4.21999979019165,4.21999979019165,0,LCCINFOTEC,2025-10
2025-10-17 06:55:00+00:00,4.230000019073486,4.230000019073486,4.230000019073486,4.230000019073486,4.230000019073486,8012,LCCINFOTEC,2025-10
2025-10-17 07:00:00+00:00,4.230000019073486,4.230000019073486,4.230000019073486,4.230000019073486,4.230000019073486,0,LCCINFOTEC,2025-10
2025-10-17 07:05:00+00:00,4.21999979019165,4.21999979019165,4.21999979019165,4.21999979019165,4.21999979019165,345,LCCINFOTEC,2025-10
2025-10-17 07:10:00+00:00,4.21999979019165,4.21999979019165,4.21999979019165,4.210000038146973,4.21999979019165,3001,LCCINFOTEC,2025-10
2025-10-17 07:15:00+00:00,4.21999979019165,4.21999979019165,4.21999979019165,4.210000038146973,4.210000038146973,2466,LCCINFOTEC,2025-10
2025-10-17 07:30:00+00:00,4.21999979019165,4.21999979019165,4.21999979019165,4.21999979019165,4.21999979019165,137,LCCINFOTEC,2025-10
2025-10-17 07:40:00+00:00,4.21999979019165,4.21999979019165,4.21999979019165,4.210000038146973,4.210000038146973,27,LCCINFOTEC,2025-10
2025-10-17 07:45:00+00:00,4.21999979019165,4.21999979019165,4.21999979019165,4.21999979019165,4.21999979019165,7,LCCINFOTEC,2025-10
2025-10-17 07:55:00+00:00,4.230000019073486,4.230000019073486,4.230000019073486,4.230000019073486,4.230000019073486,1199,LCCINFOTEC,2025-10
2025-10-17 08:10:00+00:00,4.230000019073486,4.230000019073486,4.230000019073486,4.230000019073486,4.230000019073486,200,LCCINFOTEC,2025-10
2025-10-17 08:15:00+00:00,4.230000019073486,4.230000019073486,4.230000019073486,4.210000038146973,4.210000038146973,1,LCCINFOTEC,2025-10
2025-10-17 08:30:00+00:00,4.230000019073486,4.230000019073486,4.230000019073486,4.230000019073486,4.230000019073486,49,LCCINFOTEC,2025-10
2025-10-17 08:35:00+00:00,4.230000019073486,4.230000019073486,4.230000019073486,4.210000038146973,4.210000038146973,100182,LCCINFOTEC,2025-10
2025-10-17 08:40:00+00:00,4.190000057220459,4.190000057220459,4.369999885559082,4.190000057220459,4.369999885559082,4831,LCCINFOTEC,2025-10
2025-10-17 08:50:00+00:00,4.210000038146973,4.210000038146973,4.349999904632568,4.210000038146973,4.349999904632568,431,LCCINFOTEC,2025-10
2025-10-17 08:55:00+00:00,4.210000038146973,4.210000038146973,4.210000038146973,4.210000038146973,4.210000038146973,24,LCCINFOTEC,2025-10
2025-10-17 09:00:00+00:00,4.199999809265137,4.199999809265137,4.210000038146973,4.199999809265137,4.210000038146973,1690,LCCINFOTEC,2025-10
2025-10-17 09:05:00+00:00,4.360000133514404,4.360000133514404,4.360000133514404,4.199999809265137,4.199999809265137,1407,LCCINFOTEC,2025-10
2025-10-17 09:15:00+00:00,4.360000133514404,4.360000133514404,4.360000133514404,4.360000133514404,4.360000133514404,0,LCCINFOTEC,2025-10
2025-10-17 09:30:00+00:00,4.300000190734863,4.300000190734863,4.300000190734863,4.300000190734863,4.300000190734863,1,LCCINFOTEC,2025-10
2025-10-17 09:35:00+00:00,4.210000038146973,4.210000038146973,4.289999961853027,4.199999809265137,4.289999961853027,99,LCCINFOTEC,2025-10
2025-10-17 09:40:00+00:00,4.349999904632568,4.349999904632568,4.349999904632568,4.300000190734863,4.300000190734863,900,LCCINFOTEC,2025-10
2025-10-17 09:45:00+00:00,4.210000038146973,4.210000038146973,4.210000038146973,4.210000038146973,4.210000038146973,147,LCCINFOTEC,2025-10
2025-10-17 09:55:00+00:00,4.289999961853027,4.289999961853027,4.329999923706055,4.289999961853027,4.329999923706055,235,LCCINFOTEC,2025-10
2025-10-20 03:45:00+00:00,4.159999847412109,4.159999847412109,4.5,4.110000133514404,4.110000133514404,0,LCCINFOTEC,2025-10
2025-10-20 03:50:00+00:00,4.5,4.5,4.5,4.28000020980835,4.28000020980835,0,LCCINFOTEC,2025-10
2025-10-20 03:55:00+00:00,4.5,4.5,4.5,4.429999828338623,4.429999828338623,3467,LCCINFOTEC,2025-10
2025-10-20 04:00:00+00:00,4.449999809265137,4.449999809265137,4.449999809265137,4.440000057220459,4.440000057220459,3893,LCCINFOTEC,2025-10
2025-10-20 04:05:00+00:00,4.380000114440918,4.380000114440918,4.429999828338623,4.380000114440918,4.429999828338623,0,LCCINFOTEC,2025-10
2025-10-20 04:10:00+00:00,4.309999942779541,4.309999942779541,4.309999942779541,4.309999942779541,4.309999942779541,505,LCCINFOTEC,2025-10
2025-10-20 04:15:00+00:00,4.320000171661377,4.320000171661377,4.320000171661377,4.239999771118164,4.320000171661377,3151,LCCINFOTEC,2025-10
2025-10-20 04:20:00+00:00,4.320000171661377,4.320000171661377,4.320000171661377,4.320000171661377,4.320000171661377,84,LCCINFOTEC,2025-10
2025-10-20 04:25:00+00:00,4.239999771118164,4.239999771118164,4.309999942779541,4.239999771118164,4.309999942779541,12,LCCINFOTEC,2025-10
2025-10-20 04:30:00+00:00,4.300000190734863,4.300000190734863,4.309999942779541,4.230000019073486,4.230000019073486,1998,LCCINFOTEC,2025-10
2025-10-20 04:35:00+00:00,4.25,4.25,4.260000228881836,4.25,4.260000228881836,1348,LCCINFOTEC,2025-10
2025-10-20 04:40:00+00:00,4.300000190734863,4.300000190734863,4.300000190734863,4.300000190734863,4.300000190734863,182,LCCINFOTEC,2025-10
2025-10-20 04:45:00+00:00,4.300000190734863,4.300000190734863,4.300000190734863,4.300000190734863,4.300000190734863,0,LCCINFOTEC,2025-10
2025-10-20 04:50:00+00:00,4.300000190734863,4.300000190734863,4.300000190734863,4.230000019073486,4.300000190734863,18867,LCCINFOTEC,2025-10
2025-10-20 05:00:00+00:00,4.239999771118164,4.239999771118164,4.239999771118164,4.239999771118164,4.239999771118164,4694,LCCINFOTEC,2025-10
2025-10-20 05:05:00+00:00,4.300000190734863,4.300000190734863,4.300000190734863,4.239999771118164,4.239999771118164,0,LCCINFOTEC,2025-10
2025-10-20 05:10:00+00:00,4.300000190734863,4.300000190734863,4.300000190734863,4.300000190734863,4.300000190734863,600,LCCINFOTEC,2025-10
2025-10-20 05:15:00+00:00,4.28000020980835,4.28000020980835,4.28000020980835,4.28000020980835,4.28000020980835,100,LCCINFOTEC,2025-10
2025-10-20 05:25:00+00:00,4.239999771118164,4.239999771118164,4.239999771118164,4.239999771118164,4.239999771118164,5540,LCCINFOTEC,2025-10
2025-10-20 05:35:00+00:00,4.239999771118164,4.239999771118164,4.239999771118164,4.239999771118164,4.239999771118164,0,LCCINFOTEC,2025-10
2025-10-20 05:55:00+00:00,4.28000020980835,4.28000020980835,4.28000020980835,4.239999771118164,4.28000020980835,55,LCCINFOTEC,2025-10
2025-10-20 06:00:00+00:00,4.239999771118164,4.239999771118164,4.28000020980835,4.239999771118164,4.28000020980835,131,LCCINFOTEC,2025-10
2025-10-20 06:10:00+00:00,4.28000020980835,4.28000020980835,4.28000020980835,4.28000020980835,4.28000020980835,50,LCCINFOTEC,2025-10
2025-10-20 06:35:00+00:00,4.28000020980835,4.28000020980835,4.28000020980835,4.28000020980835,4.28000020980835,1502,LCCINFOTEC,2025-10
2025-10-20 06:40:00+00:00,4.300000190734863,4.300000190734863,4.300000190734863,4.28000020980835,4.28000020980835,50,LCCINFOTEC,2025-10
2025-10-20 06:45:00+00:00,4.28000020980835,4.28000020980835,4.300000190734863,4.28000020980835,4.300000190734863,9,LCCINFOTEC,2025-10
2025-10-20 06:55:00+00:00,4.300000190734863,4.300000190734863,4.300000190734863,4.300000190734863,4.300000190734863,4,LCCINFOTEC,2025-10
2025-10-20 07:00:00+00:00,4.300000190734863,4.300000190734863,4.300000190734863,4.300000190734863,4.300000190734863,0,LCCINFOTEC,2025-10
2025-10-20 07:10:00+00:00,4.300000190734863,4.300000190734863,4.300000190734863,4.300000190734863,4.300000190734863,1819,LCCINFOTEC,2025-10
2025-10-20 07:15:00+00:00,4.300000190734863,4.300000190734863,4.300000190734863,4.300000190734863,4.300000190734863,55,LCCINFOTEC,2025-10
2025-10-20 07:20:00+00:00,4.300000190734863,4.300000190734863,4.300000190734863,4.300000190734863,4.300000190734863,210,LCCINFOTEC,2025-10
2025-10-20 07:25:00+00:00,4.28000020980835,4.28000020980835,4.300000190734863,4.28000020980835,4.300000190734863,0,LCCINFOTEC,2025-10
2025-10-20 07:30:00+00:00,4.28000020980835,4.28000020980835,4.28000020980835,4.28000020980835,4.28000020980835,0,LCCINFOTEC,2025-10
2025-10-20 07:40:00+00:00,4.239999771118164,4.239999771118164,4.239999771118164,4.239999771118164,4.239999771118164,1504,LCCINFOTEC,2025-10
2025-10-20 07:45:00+00:00,4.300000190734863,4.300000190734863,4.300000190734863,4.28000020980835,4.28000020980835,103,LCCINFOTEC,2025-10
2025-10-20 07:50:00+00:00,4.300000190734863,4.300000190734863,4.300000190734863,4.300000190734863,4.300000190734863,0,LCCINFOTEC,2025-10
2025-10-20 08:10:00+00:00,4.300000190734863,4.300000190734863,4.300000190734863,4.300000190734863,4.300000190734863,696,LCCINFOTEC,2025-10
2025-10-20 08:20:00+00:00,4.28000020980835,4.28000020980835,4.300000190734863,4.28000020980835,4.300000190734863,1152,LCCINFOTEC,2025-10
2025-10-20 08:25:00+00:00,4.300000190734863,4.300000190734863,4.300000190734863,4.300000190734863,4.300000190734863,0,LCCINFOTEC,2025-10
2025-10-20 08:30:00+00:00,4.300000190734863,4.300000190734863,4.300000190734863,4.300000190734863,4.300000190734863,0,LCCINFOTEC,2025-10
2025-10-20 08:35:00+00:00,4.300000190734863,4.300000190734863,4.300000190734863,4.300000190734863,4.300000190734863,11,LCCINFOTEC,2025-10
2025-10-20 08:40:00+00:00,4.300000190734863,4.300000190734863,4.300000190734863,4.300000190734863,4.300000190734863,20,LCCINFOTEC,2025-10
2025-10-20 08:45:00+00:00,4.28000020980835,4.28000020980835,4.300000190734863,4.28000020980835,4.28000020980835,421,LCCINFOTEC,2025-10
2025-10-20 09:10:00+00:00,4.28000020980835,4.28000020980835,4.28000020980835,4.28000020980835,4.28000020980835,15,LCCINFOTEC,2025-10
2025-10-20 09:15:00+00:00,4.289999961853027,4.289999961853027,4.289999961853027,4.289999961853027,4.289999961853027,996,LCCINFOTEC,2025-10
2025-10-20 09:25:00+00:00,4.289999961853027,4.289999961853027,4.289999961853027,4.289999961853027,4.289999961853027,204,LCCINFOTEC,2025-10
2025-10-20 09:30:00+00:00,4.289999961853027,4.289999961853027,4.289999961853027,4.289999961853027,4.289999961853027,400,LCCINFOTEC,2025-10
2025-10-20 09:45:00+00:00,4.289999961853027,4.289999961853027,4.289999961853027,4.210000038146973,4.210000038146973,11000,LCCINFOTEC,2025-10
2025-10-20 09:55:00+00:00,4.230000019073486,4.230000019073486,4.25,4.230000019073486,4.25,102,LCCINFOTEC,2025-10
