datetime,adj_close,adj_close,close,close,high,high,low,low,open,open,volume,volume,symbol,month
2025-09-01 03:45:00+00:00,,134.0,,134.0,,134.0,,133.08999633789062,,133.08999633789062,,0.0,KRITI,2025-09
2025-09-01 03:50:00+00:00,,134.0,,134.0,,134.0,,132.5,,132.5,,82.0,KRITI,2025-09
2025-09-01 03:55:00+00:00,,134.0,,134.0,,134.0,,134.0,,134.0,,446.0,KRITI,2025-09
2025-09-01 04:00:00+00:00,,134.0,,134.0,,134.5,,134.0,,134.5,,0.0,KRITI,2025-09
2025-09-01 04:05:00+00:00,,135.0,,135.0,,135.0,,135.0,,135.0,,0.0,KRITI,2025-09
2025-09-01 04:15:00+00:00,,134.3300018310547,,134.3300018310547,,134.3300018310547,,134.3300018310547,,134.3300018310547,,0.0,KRITI,2025-09
2025-09-01 04:30:00+00:00,,134.5,,134.5,,134.5,,134.5,,134.5,,45.0,KRITI,2025-09
2025-09-01 04:35:00+00:00,,132.60000610351562,,132.60000610351562,,134.0,,132.60000610351562,,134.0,,145.0,KRITI,2025-09
2025-09-01 04:40:00+00:00,,132.5,,132.5,,132.5,,132.5,,132.5,,58.0,KRITI,2025-09
2025-09-01 04:45:00+00:00,450.0,134.0,450.0,134.0,450.0,134.0,450.0,134.0,450.0,134.0,0.0,0.0,KRITI,2025-09
2025-09-01 05:10:00+00:00,,134.0,,134.0,,134.0,,134.0,,134.0,,1383.0,KRITI,2025-09
2025-09-01 05:15:00+00:00,,134.0,,134.0,,134.0,,134.0,,134.0,,0.0,KRITI,2025-09
2025-09-01 05:25:00+00:00,,135.0,,135.0,,135.0,,135.0,,135.0,,500.0,KRITI,2025-09
2025-09-01 05:40:00+00:00,443.0,,443.0,,443.0,,443.0,,443.0,,63.0,,KRITI,2025-09
2025-09-01 05:45:00+00:00,,135.0,,135.0,,135.0,,135.0,,135.0,,1600.0,KRITI,2025-09
2025-09-01 06:05:00+00:00,,132.6300048828125,,132.6300048828125,,132.6300048828125,,132.61000061035156,,132.61000061035156,,21.0,KRITI,2025-09
2025-09-01 06:10:00+00:00,,132.64999389648438,,132.64999389648438,,132.64999389648438,,132.64999389648438,,132.64999389648438,,1.0,KRITI,2025-09
2025-09-01 06:30:00+00:00,,132.64999389648438,,132.64999389648438,,132.64999389648438,,132.64999389648438,,132.64999389648438,,6.0,KRITI,2025-09
2025-09-01 06:40:00+00:00,443.0,,443.0,,443.0,,443.0,,443.0,,26.0,,KRITI,2025-09
2025-09-01 06:50:00+00:00,,132.64999389648438,,132.64999389648438,,132.64999389648438,,132.64999389648438,,132.64999389648438,,70.0,KRITI,2025-09
2025-09-01 06:55:00+00:00,,132.60000610351562,,132.60000610351562,,132.60000610351562,,132.60000610351562,,132.60000610351562,,93.0,KRITI,2025-09
2025-09-01 07:20:00+00:00,,134.0,,134.0,,134.0,,134.0,,134.0,,200.0,KRITI,2025-09
2025-09-01 07:30:00+00:00,,134.0,,134.0,,134.0,,134.0,,134.0,,10.0,KRITI,2025-09
2025-09-01 07:35:00+00:00,,134.0,,134.0,,134.0,,134.0,,134.0,,0.0,KRITI,2025-09
2025-09-01 07:40:00+00:00,442.0,,442.0,,442.0,,442.0,,442.0,,245.0,,KRITI,2025-09
2025-09-01 07:50:00+00:00,,135.0,,135.0,,135.0,,135.0,,135.0,,50.0,KRITI,2025-09
2025-09-01 07:55:00+00:00,,135.0,,135.0,,135.0,,135.0,,135.0,,1.0,KRITI,2025-09
2025-09-01 08:40:00+00:00,444.20001220703125,,444.20001220703125,,444.20001220703125,,444.20001220703125,,444.20001220703125,,25.0,,KRITI,2025-09
2025-09-01 08:45:00+00:00,,135.0,,135.0,,135.0,,135.0,,135.0,,126.0,KRITI,2025-09
2025-09-01 09:00:00+00:00,,134.00999450683594,,134.00999450683594,,134.00999450683594,,134.00999450683594,,134.00999450683594,,5.0,KRITI,2025-09
2025-09-01 09:40:00+00:00,451.0,135.0,451.0,135.0,451.0,135.0,451.0,135.0,451.0,135.0,757.0,50.0,KRITI,2025-09
2025-09-01 09:45:00+00:00,,134.00999450683594,,134.00999450683594,,134.00999450683594,,134.00999450683594,,134.00999450683594,,0.0,KRITI,2025-09
2025-09-01 09:50:00+00:00,,133.72999572753906,,133.72999572753906,,135.0,,133.0,,135.0,,1495.0,KRITI,2025-09
2025-09-02 03:45:00+00:00,,135.0,,135.0,,135.0,,129.0,,129.0,,0.0,KRITI,2025-09
2025-09-02 03:50:00+00:00,,135.0,,135.0,,135.0,,131.0,,131.0,,383.0,KRITI,2025-09
2025-09-02 04:20:00+00:00,,135.0,,135.0,,135.0,,135.0,,135.0,,50.0,KRITI,2025-09
2025-09-02 04:40:00+00:00,455.0,135.0,455.0,135.0,455.0,135.0,455.0,135.0,455.0,135.0,0.0,1100.0,KRITI,2025-09
2025-09-02 05:45:00+00:00,452.75,,452.75,,452.75,,452.75,,452.75,,438.0,,KRITI,2025-09
2025-09-02 06:00:00+00:00,,133.14999389648438,,133.14999389648438,,133.14999389648438,,133.14999389648438,,133.14999389648438,,10.0,KRITI,2025-09
2025-09-02 06:20:00+00:00,,134.99000549316406,,134.99000549316406,,134.99000549316406,,134.99000549316406,,134.99000549316406,,50.0,KRITI,2025-09
2025-09-02 06:45:00+00:00,452.75,,452.75,,452.75,,452.75,,452.75,,2203.0,,KRITI,2025-09
2025-09-02 06:55:00+00:00,,132.5,,132.5,,132.5,,132.5,,132.5,,975.0,KRITI,2025-09
2025-09-02 07:00:00+00:00,,132.5,,132.5,,132.5,,132.5,,132.5,,0.0,KRITI,2025-09
2025-09-02 07:10:00+00:00,,135.0,,135.0,,135.0,,132.5,,132.5,,145.0,KRITI,2025-09
2025-09-02 07:30:00+00:00,,135.0,,135.0,,135.0,,135.0,,135.0,,185.0,KRITI,2025-09
2025-09-02 07:40:00+00:00,452.75,132.5,452.75,132.5,452.75,132.5,452.75,132.5,452.75,132.5,2771.0,5.0,KRITI,2025-09
2025-09-02 07:55:00+00:00,,135.0,,135.0,,135.0,,135.0,,135.0,,51.0,KRITI,2025-09
2025-09-02 08:30:00+00:00,,132.60000610351562,,132.60000610351562,,132.60000610351562,,132.60000610351562,,132.60000610351562,,108.0,KRITI,2025-09
2025-09-02 08:35:00+00:00,,134.99000549316406,,134.99000549316406,,134.99000549316406,,134.99000549316406,,134.99000549316406,,250.0,KRITI,2025-09
2025-09-02 08:40:00+00:00,451.8999938964844,,451.8999938964844,,451.8999938964844,,451.8999938964844,,451.8999938964844,,2081.0,,KRITI,2025-09
2025-09-02 09:15:00+00:00,,132.60000610351562,,132.60000610351562,,132.60000610351562,,132.60000610351562,,132.60000610351562,,1.0,KRITI,2025-09
2025-09-02 09:35:00+00:00,,134.99000549316406,,134.99000549316406,,134.99000549316406,,134.99000549316406,,134.99000549316406,,90.0,KRITI,2025-09
2025-09-02 09:40:00+00:00,452.75,,452.75,,452.75,,452.75,,452.75,,2469.0,,KRITI,2025-09
2025-09-02 09:45:00+00:00,,134.99000549316406,,134.99000549316406,,134.99000549316406,,134.99000549316406,,134.99000549316406,,0.0,KRITI,2025-09
2025-09-02 09:55:00+00:00,,134.1999969482422,,134.1999969482422,,134.1999969482422,,133.0,,133.0,,0.0,KRITI,2025-09
2025-09-03 03:55:00+00:00,,134.1999969482422,,134.1999969482422,,134.1999969482422,,134.1999969482422,,134.1999969482422,,6.0,KRITI,2025-09
2025-09-03 04:05:00+00:00,,133.0,,133.0,,133.0,,132.60000610351562,,133.0,,566.0,KRITI,2025-09
2025-09-03 04:10:00+00:00,,133.0,,133.0,,133.0,,133.0,,133.0,,140.0,KRITI,2025-09
2025-09-03 04:15:00+00:00,,135.0,,135.0,,135.0,,135.0,,135.0,,1515.0,KRITI,2025-09
2025-09-03 04:30:00+00:00,,135.0,,135.0,,135.0,,135.0,,135.0,,878.0,KRITI,2025-09
2025-09-03 04:35:00+00:00,,135.5,,135.5,,135.5,,135.0,,135.0,,132.0,KRITI,2025-09
2025-09-03 04:40:00+00:00,452.75,,452.75,,452.75,,452.75,,452.75,,0.0,,KRITI,2025-09
2025-09-03 04:55:00+00:00,,134.0,,134.0,,134.0,,134.0,,134.0,,2502.0,KRITI,2025-09
2025-09-03 05:00:00+00:00,,134.0,,134.0,,134.0,,134.0,,134.0,,3797.0,KRITI,2025-09
2025-09-03 05:10:00+00:00,,133.5,,133.5,,133.5,,133.5,,133.5,,700.0,KRITI,2025-09
2025-09-03 05:15:00+00:00,,133.5,,133.5,,133.5,,133.5,,133.5,,250.0,KRITI,2025-09
2025-09-03 05:45:00+00:00,452.75,,452.75,,452.75,,452.75,,452.75,,2082.0,,KRITI,2025-09
2025-09-03 05:55:00+00:00,,133.5,,133.5,,133.5,,133.1999969482422,,133.1999969482422,,300.0,KRITI,2025-09
2025-09-03 06:25:00+00:00,,134.5,,134.5,,134.5,,134.5,,134.5,,438.0,KRITI,2025-09
2025-09-03 06:30:00+00:00,,134.99000549316406,,134.99000549316406,,134.99000549316406,,134.99000549316406,,134.99000549316406,,0.0,KRITI,2025-09
2025-09-03 06:40:00+00:00,452.75,133.5,452.75,133.5,452.75,133.5,452.75,133.5,452.75,133.5,2371.0,180.0,KRITI,2025-09
2025-09-03 06:45:00+00:00,,133.5,,133.5,,133.5,,133.5,,133.5,,384.0,KRITI,2025-09
2025-09-03 07:00:00+00:00,,133.5,,133.5,,133.5,,133.5,,133.5,,100.0,KRITI,2025-09
2025-09-03 07:05:00+00:00,,134.89999389648438,,134.89999389648438,,134.89999389648438,,134.89999389648438,,134.89999389648438,,0.0,KRITI,2025-09
2025-09-03 07:20:00+00:00,,135.0,,135.0,,135.0,,135.0,,135.0,,3608.0,KRITI,2025-09
2025-09-03 07:25:00+00:00,,135.0,,135.0,,135.0,,135.0,,135.0,,1000.0,KRITI,2025-09
2025-09-03 07:30:00+00:00,,133.10000610351562,,133.10000610351562,,133.10000610351562,,133.10000610351562,,133.10000610351562,,329.0,KRITI,2025-09
2025-09-03 07:40:00+00:00,452.70001220703125,135.0,452.70001220703125,135.0,452.70001220703125,135.0,452.70001220703125,135.0,452.70001220703125,135.0,2637.0,684.0,KRITI,2025-09
2025-09-03 07:45:00+00:00,,135.0,,135.0,,135.0,,135.0,,135.0,,0.0,KRITI,2025-09
2025-09-03 07:55:00+00:00,,135.0,,135.0,,135.0,,135.0,,135.0,,1146.0,KRITI,2025-09
2025-09-03 08:00:00+00:00,,135.0,,135.0,,135.0,,135.0,,135.0,,281.0,KRITI,2025-09
2025-09-03 08:05:00+00:00,,135.0,,135.0,,135.0,,135.0,,135.0,,1146.0,KRITI,2025-09
2025-09-03 08:15:00+00:00,,135.0,,135.0,,135.0,,135.0,,135.0,,3.0,KRITI,2025-09
2025-09-03 08:20:00+00:00,,135.0,,135.0,,135.0,,135.0,,135.0,,14.0,KRITI,2025-09
2025-09-03 08:35:00+00:00,,133.10000610351562,,133.10000610351562,,135.0,,133.10000610351562,,133.10000610351562,,98.0,KRITI,2025-09
2025-09-03 08:40:00+00:00,450.1000061035156,135.0,450.1000061035156,135.0,450.1000061035156,135.0,450.1000061035156,135.0,450.1000061035156,135.0,765.0,10.0,KRITI,2025-09
2025-09-03 08:55:00+00:00,,135.0,,135.0,,135.0,,135.0,,135.0,,2.0,KRITI,2025-09
2025-09-03 09:00:00+00:00,,135.0,,135.0,,135.0,,135.0,,135.0,,0.0,KRITI,2025-09
2025-09-03 09:10:00+00:00,,135.0,,135.0,,135.0,,135.0,,135.0,,800.0,KRITI,2025-09
2025-09-03 09:35:00+00:00,,135.0,,135.0,,135.0,,135.0,,135.0,,200.0,KRITI,2025-09
2025-09-03 09:45:00+00:00,449.0,135.5,449.0,135.5,449.0,135.5,449.0,135.0,449.0,135.0,330.0,152.0,KRITI,2025-09
2025-09-03 09:55:00+00:00,,135.2100067138672,,135.2100067138672,,135.5,,135.2100067138672,,135.5,,0.0,KRITI,2025-09
2025-09-04 03:45:00+00:00,,131.1999969482422,,131.1999969482422,,131.1999969482422,,131.1999969482422,,131.1999969482422,,2.0,KRITI,2025-09
2025-09-04 03:50:00+00:00,,134.99000549316406,,134.99000549316406,,134.99000549316406,,134.99000549316406,,134.99000549316406,,2.0,KRITI,2025-09
2025-09-04 03:55:00+00:00,,132.5,,132.5,,135.0,,132.5,,134.99000549316406,,2001.0,KRITI,2025-09
2025-09-04 04:00:00+00:00,,135.0,,135.0,,135.5,,135.0,,135.0,,1309.0,KRITI,2025-09
2025-09-04 04:05:00+00:00,,135.5,,135.5,,135.5,,135.0,,135.0,,900.0,KRITI,2025-09
2025-09-04 04:25:00+00:00,,135.0,,135.0,,135.0,,135.0,,135.0,,1280.0,KRITI,2025-09
2025-09-04 04:30:00+00:00,,135.0,,135.0,,135.0,,132.5,,135.0,,0.0,KRITI,2025-09
2025-09-04 04:45:00+00:00,449.0,,449.0,,449.0,,449.0,,449.0,,0.0,,KRITI,2025-09
2025-09-04 04:55:00+00:00,,135.0,,135.0,,135.0,,135.0,,135.0,,16.0,KRITI,2025-09
2025-09-04 05:00:00+00:00,,135.0,,135.0,,135.0,,135.0,,135.0,,0.0,KRITI,2025-09
2025-09-04 05:40:00+00:00,449.0,,449.0,,449.0,,449.0,,449.0,,3228.0,,KRITI,2025-09
2025-09-04 06:00:00+00:00,,135.0,,135.0,,135.0,,135.0,,135.0,,10.0,KRITI,2025-09
2025-09-04 06:40:00+00:00,449.0,,449.0,,449.0,,449.0,,449.0,,2885.0,,KRITI,2025-09
2025-09-04 06:45:00+00:00,,132.5,,132.5,,132.5,,132.5,,132.5,,450.0,KRITI,2025-09
2025-09-04 07:10:00+00:00,,135.0,,135.0,,135.0,,133.0,,133.0,,101.0,KRITI,2025-09
2025-09-04 07:40:00+00:00,,135.0,,135.0,,135.0,,135.0,,135.0,,10.0,KRITI,2025-09
2025-09-04 07:45:00+00:00,454.0,,454.0,,454.0,,454.0,,454.0,,1265.0,,KRITI,2025-09
2025-09-04 08:00:00+00:00,,135.0,,135.0,,135.0,,135.0,,135.0,,10.0,KRITI,2025-09
2025-09-04 08:25:00+00:00,,133.0,,133.0,,133.0,,133.0,,133.0,,150.0,KRITI,2025-09
2025-09-04 08:40:00+00:00,453.0,,453.0,,453.0,,453.0,,453.0,,145.0,,KRITI,2025-09
2025-09-04 09:15:00+00:00,,134.77000427246094,,134.77000427246094,,134.77000427246094,,134.77000427246094,,134.77000427246094,,5.0,KRITI,2025-09
2025-09-04 09:35:00+00:00,,133.0,,133.0,,133.0,,133.0,,133.0,,200.0,KRITI,2025-09
2025-09-04 09:40:00+00:00,451.79998779296875,133.0,451.79998779296875,133.0,451.79998779296875,133.0,451.79998779296875,133.0,451.79998779296875,133.0,105.0,54.0,KRITI,2025-09
2025-09-04 09:55:00+00:00,,133.0,,133.0,,133.0,,133.0,,133.0,,13.0,KRITI,2025-09
2025-09-05 03:50:00+00:00,,132.60000610351562,,132.60000610351562,,132.60000610351562,,132.60000610351562,,132.60000610351562,,0.0,KRITI,2025-09
2025-09-05 04:45:00+00:00,451.79998779296875,,451.79998779296875,,451.79998779296875,,451.79998779296875,,451.79998779296875,,0.0,,KRITI,2025-09
2025-09-05 05:00:00+00:00,,132.60000610351562,,132.60000610351562,,132.60000610351562,,132.60000610351562,,132.60000610351562,,24.0,KRITI,2025-09
2025-09-05 05:15:00+00:00,,135.0,,135.0,,135.0,,132.75,,132.75,,15070.0,KRITI,2025-09
2025-09-05 05:25:00+00:00,,135.0,,135.0,,135.0,,135.0,,135.0,,3000.0,KRITI,2025-09
2025-09-05 05:35:00+00:00,,132.75,,132.75,,132.75,,132.75,,132.75,,0.0,KRITI,2025-09
2025-09-05 05:40:00+00:00,450.0,,450.0,,450.0,,450.0,,450.0,,312.0,,KRITI,2025-09
2025-09-05 06:10:00+00:00,,135.0,,135.0,,135.0,,135.0,,135.0,,1150.0,KRITI,2025-09
2025-09-05 06:15:00+00:00,,135.0,,135.0,,135.0,,135.0,,135.0,,61.0,KRITI,2025-09
2025-09-05 06:35:00+00:00,,132.75,,132.75,,132.75,,132.75,,132.75,,7.0,KRITI,2025-09
2025-09-05 06:40:00+00:00,450.0,,450.0,,450.0,,450.0,,450.0,,27.0,,KRITI,2025-09
2025-09-05 06:50:00+00:00,,132.75,,132.75,,132.75,,132.75,,132.75,,205.0,KRITI,2025-09
2025-09-05 07:05:00+00:00,,132.5,,132.5,,132.60000610351562,,132.5,,132.60000610351562,,1474.0,KRITI,2025-09
2025-09-05 07:15:00+00:00,,132.5,,132.5,,132.5,,131.5,,131.5,,84.0,KRITI,2025-09
2025-09-05 07:20:00+00:00,,131.50999450683594,,131.50999450683594,,131.50999450683594,,131.50999450683594,,131.50999450683594,,22.0,KRITI,2025-09
2025-09-05 07:30:00+00:00,,135.0,,135.0,,135.0,,135.0,,135.0,,354.0,KRITI,2025-09
2025-09-05 07:40:00+00:00,449.0,,449.0,,449.0,,449.0,,449.0,,32.0,,KRITI,2025-09
2025-09-05 08:10:00+00:00,,135.0,,135.0,,135.0,,135.0,,135.0,,20.0,KRITI,2025-09
2025-09-05 08:15:00+00:00,,135.0,,135.0,,135.0,,131.60000610351562,,131.60000610351562,,218.0,KRITI,2025-09
2025-09-05 08:35:00+00:00,,135.0,,135.0,,135.0,,135.0,,135.0,,72.0,KRITI,2025-09
2025-09-05 08:40:00+00:00,445.0,132.0,445.0,132.0,445.0,132.0,445.0,132.0,445.0,132.0,932.0,5.0,KRITI,2025-09
2025-09-05 08:55:00+00:00,,135.0,,135.0,,135.0,,135.0,,135.0,,1042.0,KRITI,2025-09
2025-09-05 09:00:00+00:00,,134.0,,134.0,,134.0,,134.0,,134.0,,0.0,KRITI,2025-09
2025-09-05 09:25:00+00:00,,134.0,,134.0,,134.0,,134.0,,134.0,,70.0,KRITI,2025-09
2025-09-05 09:35:00+00:00,,132.0,,132.0,,132.0,,132.0,,132.0,,2790.0,KRITI,2025-09
2025-09-05 09:45:00+00:00,442.79998779296875,,442.79998779296875,,442.79998779296875,,442.79998779296875,,442.79998779296875,,298.0,,KRITI,2025-09
2025-09-05 09:55:00+00:00,,132.30999755859375,,132.30999755859375,,135.0,,132.30999755859375,,135.0,,0.0,KRITI,2025-09
2025-09-08 03:45:00+00:00,,131.00999450683594,,131.00999450683594,,131.00999450683594,,131.00999450683594,,131.00999450683594,,0.0,KRITI,2025-09
2025-09-08 03:55:00+00:00,,131.5,,131.5,,131.5,,131.5,,131.5,,185.0,KRITI,2025-09
2025-09-08 04:05:00+00:00,,135.0,,135.0,,135.0,,135.0,,135.0,,0.0,KRITI,2025-09
2025-09-08 04:10:00+00:00,,135.0,,135.0,,135.0,,135.0,,135.0,,4.0,KRITI,2025-09
2025-09-08 04:30:00+00:00,,135.0,,135.0,,135.0,,135.0,,135.0,,126.0,KRITI,2025-09
2025-09-08 04:45:00+00:00,450.0,131.5,450.0,131.5,450.0,131.50999450683594,450.0,131.5,450.0,131.50999450683594,0.0,626.0,KRITI,2025-09
2025-09-08 04:50:00+00:00,,134.89999389648438,,134.89999389648438,,134.89999389648438,,134.89999389648438,,134.89999389648438,,0.0,KRITI,2025-09
2025-09-08 05:20:00+00:00,,134.82000732421875,,134.82000732421875,,134.82000732421875,,134.82000732421875,,134.82000732421875,,23.0,KRITI,2025-09
2025-09-08 05:25:00+00:00,,133.0,,133.0,,133.0,,133.0,,133.0,,126.0,KRITI,2025-09
2025-09-08 05:35:00+00:00,,133.0,,133.0,,133.0,,133.0,,133.0,,375.0,KRITI,2025-09
2025-09-08 05:45:00+00:00,445.0,,445.0,,445.0,,445.0,,445.0,,37.0,,KRITI,2025-09
2025-09-08 05:50:00+00:00,,134.85000610351562,,134.85000610351562,,134.85000610351562,,134.85000610351562,,134.85000610351562,,1.0,KRITI,2025-09
2025-09-08 06:10:00+00:00,,133.0,,133.0,,133.0,,133.0,,133.0,,95.0,KRITI,2025-09
2025-09-08 06:15:00+00:00,,134.0,,134.0,,134.0,,134.0,,134.0,,45.0,KRITI,2025-09
2025-09-08 06:20:00+00:00,,134.0,,134.0,,134.0,,134.0,,134.0,,0.0,KRITI,2025-09
2025-09-08 06:40:00+00:00,442.0,,442.0,,442.0,,442.0,,442.0,,416.0,,KRITI,2025-09
2025-09-08 07:30:00+00:00,,134.0,,134.0,,134.0,,134.0,,134.0,,15.0,KRITI,2025-09
2025-09-08 07:40:00+00:00,,133.0,,133.0,,133.0,,133.0,,133.0,,142.0,KRITI,2025-09
2025-09-08 07:45:00+00:00,439.75,,439.75,,439.75,,439.75,,439.75,,20026.0,,KRITI,2025-09
2025-09-08 07:55:00+00:00,,133.0,,133.0,,133.0,,133.0,,133.0,,100.0,KRITI,2025-09
2025-09-08 08:00:00+00:00,,133.89999389648438,,133.89999389648438,,133.89999389648438,,133.89999389648438,,133.89999389648438,,41.0,KRITI,2025-09
2025-09-08 08:30:00+00:00,,133.89999389648438,,133.89999389648438,,133.89999389648438,,133.89999389648438,,133.89999389648438,,300.0,KRITI,2025-09
2025-09-08 08:40:00+00:00,435.0,,435.0,,435.0,,435.0,,435.0,,578.0,,KRITI,2025-09
2025-09-08 08:45:00+00:00,,134.0,,134.0,,134.0,,134.0,,134.0,,192.0,KRITI,2025-09
2025-09-08 09:00:00+00:00,,135.0,,135.0,,135.0,,134.0,,134.0,,1535.0,KRITI,2025-09
2025-09-08 09:05:00+00:00,,135.0,,135.0,,135.0,,135.0,,135.0,,53.0,KRITI,2025-09
2025-09-08 09:10:00+00:00,,134.6699981689453,,134.6699981689453,,134.6699981689453,,134.6699981689453,,134.6699981689453,,1.0,KRITI,2025-09
2025-09-08 09:40:00+00:00,449.8999938964844,134.6699981689453,449.8999938964844,134.6699981689453,449.8999938964844,135.0,449.8999938964844,134.6699981689453,449.8999938964844,135.0,1500.0,700.0,KRITI,2025-09
2025-09-08 09:45:00+00:00,,134.6699981689453,,134.6699981689453,,134.6699981689453,,134.6699981689453,,134.6699981689453,,83.0,KRITI,2025-09
2025-09-08 09:50:00+00:00,,133.0,,133.0,,133.0,,133.0,,133.0,,130.0,KRITI,2025-09
2025-09-08 09:55:00+00:00,,134.5500030517578,,134.5500030517578,,134.5500030517578,,132.0,,132.5,,0.0,KRITI,2025-09
2025-09-09 03:45:00+00:00,,131.17999267578125,,131.17999267578125,,132.0,,131.17999267578125,,132.0,,165.0,KRITI,2025-09
2025-09-09 03:55:00+00:00,,131.3000030517578,,131.3000030517578,,132.0,,131.3000030517578,,132.0,,360.0,KRITI,2025-09
2025-09-09 04:15:00+00:00,,131.3000030517578,,131.3000030517578,,131.3000030517578,,131.3000030517578,,131.3000030517578,,126.0,KRITI,2025-09
2025-09-09 04:20:00+00:00,,132.0,,132.0,,132.0,,132.0,,132.0,,50.0,KRITI,2025-09
2025-09-09 04:25:00+00:00,,133.77999877929688,,133.77999877929688,,133.77999877929688,,133.77999877929688,,133.77999877929688,,0.0,KRITI,2025-09
2025-09-09 04:40:00+00:00,448.0,133.77999877929688,448.0,133.77999877929688,448.0,133.77999877929688,448.0,133.77999877929688,448.0,133.77999877929688,0.0,96.0,KRITI,2025-09
2025-09-09 04:45:00+00:00,,133.77999877929688,,133.77999877929688,,133.77999877929688,,133.77999877929688,,133.77999877929688,,0.0,KRITI,2025-09
2025-09-09 04:55:00+00:00,,133.77999877929688,,133.77999877929688,,133.77999877929688,,133.77999877929688,,133.77999877929688,,5.0,KRITI,2025-09
2025-09-09 05:05:00+00:00,,135.0,,135.0,,135.0,,133.77999877929688,,133.77999877929688,,1361.0,KRITI,2025-09
2025-09-09 05:10:00+00:00,,134.9499969482422,,134.9499969482422,,134.9499969482422,,134.9499969482422,,134.9499969482422,,0.0,KRITI,2025-09
2025-09-09 05:40:00+00:00,449.0,,449.0,,449.0,,449.0,,449.0,,2245.0,,KRITI,2025-09
2025-09-09 05:55:00+00:00,,134.89999389648438,,134.89999389648438,,134.89999389648438,,134.89999389648438,,134.89999389648438,,10.0,KRITI,2025-09
2025-09-09 06:10:00+00:00,,134.85000610351562,,134.85000610351562,,134.85000610351562,,134.85000610351562,,134.85000610351562,,25.0,KRITI,2025-09
2025-09-09 06:40:00+00:00,448.0,,448.0,,448.0,,448.0,,448.0,,1698.0,,KRITI,2025-09
2025-09-09 07:05:00+00:00,,134.8000030517578,,134.8000030517578,,134.8000030517578,,134.8000030517578,,134.8000030517578,,200.0,KRITI,2025-09
2025-09-09 07:10:00+00:00,,132.0,,132.0,,132.0,,132.0,,132.0,,50.0,KRITI,2025-09
2025-09-09 07:30:00+00:00,,135.0,,135.0,,135.0,,135.0,,135.0,,1000.0,KRITI,2025-09
2025-09-09 07:40:00+00:00,445.0,134.0,445.0,134.0,445.0,134.0,445.0,134.0,445.0,134.0,360.0,400.0,KRITI,2025-09
2025-09-09 07:50:00+00:00,,135.0,,135.0,,135.0,,135.0,,135.0,,0.0,KRITI,2025-09
2025-09-09 08:00:00+00:00,,134.0,,134.0,,134.0,,134.0,,134.0,,500.0,KRITI,2025-09
2025-09-09 08:05:00+00:00,,134.0,,134.0,,134.0,,134.0,,134.0,,1002.0,KRITI,2025-09
2025-09-09 08:20:00+00:00,,135.0,,135.0,,135.0,,135.0,,135.0,,0.0,KRITI,2025-09
2025-09-09 08:30:00+00:00,,134.0,,134.0,,134.0,,134.0,,134.0,,5000.0,KRITI,2025-09
2025-09-09 08:35:00+00:00,,134.0,,134.0,,134.0,,134.0,,134.0,,4943.0,KRITI,2025-09
2025-09-09 08:45:00+00:00,445.0,135.0,445.0,135.0,445.0,135.0,445.0,134.0,445.0,134.0,2430.0,95.0,KRITI,2025-09
2025-09-09 09:00:00+00:00,,135.0,,135.0,,135.0,,135.0,,135.0,,7.0,KRITI,2025-09
2025-09-09 09:10:00+00:00,,133.10000610351562,,133.10000610351562,,133.10000610351562,,133.10000610351562,,133.10000610351562,,4.0,KRITI,2025-09
2025-09-09 09:20:00+00:00,,132.0,,132.0,,132.0,,132.0,,132.0,,31.0,KRITI,2025-09
2025-09-09 09:40:00+00:00,447.20001220703125,135.0,447.20001220703125,135.0,447.20001220703125,135.0,447.20001220703125,134.89999389648438,447.20001220703125,134.89999389648438,83.0,948.0,KRITI,2025-09
2025-09-09 09:55:00+00:00,,134.97999572753906,,134.97999572753906,,135.0,,134.97999572753906,,135.0,,0.0,KRITI,2025-09
2025-09-10 03:45:00+00:00,,135.17999267578125,,135.17999267578125,,138.0,,135.17999267578125,,138.0,,284.0,KRITI,2025-09
2025-09-10 03:55:00+00:00,,137.89999389648438,,137.89999389648438,,137.99000549316406,,135.0,,135.0,,1252.0,KRITI,2025-09
2025-09-10 04:00:00+00:00,,137.89999389648438,,137.89999389648438,,137.89999389648438,,137.89999389648438,,137.89999389648438,,110.0,KRITI,2025-09
2025-09-10 04:05:00+00:00,,137.99000549316406,,137.99000549316406,,137.99000549316406,,137.99000549316406,,137.99000549316406,,779.0,KRITI,2025-09
2025-09-10 04:15:00+00:00,,135.0,,135.0,,135.0,,135.0,,135.0,,50.0,KRITI,2025-09
2025-09-10 04:25:00+00:00,,135.0,,135.0,,135.0,,135.0,,135.0,,1.0,KRITI,2025-09
2025-09-10 04:40:00+00:00,445.0,,445.0,,445.0,,445.0,,445.0,,0.0,,KRITI,2025-09
2025-09-10 04:45:00+00:00,,135.0,,135.0,,135.0,,135.0,,135.0,,38.0,KRITI,2025-09
2025-09-10 05:30:00+00:00,,132.5,,132.5,,132.5,,132.5,,132.5,,34.0,KRITI,2025-09
2025-09-10 05:35:00+00:00,,135.0,,135.0,,135.0,,135.0,,135.0,,33.0,KRITI,2025-09
2025-09-10 05:40:00+00:00,444.0,,444.0,,444.0,,444.0,,444.0,,2164.0,,KRITI,2025-09
2025-09-10 05:50:00+00:00,,135.5,,135.5,,135.5,,135.0,,135.0,,910.0,KRITI,2025-09
2025-09-10 06:05:00+00:00,,135.5,,135.5,,135.5,,135.5,,135.5,,20.0,KRITI,2025-09
2025-09-10 06:20:00+00:00,,134.99000549316406,,134.99000549316406,,134.99000549316406,,134.99000549316406,,134.99000549316406,,40.0,KRITI,2025-09
2025-09-10 06:40:00+00:00,442.04998779296875,,442.04998779296875,,442.04998779296875,,442.04998779296875,,442.04998779296875,,1794.0,,KRITI,2025-09
2025-09-10 06:45:00+00:00,,134.99000549316406,,134.99000549316406,,134.99000549316406,,134.99000549316406,,134.99000549316406,,6.0,KRITI,2025-09
2025-09-10 06:55:00+00:00,,134.99000549316406,,134.99000549316406,,134.99000549316406,,134.99000549316406,,134.99000549316406,,4.0,KRITI,2025-09
2025-09-10 07:00:00+00:00,,134.02000427246094,,134.02000427246094,,134.02000427246094,,134.02000427246094,,134.02000427246094,,46.0,KRITI,2025-09
2025-09-10 07:05:00+00:00,,134.02000427246094,,134.02000427246094,,134.02000427246094,,134.02000427246094,,134.02000427246094,,15.0,KRITI,2025-09
2025-09-10 07:30:00+00:00,,135.0,,135.0,,135.0,,135.0,,135.0,,10.0,KRITI,2025-09
2025-09-10 07:40:00+00:00,,134.0,,134.0,,134.0,,134.0,,134.0,,500.0,KRITI,2025-09
2025-09-10 07:45:00+00:00,445.0,,445.0,,445.0,,445.0,,445.0,,4211.0,,KRITI,2025-09
2025-09-10 08:10:00+00:00,,135.0,,135.0,,135.0,,135.0,,135.0,,295.0,KRITI,2025-09
2025-09-10 08:35:00+00:00,,133.1999969482422,,133.1999969482422,,134.0,,133.1999969482422,,134.0,,90.0,KRITI,2025-09
2025-09-10 08:40:00+00:00,445.0,,445.0,,445.0,,445.0,,445.0,,3204.0,,KRITI,2025-09
2025-09-10 09:20:00+00:00,,134.97999572753906,,134.97999572753906,,134.97999572753906,,134.97999572753906,,134.97999572753906,,1.0,KRITI,2025-09
2025-09-10 09:40:00+00:00,440.0,134.97999572753906,440.0,134.97999572753906,440.0,134.97999572753906,440.0,134.97999572753906,440.0,134.97999572753906,1943.0,350.0,KRITI,2025-09
2025-09-10 09:55:00+00:00,,134.80999755859375,,134.80999755859375,,135.0,,134.5,,134.5,,0.0,KRITI,2025-09
2025-09-11 03:45:00+00:00,,130.5,,130.5,,130.5,,130.5,,130.5,,70.0,KRITI,2025-09
2025-09-11 03:55:00+00:00,,134.9600067138672,,134.9600067138672,,134.9600067138672,,134.9600067138672,,134.9600067138672,,50.0,KRITI,2025-09
2025-09-11 04:00:00+00:00,,134.9600067138672,,134.9600067138672,,134.9600067138672,,134.9600067138672,,134.9600067138672,,0.0,KRITI,2025-09
2025-09-11 04:05:00+00:00,,134.9499969482422,,134.9499969482422,,134.9499969482422,,134.9499969482422,,134.9499969482422,,0.0,KRITI,2025-09
2025-09-11 04:40:00+00:00,445.0,,445.0,,445.0,,445.0,,445.0,,0.0,,KRITI,2025-09
2025-09-11 04:45:00+00:00,,134.88999938964844,,134.88999938964844,,134.88999938964844,,134.88999938964844,,134.88999938964844,,1.0,KRITI,2025-09
2025-09-11 05:15:00+00:00,,132.00999450683594,,132.00999450683594,,132.00999450683594,,132.00999450683594,,132.00999450683594,,4500.0,KRITI,2025-09
2025-09-11 05:20:00+00:00,,132.05999755859375,,132.05999755859375,,132.05999755859375,,132.05999755859375,,132.05999755859375,,2027.0,KRITI,2025-09
2025-09-11 05:40:00+00:00,444.79998779296875,,444.79998779296875,,444.79998779296875,,444.79998779296875,,444.79998779296875,,2215.0,,KRITI,2025-09
2025-09-11 05:45:00+00:00,,132.16000366210938,,132.16000366210938,,132.16000366210938,,132.16000366210938,,132.16000366210938,,54.0,KRITI,2025-09
2025-09-11 05:50:00+00:00,,132.60000610351562,,132.60000610351562,,134.8800048828125,,132.60000610351562,,134.8800048828125,,0.0,KRITI,2025-09
2025-09-11 06:00:00+00:00,,134.8800048828125,,134.8800048828125,,134.8800048828125,,134.8800048828125,,134.8800048828125,,0.0,KRITI,2025-09
2025-09-11 06:40:00+00:00,443.0,,443.0,,443.0,,443.0,,443.0,,1824.0,,KRITI,2025-09
2025-09-11 07:05:00+00:00,,135.0,,135.0,,135.0,,135.0,,135.0,,2283.0,KRITI,2025-09
2025-09-11 07:10:00+00:00,,135.5,,135.5,,135.5,,135.5,,135.5,,1017.0,KRITI,2025-09
2025-09-11 07:45:00+00:00,443.0,,443.0,,443.0,,443.0,,443.0,,1036.0,,KRITI,2025-09
2025-09-11 08:00:00+00:00,,132.8000030517578,,132.8000030517578,,132.8000030517578,,132.8000030517578,,132.8000030517578,,200.0,KRITI,2025-09
2025-09-11 08:05:00+00:00,,135.5,,135.5,,135.5,,135.5,,135.5,,0.0,KRITI,2025-09
2025-09-11 08:15:00+00:00,,135.5,,135.5,,135.5,,135.5,,135.5,,5.0,KRITI,2025-09
2025-09-11 08:25:00+00:00,,135.5,,135.5,,135.5,,135.5,,135.5,,10.0,KRITI,2025-09
2025-09-11 08:40:00+00:00,445.0,132.8000030517578,445.0,132.8000030517578,445.0,132.8000030517578,445.0,132.8000030517578,445.0,132.8000030517578,2368.0,40.0,KRITI,2025-09
2025-09-11 08:45:00+00:00,,135.5,,135.5,,135.5,,135.5,,135.5,,0.0,KRITI,2025-09
2025-09-11 09:05:00+00:00,,135.5,,135.5,,135.5,,135.5,,135.5,,11.0,KRITI,2025-09
2025-09-11 09:40:00+00:00,448.79998779296875,,448.79998779296875,,448.79998779296875,,448.79998779296875,,448.79998779296875,,2550.0,,KRITI,2025-09
2025-09-11 09:45:00+00:00,,135.3000030517578,,135.3000030517578,,135.3000030517578,,135.3000030517578,,135.3000030517578,,166.0,KRITI,2025-09
2025-09-11 09:55:00+00:00,,133.74000549316406,,133.74000549316406,,135.0,,133.74000549316406,,135.0,,0.0,KRITI,2025-09
2025-09-12 03:45:00+00:00,,132.0,,132.0,,132.0,,132.0,,132.0,,50.0,KRITI,2025-09
2025-09-12 03:55:00+00:00,,134.99000549316406,,134.99000549316406,,134.99000549316406,,134.99000549316406,,134.99000549316406,,49.0,KRITI,2025-09
2025-09-12 04:00:00+00:00,,134.99000549316406,,134.99000549316406,,134.99000549316406,,134.99000549316406,,134.99000549316406,,0.0,KRITI,2025-09
2025-09-12 04:15:00+00:00,,134.99000549316406,,134.99000549316406,,134.99000549316406,,134.99000549316406,,134.99000549316406,,50.0,KRITI,2025-09
2025-09-12 04:40:00+00:00,453.25,,453.25,,453.25,,453.25,,453.25,,0.0,,KRITI,2025-09
2025-09-12 04:50:00+00:00,,134.0,,134.0,,134.0,,134.0,,134.0,,1.0,KRITI,2025-09
2025-09-12 05:00:00+00:00,,133.8000030517578,,133.8000030517578,,133.8000030517578,,133.8000030517578,,133.8000030517578,,17.0,KRITI,2025-09
2025-09-12 05:05:00+00:00,,134.85000610351562,,134.85000610351562,,134.85000610351562,,134.85000610351562,,134.85000610351562,,28.0,KRITI,2025-09
2025-09-12 05:35:00+00:00,,134.7899932861328,,134.7899932861328,,134.7899932861328,,134.7899932861328,,134.7899932861328,,10.0,KRITI,2025-09
2025-09-12 05:40:00+00:00,456.75,,456.75,,456.75,,456.75,,456.75,,5000.0,,KRITI,2025-09
2025-09-12 05:45:00+00:00,,134.8000030517578,,134.8000030517578,,134.8000030517578,,134.8000030517578,,134.8000030517578,,10.0,KRITI,2025-09
2025-09-12 06:00:00+00:00,,135.0,,135.0,,135.0,,135.0,,135.0,,150.0,KRITI,2025-09
2025-09-12 06:40:00+00:00,457.0,133.5,457.0,133.5,457.0,133.5,457.0,133.5,457.0,133.5,1829.0,335.0,KRITI,2025-09
2025-09-12 06:50:00+00:00,,134.99000549316406,,134.99000549316406,,134.99000549316406,,134.99000549316406,,134.99000549316406,,0.0,KRITI,2025-09
2025-09-12 07:20:00+00:00,,134.99000549316406,,134.99000549316406,,134.99000549316406,,134.99000549316406,,134.99000549316406,,19.0,KRITI,2025-09
2025-09-12 07:25:00+00:00,,134.99000549316406,,134.99000549316406,,134.99000549316406,,134.99000549316406,,134.99000549316406,,100.0,KRITI,2025-09
2025-09-12 07:40:00+00:00,457.75,,457.75,,457.75,,457.75,,457.75,,3398.0,,KRITI,2025-09
2025-09-12 08:05:00+00:00,,134.99000549316406,,134.99000549316406,,134.99000549316406,,134.99000549316406,,134.99000549316406,,3.0,KRITI,2025-09
2025-09-12 08:15:00+00:00,,133.0,,133.0,,133.0,,133.0,,133.0,,1.0,KRITI,2025-09
2025-09-12 08:35:00+00:00,,133.0,,133.0,,133.0,,133.0,,133.0,,20.0,KRITI,2025-09
2025-09-12 08:40:00+00:00,457.75,,457.75,,457.75,,457.75,,457.75,,200.0,,KRITI,2025-09
2025-09-12 08:55:00+00:00,,133.0,,133.0,,133.0,,133.0,,133.0,,41.0,KRITI,2025-09
2025-09-12 09:00:00+00:00,,133.0,,133.0,,133.0,,133.0,,133.0,,0.0,KRITI,2025-09
2025-09-12 09:10:00+00:00,,133.0,,133.0,,133.0,,133.0,,133.0,,165.0,KRITI,2025-09
2025-09-12 09:30:00+00:00,,133.0,,133.0,,133.0,,133.0,,133.0,,50.0,KRITI,2025-09
2025-09-12 09:40:00+00:00,457.75,,457.75,,457.75,,457.75,,457.75,,4361.0,,KRITI,2025-09
2025-09-12 09:55:00+00:00,,133.0,,133.0,,133.0,,133.0,,133.0,,174.0,KRITI,2025-09
2025-09-15 03:45:00+00:00,,128.5500030517578,,128.5500030517578,,133.0,,128.5500030517578,,133.0,,0.0,KRITI,2025-09
2025-09-15 03:55:00+00:00,,133.89999389648438,,133.89999389648438,,133.89999389648438,,130.0,,130.0,,214.0,KRITI,2025-09
2025-09-15 04:00:00+00:00,,133.85000610351562,,133.85000610351562,,133.85000610351562,,133.85000610351562,,133.85000610351562,,0.0,KRITI,2025-09
2025-09-15 04:05:00+00:00,,133.88999938964844,,133.88999938964844,,133.88999938964844,,133.85000610351562,,133.85000610351562,,142.0,KRITI,2025-09
2025-09-15 04:10:00+00:00,,128.6199951171875,,128.6199951171875,,130.0,,128.6199951171875,,130.0,,475.0,KRITI,2025-09
2025-09-15 04:25:00+00:00,,133.69000244140625,,133.69000244140625,,133.69000244140625,,128.75999450683594,,128.75999450683594,,3.0,KRITI,2025-09
2025-09-15 04:30:00+00:00,,135.0,,135.0,,137.0,,135.0,,137.0,,1487.0,KRITI,2025-09
2025-09-15 04:40:00+00:00,457.75,,457.75,,457.75,,457.75,,457.75,,0.0,,KRITI,2025-09
2025-09-15 05:00:00+00:00,,134.5,,134.5,,134.5,,134.5,,134.5,,1.0,KRITI,2025-09
2025-09-15 05:20:00+00:00,,135.0,,135.0,,135.0,,134.39999389648438,,134.39999389648438,,990.0,KRITI,2025-09
2025-09-15 05:30:00+00:00,,135.0,,135.0,,135.0,,135.0,,135.0,,50.0,KRITI,2025-09
2025-09-15 05:35:00+00:00,,133.5,,133.5,,133.5,,133.5,,133.5,,80.0,KRITI,2025-09
2025-09-15 05:40:00+00:00,458.0,,458.0,,458.0,,458.0,,458.0,,1869.0,,KRITI,2025-09
2025-09-15 05:45:00+00:00,,133.5,,133.5,,134.8000030517578,,133.5,,134.8000030517578,,79.0,KRITI,2025-09
2025-09-15 05:50:00+00:00,,135.0,,135.0,,135.0,,135.0,,135.0,,899.0,KRITI,2025-09
2025-09-15 06:00:00+00:00,,135.0,,135.0,,135.0,,135.0,,135.0,,0.0,KRITI,2025-09
2025-09-15 06:05:00+00:00,,133.5,,133.5,,133.5,,133.5,,133.5,,0.0,KRITI,2025-09
2025-09-15 06:20:00+00:00,,133.5,,133.5,,133.5,,133.5,,133.5,,100.0,KRITI,2025-09
2025-09-15 06:40:00+00:00,460.0,,460.0,,460.0,,460.0,,460.0,,779.0,,KRITI,2025-09
2025-09-15 06:55:00+00:00,,136.0,,136.0,,136.0,,136.0,,136.0,,1200.0,KRITI,2025-09
2025-09-15 07:30:00+00:00,,135.5,,135.5,,135.5,,135.5,,135.5,,100.0,KRITI,2025-09
2025-09-15 07:35:00+00:00,,135.5,,135.5,,135.5,,135.5,,135.5,,104.0,KRITI,2025-09
2025-09-15 07:45:00+00:00,458.0,134.0,458.0,134.0,458.0,134.0,458.0,134.0,458.0,134.0,752.0,8.0,KRITI,2025-09
2025-09-15 08:05:00+00:00,,134.0,,134.0,,134.0,,134.0,,134.0,,100.0,KRITI,2025-09
2025-09-15 08:10:00+00:00,,134.0,,134.0,,134.0,,134.0,,134.0,,70.0,KRITI,2025-09
2025-09-15 08:20:00+00:00,,134.0,,134.0,,134.0,,134.0,,134.0,,0.0,KRITI,2025-09
2025-09-15 08:35:00+00:00,,134.0,,134.0,,134.0,,134.0,,134.0,,538.0,KRITI,2025-09
2025-09-15 08:40:00+00:00,450.0,,450.0,,450.0,,450.0,,450.0,,1000.0,,KRITI,2025-09
2025-09-15 08:45:00+00:00,,134.0,,134.0,,134.0,,134.0,,134.0,,0.0,KRITI,2025-09
2025-09-15 09:05:00+00:00,,133.5,,133.5,,133.5,,133.5,,133.5,,45.0,KRITI,2025-09
2025-09-15 09:10:00+00:00,,133.5,,133.5,,133.5,,133.5,,133.5,,535.0,KRITI,2025-09
2025-09-15 09:15:00+00:00,,134.0,,134.0,,134.0,,134.0,,134.0,,0.0,KRITI,2025-09
2025-09-15 09:30:00+00:00,,133.5,,133.5,,133.5,,133.5,,133.5,,2.0,KRITI,2025-09
2025-09-15 09:35:00+00:00,,133.5,,133.5,,133.5,,133.5,,133.5,,2.0,KRITI,2025-09
2025-09-15 09:40:00+00:00,458.0,133.5,458.0,133.5,458.0,133.5,458.0,133.5,458.0,133.5,340.0,40.0,KRITI,2025-09
2025-09-15 09:55:00+00:00,,133.63999938964844,,133.63999938964844,,134.0,,133.63999938964844,,134.0,,0.0,KRITI,2025-09
2025-09-16 03:45:00+00:00,,132.0,,132.0,,132.0,,132.0,,132.0,,451.0,KRITI,2025-09
2025-09-16 03:50:00+00:00,,135.0,,135.0,,136.0,,135.0,,135.0,,5122.0,KRITI,2025-09
2025-09-16 03:55:00+00:00,,135.89999389648438,,135.89999389648438,,135.89999389648438,,135.89999389648438,,135.89999389648438,,0.0,KRITI,2025-09
2025-09-16 04:00:00+00:00,,134.89999389648438,,134.89999389648438,,134.89999389648438,,134.89999389648438,,134.89999389648438,,1348.0,KRITI,2025-09
2025-09-16 04:05:00+00:00,,134.89999389648438,,134.89999389648438,,134.89999389648438,,134.89999389648438,,134.89999389648438,,61.0,KRITI,2025-09
2025-09-16 04:10:00+00:00,,134.5,,134.5,,134.89999389648438,,134.5,,134.89999389648438,,462.0,KRITI,2025-09
2025-09-16 04:15:00+00:00,,134.89999389648438,,134.89999389648438,,134.89999389648438,,134.89999389648438,,134.89999389648438,,146.0,KRITI,2025-09
2025-09-16 04:20:00+00:00,,134.89999389648438,,134.89999389648438,,134.89999389648438,,134.5,,134.5,,87.0,KRITI,2025-09
2025-09-16 04:35:00+00:00,,134.89999389648438,,134.89999389648438,,134.89999389648438,,134.89999389648438,,134.89999389648438,,0.0,KRITI,2025-09
2025-09-16 04:40:00+00:00,458.0,,458.0,,458.0,,458.0,,458.0,,1672.0,,KRITI,2025-09
2025-09-16 05:30:00+00:00,,135.0,,135.0,,135.0,,134.89999389648438,,134.89999389648438,,3748.0,KRITI,2025-09
2025-09-16 05:35:00+00:00,,135.0,,135.0,,135.0,,135.0,,135.0,,116.0,KRITI,2025-09
2025-09-16 05:40:00+00:00,453.0,,453.0,,453.0,,453.0,,453.0,,54.0,,KRITI,2025-09
2025-09-16 06:00:00+00:00,,134.5,,134.5,,134.5,,134.5,,134.5,,644.0,KRITI,2025-09
2025-09-16 06:15:00+00:00,,134.5,,134.5,,134.5,,134.5,,134.5,,858.0,KRITI,2025-09
2025-09-16 06:20:00+00:00,,134.89999389648438,,134.89999389648438,,134.89999389648438,,134.89999389648438,,134.89999389648438,,601.0,KRITI,2025-09
2025-09-16 06:45:00+00:00,453.0,,453.0,,453.0,,453.0,,453.0,,971.0,,KRITI,2025-09
2025-09-16 06:50:00+00:00,,134.8000030517578,,134.8000030517578,,134.8000030517578,,134.8000030517578,,134.8000030517578,,25.0,KRITI,2025-09
2025-09-16 06:55:00+00:00,,134.89999389648438,,134.89999389648438,,134.89999389648438,,134.89999389648438,,134.89999389648438,,153.0,KRITI,2025-09
2025-09-16 07:05:00+00:00,,134.89999389648438,,134.89999389648438,,134.89999389648438,,134.89999389648438,,134.89999389648438,,65.0,KRITI,2025-09
2025-09-16 07:25:00+00:00,,134.89999389648438,,134.89999389648438,,134.89999389648438,,134.8000030517578,,134.8000030517578,,424.0,KRITI,2025-09
2025-09-16 07:30:00+00:00,,134.89999389648438,,134.89999389648438,,134.89999389648438,,134.89999389648438,,134.89999389648438,,126.0,KRITI,2025-09
2025-09-16 07:35:00+00:00,,134.89999389648438,,134.89999389648438,,134.89999389648438,,134.89999389648438,,134.89999389648438,,200.0,KRITI,2025-09
2025-09-16 07:40:00+00:00,,134.89999389648438,,134.89999389648438,,134.89999389648438,,134.89999389648438,,134.89999389648438,,494.0,KRITI,2025-09
2025-09-16 07:45:00+00:00,452.0,135.0,452.0,135.0,452.0,135.0,452.0,135.0,452.0,135.0,0.0,0.0,KRITI,2025-09
2025-09-16 08:05:00+00:00,,134.85000610351562,,134.85000610351562,,134.85000610351562,,134.85000610351562,,134.85000610351562,,16070.0,KRITI,2025-09
2025-09-16 08:15:00+00:00,,131.10000610351562,,131.10000610351562,,131.10000610351562,,131.10000610351562,,131.10000610351562,,0.0,KRITI,2025-09
2025-09-16 09:05:00+00:00,,135.0,,135.0,,135.0,,135.0,,135.0,,21033.0,KRITI,2025-09
2025-09-16 09:10:00+00:00,,134.0,,134.0,,134.89999389648438,,134.0,,134.89999389648438,,235.0,KRITI,2025-09
2025-09-16 09:30:00+00:00,,134.0,,134.0,,134.0,,134.0,,134.0,,1.0,KRITI,2025-09
2025-09-16 09:40:00+00:00,,135.0,,135.0,,135.0,,134.89999389648438,,134.89999389648438,,2232.0,KRITI,2025-09
2025-09-16 09:45:00+00:00,453.0,135.0,453.0,135.0,453.0,135.0,453.0,134.0,453.0,135.0,0.0,865.0,KRITI,2025-09
2025-09-16 09:50:00+00:00,,135.0,,135.0,,135.0,,135.0,,135.0,,1080.0,KRITI,2025-09
2025-09-16 09:55:00+00:00,,134.67999267578125,,134.67999267578125,,135.0,,134.67999267578125,,135.0,,0.0,KRITI,2025-09
2025-09-17 03:45:00+00:00,,135.0500030517578,,135.0500030517578,,135.0500030517578,,135.0500030517578,,135.0500030517578,,698.0,KRITI,2025-09
2025-09-17 03:50:00+00:00,,135.0500030517578,,135.0500030517578,,135.0500030517578,,135.0500030517578,,135.0500030517578,,0.0,KRITI,2025-09
2025-09-17 03:55:00+00:00,,136.5,,136.5,,136.5,,136.5,,136.5,,2.0,KRITI,2025-09
2025-09-17 04:00:00+00:00,,136.4499969482422,,136.4499969482422,,136.4499969482422,,136.4499969482422,,136.4499969482422,,39.0,KRITI,2025-09
2025-09-17 04:05:00+00:00,,135.77000427246094,,135.77000427246094,,136.4499969482422,,135.77000427246094,,136.4499969482422,,76.0,KRITI,2025-09
2025-09-17 04:10:00+00:00,,136.4499969482422,,136.4499969482422,,136.4499969482422,,136.4499969482422,,136.4499969482422,,1831.0,KRITI,2025-09
2025-09-17 04:15:00+00:00,,136.5,,136.5,,136.5,,136.4499969482422,,136.4499969482422,,0.0,KRITI,2025-09
2025-09-17 04:20:00+00:00,,138.8000030517578,,138.8000030517578,,138.8000030517578,,138.8000030517578,,138.8000030517578,,15.0,KRITI,2025-09
2025-09-17 04:25:00+00:00,,141.41000366210938,,141.41000366210938,,141.41000366210938,,139.0,,139.0,,1036.0,KRITI,2025-09
2025-09-17 04:30:00+00:00,,141.41000366210938,,141.41000366210938,,141.41000366210938,,141.41000366210938,,141.41000366210938,,258.0,KRITI,2025-09
2025-09-17 04:35:00+00:00,,141.41000366210938,,141.41000366210938,,141.41000366210938,,141.41000366210938,,141.41000366210938,,134.0,KRITI,2025-09
2025-09-17 04:40:00+00:00,453.1000061035156,,453.1000061035156,,453.1000061035156,,453.1000061035156,,453.1000061035156,,2026.0,,KRITI,2025-09
2025-09-17 04:45:00+00:00,,141.39999389648438,,141.39999389648438,,141.39999389648438,,141.39999389648438,,141.39999389648438,,238.0,KRITI,2025-09
2025-09-17 04:50:00+00:00,,141.41000366210938,,141.41000366210938,,141.41000366210938,,141.39999389648438,,141.39999389648438,,812.0,KRITI,2025-09
2025-09-17 04:55:00+00:00,,141.41000366210938,,141.41000366210938,,141.41000366210938,,141.41000366210938,,141.41000366210938,,100.0,KRITI,2025-09
2025-09-17 05:00:00+00:00,,141.41000366210938,,141.41000366210938,,141.41000366210938,,141.41000366210938,,141.41000366210938,,50.0,KRITI,2025-09
2025-09-17 05:10:00+00:00,,141.41000366210938,,141.41000366210938,,141.41000366210938,,141.41000366210938,,141.41000366210938,,600.0,KRITI,2025-09
2025-09-17 05:15:00+00:00,,141.41000366210938,,141.41000366210938,,141.41000366210938,,141.41000366210938,,141.41000366210938,,200.0,KRITI,2025-09
2025-09-17 05:25:00+00:00,,141.41000366210938,,141.41000366210938,,141.41000366210938,,141.41000366210938,,141.41000366210938,,200.0,KRITI,2025-09
2025-09-17 05:45:00+00:00,457.6499938964844,,457.6499938964844,,457.6499938964844,,457.6499938964844,,457.6499938964844,,752.0,,KRITI,2025-09
2025-09-17 05:55:00+00:00,,141.41000366210938,,141.41000366210938,,141.41000366210938,,141.41000366210938,,141.41000366210938,,108.0,KRITI,2025-09
2025-09-17 06:05:00+00:00,,141.41000366210938,,141.41000366210938,,141.41000366210938,,141.41000366210938,,141.41000366210938,,100.0,KRITI,2025-09
2025-09-17 06:40:00+00:00,458.0,,458.0,,458.0,,458.0,,458.0,,777.0,,KRITI,2025-09
2025-09-17 06:45:00+00:00,,141.41000366210938,,141.41000366210938,,141.41000366210938,,141.41000366210938,,141.41000366210938,,42.0,KRITI,2025-09
2025-09-17 07:40:00+00:00,459.0,,459.0,,459.0,,459.0,,459.0,,532.0,,KRITI,2025-09
2025-09-17 07:45:00+00:00,,141.41000366210938,,141.41000366210938,,141.41000366210938,,141.41000366210938,,141.41000366210938,,7.0,KRITI,2025-09
2025-09-17 08:25:00+00:00,,141.41000366210938,,141.41000366210938,,141.41000366210938,,141.41000366210938,,141.41000366210938,,2933.0,KRITI,2025-09
2025-09-17 08:30:00+00:00,,141.41000366210938,,141.41000366210938,,141.41000366210938,,141.41000366210938,,141.41000366210938,,1390.0,KRITI,2025-09
2025-09-17 08:40:00+00:00,,141.41000366210938,,141.41000366210938,,141.41000366210938,,141.41000366210938,,141.41000366210938,,510.0,KRITI,2025-09
2025-09-17 08:45:00+00:00,459.0,141.41000366210938,459.0,141.41000366210938,459.0,141.41000366210938,459.0,141.41000366210938,459.0,141.41000366210938,48.0,686.0,KRITI,2025-09
2025-09-17 08:55:00+00:00,,141.0,,141.0,,141.0,,141.0,,141.0,,305.0,KRITI,2025-09
2025-09-17 09:15:00+00:00,,141.41000366210938,,141.41000366210938,,141.41000366210938,,141.41000366210938,,141.41000366210938,,10.0,KRITI,2025-09
2025-09-17 09:40:00+00:00,461.95001220703125,,461.95001220703125,,461.95001220703125,,461.95001220703125,,461.95001220703125,,1796.0,,KRITI,2025-09
2025-09-17 09:45:00+00:00,,141.41000366210938,,141.41000366210938,,141.41000366210938,,141.41000366210938,,141.41000366210938,,68.0,KRITI,2025-09
2025-09-17 09:50:00+00:00,,141.41000366210938,,141.41000366210938,,141.41000366210938,,141.41000366210938,,141.41000366210938,,0.0,KRITI,2025-09
2025-09-17 09:55:00+00:00,,141.41000366210938,,141.41000366210938,,141.41000366210938,,141.41000366210938,,141.41000366210938,,65.0,KRITI,2025-09
2025-09-18 03:45:00+00:00,,144.0,,144.0,,147.89999389648438,,144.0,,144.0,,0.0,KRITI,2025-09
2025-09-18 03:50:00+00:00,,148.47999572753906,,148.47999572753906,,148.47999572753906,,146.99000549316406,,147.47999572753906,,2759.0,KRITI,2025-09
2025-09-18 03:55:00+00:00,,148.47999572753906,,148.47999572753906,,148.47999572753906,,148.0,,148.47999572753906,,1816.0,KRITI,2025-09
2025-09-18 04:00:00+00:00,,148.47999572753906,,148.47999572753906,,148.47999572753906,,148.47999572753906,,148.47999572753906,,72.0,KRITI,2025-09
2025-09-18 04:05:00+00:00,,148.47999572753906,,148.47999572753906,,148.47999572753906,,148.47999572753906,,148.47999572753906,,300.0,KRITI,2025-09
2025-09-18 04:15:00+00:00,,148.47999572753906,,148.47999572753906,,148.47999572753906,,148.47999572753906,,148.47999572753906,,114.0,KRITI,2025-09
2025-09-18 04:20:00+00:00,,148.47999572753906,,148.47999572753906,,148.47999572753906,,148.47999572753906,,148.47999572753906,,159.0,KRITI,2025-09
2025-09-18 04:30:00+00:00,,148.47999572753906,,148.47999572753906,,148.47999572753906,,148.47999572753906,,148.47999572753906,,178.0,KRITI,2025-09
2025-09-18 04:35:00+00:00,,148.47999572753906,,148.47999572753906,,148.47999572753906,,148.47999572753906,,148.47999572753906,,93.0,KRITI,2025-09
2025-09-18 04:40:00+00:00,466.0,,466.0,,466.0,,466.0,,466.0,,0.0,,KRITI,2025-09
2025-09-18 04:45:00+00:00,,148.47999572753906,,148.47999572753906,,148.47999572753906,,148.47999572753906,,148.47999572753906,,1264.0,KRITI,2025-09
2025-09-18 04:50:00+00:00,,148.47999572753906,,148.47999572753906,,148.47999572753906,,148.47999572753906,,148.47999572753906,,0.0,KRITI,2025-09
2025-09-18 05:05:00+00:00,,148.47999572753906,,148.47999572753906,,148.47999572753906,,148.47999572753906,,148.47999572753906,,17.0,KRITI,2025-09
2025-09-18 05:10:00+00:00,,148.47999572753906,,148.47999572753906,,148.47999572753906,,148.47999572753906,,148.47999572753906,,50.0,KRITI,2025-09
2025-09-18 05:40:00+00:00,468.0,,468.0,,468.0,,468.0,,468.0,,1767.0,,KRITI,2025-09
2025-09-18 05:45:00+00:00,,148.47999572753906,,148.47999572753906,,148.47999572753906,,148.47999572753906,,148.47999572753906,,20.0,KRITI,2025-09
2025-09-18 05:50:00+00:00,,148.47999572753906,,148.47999572753906,,148.47999572753906,,148.47999572753906,,148.47999572753906,,70.0,KRITI,2025-09
2025-09-18 06:10:00+00:00,,148.47999572753906,,148.47999572753906,,148.47999572753906,,148.47999572753906,,148.47999572753906,,42.0,KRITI,2025-09
2025-09-18 06:40:00+00:00,469.0,148.47999572753906,469.0,148.47999572753906,469.0,148.47999572753906,469.0,148.47999572753906,469.0,148.47999572753906,152.0,2598.0,KRITI,2025-09
2025-09-18 07:30:00+00:00,,148.47999572753906,,148.47999572753906,,148.47999572753906,,148.47999572753906,,148.47999572753906,,100.0,KRITI,2025-09
2025-09-18 07:40:00+00:00,469.0,,469.0,,469.0,,469.0,,469.0,,2080.0,,KRITI,2025-09
2025-09-18 08:40:00+00:00,469.3999938964844,,469.3999938964844,,469.3999938964844,,469.3999938964844,,469.3999938964844,,700.0,,KRITI,2025-09
2025-09-18 09:45:00+00:00,468.5,,468.5,,468.5,,468.5,,468.5,,2237.0,,KRITI,2025-09
2025-09-19 03:45:00+00:00,,155.5,,155.5,,155.89999389648438,,154.99000549316406,,155.89999389648438,,0.0,KRITI,2025-09
2025-09-19 03:50:00+00:00,,154.72999572753906,,154.72999572753906,,155.5,,154.72999572753906,,155.5,,59.0,KRITI,2025-09
2025-09-19 03:55:00+00:00,,155.0,,155.0,,155.0,,155.0,,155.0,,2300.0,KRITI,2025-09
2025-09-19 04:00:00+00:00,,154.0,,154.0,,154.0,,151.0,,151.0,,37.0,KRITI,2025-09
2025-09-19 04:05:00+00:00,,155.0,,155.0,,155.0,,154.0,,154.0,,1549.0,KRITI,2025-09
2025-09-19 04:15:00+00:00,,154.97000122070312,,154.97000122070312,,154.97000122070312,,154.97000122070312,,154.97000122070312,,200.0,KRITI,2025-09
2025-09-19 04:20:00+00:00,,154.6999969482422,,154.6999969482422,,154.8000030517578,,151.0500030517578,,154.8000030517578,,897.0,KRITI,2025-09
2025-09-19 04:25:00+00:00,,151.1999969482422,,151.1999969482422,,154.0,,151.10000610351562,,151.10000610351562,,0.0,KRITI,2025-09
2025-09-19 04:30:00+00:00,,151.1999969482422,,151.1999969482422,,151.1999969482422,,151.1999969482422,,151.1999969482422,,190.0,KRITI,2025-09
2025-09-19 04:35:00+00:00,,151.2100067138672,,151.2100067138672,,151.2100067138672,,151.1999969482422,,151.1999969482422,,72.0,KRITI,2025-09
2025-09-19 04:40:00+00:00,,154.0,,154.0,,154.0,,148.47999572753906,,148.47999572753906,,1196.0,KRITI,2025-09
2025-09-19 04:45:00+00:00,470.8999938964844,153.5,470.8999938964844,153.5,470.8999938964844,153.5,470.8999938964844,153.5,470.8999938964844,153.5,0.0,4.0,KRITI,2025-09
2025-09-19 04:50:00+00:00,,153.4499969482422,,153.4499969482422,,153.4499969482422,,153.4499969482422,,153.4499969482422,,500.0,KRITI,2025-09
2025-09-19 05:00:00+00:00,,149.0,,149.0,,152.97999572753906,,149.0,,152.97999572753906,,54.0,KRITI,2025-09
2025-09-19 05:05:00+00:00,,152.97999572753906,,152.97999572753906,,152.97999572753906,,150.0,,150.0,,0.0,KRITI,2025-09
2025-09-19 05:20:00+00:00,,152.5,,152.5,,152.5,,152.5,,152.5,,20.0,KRITI,2025-09
2025-09-19 05:25:00+00:00,,152.0,,152.0,,152.0,,149.0,,149.0,,74.0,KRITI,2025-09
2025-09-19 05:35:00+00:00,,151.99000549316406,,151.99000549316406,,151.99000549316406,,151.99000549316406,,151.99000549316406,,19.0,KRITI,2025-09
2025-09-19 05:40:00+00:00,470.0,148.0,470.0,148.0,470.0,151.99000549316406,470.0,148.0,470.0,151.99000549316406,3071.0,2918.0,KRITI,2025-09
2025-09-19 05:45:00+00:00,,151.89999389648438,,151.89999389648438,,151.9499969482422,,151.89999389648438,,151.9499969482422,,0.0,KRITI,2025-09
2025-09-19 05:50:00+00:00,,151.5,,151.5,,151.5,,146.02000427246094,,148.0,,84.0,KRITI,2025-09
2025-09-19 05:55:00+00:00,,151.5,,151.5,,151.5,,151.5,,151.5,,49.0,KRITI,2025-09
2025-09-19 06:05:00+00:00,,151.5,,151.5,,151.5,,151.5,,151.5,,4.0,KRITI,2025-09
2025-09-19 06:10:00+00:00,,151.39999389648438,,151.39999389648438,,151.39999389648438,,146.14999389648438,,146.14999389648438,,60.0,KRITI,2025-09
2025-09-19 06:20:00+00:00,,151.39999389648438,,151.39999389648438,,151.39999389648438,,151.39999389648438,,151.39999389648438,,2.0,KRITI,2025-09
2025-09-19 06:40:00+00:00,470.8999938964844,,470.8999938964844,,470.8999938964844,,470.8999938964844,,470.8999938964844,,1925.0,,KRITI,2025-09
2025-09-19 07:05:00+00:00,,151.0,,151.0,,151.0,,151.0,,151.0,,33.0,KRITI,2025-09
2025-09-19 07:20:00+00:00,,150.0,,150.0,,150.0,,150.0,,150.0,,40.0,KRITI,2025-09
2025-09-19 07:25:00+00:00,,150.9499969482422,,150.9499969482422,,151.0,,150.0,,151.0,,122.0,KRITI,2025-09
2025-09-19 07:45:00+00:00,471.0,,471.0,,471.0,,471.0,,471.0,,1185.0,,KRITI,2025-09
2025-09-19 07:50:00+00:00,,150.0,,150.0,,150.0,,150.0,,150.0,,42.0,KRITI,2025-09
2025-09-19 08:00:00+00:00,,150.9499969482422,,150.9499969482422,,150.9499969482422,,150.9499969482422,,150.9499969482422,,30.0,KRITI,2025-09
2025-09-19 08:15:00+00:00,,150.9499969482422,,150.9499969482422,,150.9499969482422,,150.9499969482422,,150.9499969482422,,50.0,KRITI,2025-09
2025-09-19 08:20:00+00:00,,150.9499969482422,,150.9499969482422,,150.9499969482422,,150.9499969482422,,150.9499969482422,,292.0,KRITI,2025-09
2025-09-19 08:30:00+00:00,,150.0,,150.0,,150.0,,147.14999389648438,,150.0,,689.0,KRITI,2025-09
2025-09-19 08:35:00+00:00,,150.0,,150.0,,150.0,,148.0,,148.0,,5.0,KRITI,2025-09
2025-09-19 08:45:00+00:00,470.6499938964844,150.9499969482422,470.6499938964844,150.9499969482422,470.6499938964844,150.9499969482422,470.6499938964844,148.02999877929688,470.6499938964844,149.9499969482422,993.0,82.0,KRITI,2025-09
2025-09-19 09:10:00+00:00,,152.9499969482422,,152.9499969482422,,152.9499969482422,,151.0,,151.0,,1323.0,KRITI,2025-09
2025-09-19 09:15:00+00:00,,152.9499969482422,,152.9499969482422,,152.9499969482422,,152.9499969482422,,152.9499969482422,,0.0,KRITI,2025-09
2025-09-19 09:20:00+00:00,,152.0,,152.0,,152.97999572753906,,152.0,,152.19000244140625,,104.0,KRITI,2025-09
2025-09-19 09:25:00+00:00,,152.99000549316406,,152.99000549316406,,152.99000549316406,,152.99000549316406,,152.99000549316406,,0.0,KRITI,2025-09
2025-09-19 09:40:00+00:00,470.6000061035156,,470.6000061035156,,470.6000061035156,,470.6000061035156,,470.6000061035156,,710.0,,KRITI,2025-09
2025-09-19 09:45:00+00:00,,152.99000549316406,,152.99000549316406,,152.99000549316406,,152.99000549316406,,152.99000549316406,,500.0,KRITI,2025-09
2025-09-19 09:50:00+00:00,,152.7899932861328,,152.7899932861328,,152.7899932861328,,152.0,,152.0,,10.0,KRITI,2025-09
2025-09-19 09:55:00+00:00,,152.89999389648438,,152.89999389648438,,152.89999389648438,,152.02999877929688,,152.7899932861328,,73.0,KRITI,2025-09
2025-09-22 03:45:00+00:00,,145.5,,145.5,,149.5,,145.25,,149.5,,0.0,KRITI,2025-09
2025-09-22 03:50:00+00:00,,145.25,,145.25,,149.36000061035156,,145.25,,149.36000061035156,,1667.0,KRITI,2025-09
2025-09-22 03:55:00+00:00,,145.25,,145.25,,145.25,,145.25,,145.25,,30.0,KRITI,2025-09
2025-09-22 04:00:00+00:00,,147.0,,147.0,,147.58999633789062,,147.0,,147.58999633789062,,9.0,KRITI,2025-09
2025-09-22 04:05:00+00:00,,148.0,,148.0,,148.97000122070312,,148.0,,148.97000122070312,,461.0,KRITI,2025-09
2025-09-22 04:10:00+00:00,,148.0,,148.0,,148.0,,148.0,,148.0,,0.0,KRITI,2025-09
2025-09-22 04:15:00+00:00,,147.25999450683594,,147.25999450683594,,147.25999450683594,,147.25999450683594,,147.25999450683594,,50.0,KRITI,2025-09
2025-09-22 04:20:00+00:00,,147.9499969482422,,147.9499969482422,,147.9499969482422,,147.9499969482422,,147.9499969482422,,0.0,KRITI,2025-09
2025-09-22 04:30:00+00:00,,147.94000244140625,,147.94000244140625,,147.94000244140625,,147.89999389648438,,147.89999389648438,,150.0,KRITI,2025-09
2025-09-22 04:35:00+00:00,,147.3000030517578,,147.3000030517578,,147.94000244140625,,147.3000030517578,,147.94000244140625,,112.0,KRITI,2025-09
2025-09-22 04:40:00+00:00,,147.25999450683594,,147.25999450683594,,147.3000030517578,,147.25999450683594,,147.3000030517578,,108.0,KRITI,2025-09
2025-09-22 04:45:00+00:00,470.6000061035156,147.25999450683594,470.6000061035156,147.25999450683594,470.6000061035156,147.25999450683594,470.6000061035156,147.25999450683594,470.6000061035156,147.25999450683594,0.0,76.0,KRITI,2025-09
2025-09-22 04:55:00+00:00,,148.64999389648438,,148.64999389648438,,148.64999389648438,,148.64999389648438,,148.64999389648438,,25.0,KRITI,2025-09
2025-09-22 05:10:00+00:00,,148.47999572753906,,148.47999572753906,,148.47999572753906,,148.47999572753906,,148.47999572753906,,12.0,KRITI,2025-09
2025-09-22 05:15:00+00:00,,146.2899932861328,,146.2899932861328,,146.2899932861328,,146.2899932861328,,146.2899932861328,,230.0,KRITI,2025-09
2025-09-22 05:40:00+00:00,470.6000061035156,,470.6000061035156,,470.6000061035156,,470.6000061035156,,470.6000061035156,,2154.0,,KRITI,2025-09
2025-09-22 05:50:00+00:00,,145.25,,145.25,,147.02000427246094,,145.25,,147.02000427246094,,1217.0,KRITI,2025-09
2025-09-22 06:10:00+00:00,,145.25,,145.25,,145.25,,145.25,,145.25,,40.0,KRITI,2025-09
2025-09-22 06:15:00+00:00,,145.25,,145.25,,145.25,,145.25,,145.25,,90.0,KRITI,2025-09
2025-09-22 06:25:00+00:00,,145.25,,145.25,,145.25,,145.25,,145.25,,1000.0,KRITI,2025-09
2025-09-22 06:30:00+00:00,,145.25,,145.25,,145.25,,145.25,,145.25,,0.0,KRITI,2025-09
2025-09-22 06:40:00+00:00,470.0,145.25,470.0,145.25,470.0,145.25,470.0,145.25,470.0,145.25,2805.0,6.0,KRITI,2025-09
2025-09-22 06:55:00+00:00,,145.25,,145.25,,145.25,,145.25,,145.25,,13.0,KRITI,2025-09
2025-09-22 07:20:00+00:00,,145.25,,145.25,,145.25,,145.25,,145.25,,1500.0,KRITI,2025-09
2025-09-22 07:25:00+00:00,,145.25,,145.25,,145.25,,145.25,,145.25,,101.0,KRITI,2025-09
2025-09-22 07:40:00+00:00,470.20001220703125,,470.20001220703125,,470.20001220703125,,470.20001220703125,,470.20001220703125,,1598.0,,KRITI,2025-09
2025-09-22 08:00:00+00:00,,145.25,,145.25,,145.25,,145.25,,145.25,,40.0,KRITI,2025-09
2025-09-22 08:40:00+00:00,469.6000061035156,,469.6000061035156,,469.6000061035156,,469.6000061035156,,469.6000061035156,,579.0,,KRITI,2025-09
2025-09-22 08:50:00+00:00,,145.25,,145.25,,145.25,,145.25,,145.25,,25.0,KRITI,2025-09
2025-09-22 09:20:00+00:00,,145.25,,145.25,,145.25,,145.25,,145.25,,60.0,KRITI,2025-09
2025-09-22 09:40:00+00:00,468.3500061035156,145.25,468.3500061035156,145.25,468.3500061035156,145.25,468.3500061035156,145.25,468.3500061035156,145.25,615.0,196.0,KRITI,2025-09
2025-09-22 09:50:00+00:00,,145.25,,145.25,,145.25,,145.25,,145.25,,0.0,KRITI,2025-09
2025-09-23 03:45:00+00:00,,140.5,,140.5,,140.5,,140.00999450683594,,140.00999450683594,,0.0,KRITI,2025-09
2025-09-23 03:50:00+00:00,,141.05999755859375,,141.05999755859375,,141.05999755859375,,140.49000549316406,,140.9499969482422,,204.0,KRITI,2025-09
2025-09-23 03:55:00+00:00,,140.9499969482422,,140.9499969482422,,142.33999633789062,,140.9499969482422,,142.33999633789062,,200.0,KRITI,2025-09
2025-09-23 04:00:00+00:00,,140.0,,140.0,,140.9499969482422,,140.0,,140.9499969482422,,395.0,KRITI,2025-09
2025-09-23 04:05:00+00:00,,139.99000549316406,,139.99000549316406,,139.99000549316406,,137.99000549316406,,139.85000610351562,,984.0,KRITI,2025-09
2025-09-23 04:10:00+00:00,,139.9499969482422,,139.9499969482422,,139.9499969482422,,139.9499969482422,,139.9499969482422,,0.0,KRITI,2025-09
2025-09-23 04:15:00+00:00,,138.00999450683594,,138.00999450683594,,139.9199981689453,,138.0,,139.9199981689453,,1092.0,KRITI,2025-09
2025-09-23 04:20:00+00:00,,139.3000030517578,,139.3000030517578,,139.3699951171875,,137.97999572753906,,137.99000549316406,,1411.0,KRITI,2025-09
2025-09-23 04:25:00+00:00,,138.02999877929688,,138.02999877929688,,138.97999572753906,,138.02999877929688,,138.97999572753906,,59.0,KRITI,2025-09
2025-09-23 04:30:00+00:00,,137.97999572753906,,137.97999572753906,,138.0,,137.97999572753906,,138.0,,63.0,KRITI,2025-09
2025-09-23 04:35:00+00:00,,138.0,,138.0,,138.0,,137.97999572753906,,137.97999572753906,,206.0,KRITI,2025-09
2025-09-23 04:40:00+00:00,468.0,139.3000030517578,468.0,139.3000030517578,468.0,139.3000030517578,468.0,138.0,468.0,138.0,0.0,0.0,KRITI,2025-09
2025-09-23 04:50:00+00:00,,139.17999267578125,,139.17999267578125,,139.17999267578125,,139.17999267578125,,139.17999267578125,,178.0,KRITI,2025-09
2025-09-23 04:55:00+00:00,,139.13999938964844,,139.13999938964844,,139.13999938964844,,139.13999938964844,,139.13999938964844,,10.0,KRITI,2025-09
2025-09-23 05:00:00+00:00,,137.97999572753906,,137.97999572753906,,137.97999572753906,,137.97999572753906,,137.97999572753906,,295.0,KRITI,2025-09
2025-09-23 05:05:00+00:00,,137.97999572753906,,137.97999572753906,,137.97999572753906,,137.97999572753906,,137.97999572753906,,282.0,KRITI,2025-09
2025-09-23 05:10:00+00:00,,139.08999633789062,,139.08999633789062,,139.11000061035156,,139.08999633789062,,139.11000061035156,,0.0,KRITI,2025-09
2025-09-23 05:20:00+00:00,,138.00999450683594,,138.00999450683594,,139.0399932861328,,138.00999450683594,,139.0399932861328,,56.0,KRITI,2025-09
2025-09-23 05:25:00+00:00,,138.00999450683594,,138.00999450683594,,138.00999450683594,,138.00999450683594,,138.00999450683594,,23.0,KRITI,2025-09
2025-09-23 05:40:00+00:00,468.0,,468.0,,468.0,,468.0,,468.0,,2016.0,,KRITI,2025-09
2025-09-23 05:45:00+00:00,,138.97000122070312,,138.97000122070312,,138.97000122070312,,137.97999572753906,,137.97999572753906,,176.0,KRITI,2025-09
2025-09-23 05:55:00+00:00,,137.97999572753906,,137.97999572753906,,138.27999877929688,,137.97999572753906,,138.27999877929688,,539.0,KRITI,2025-09
2025-09-23 06:05:00+00:00,,137.97999572753906,,137.97999572753906,,137.97999572753906,,137.97999572753906,,137.97999572753906,,60.0,KRITI,2025-09
2025-09-23 06:10:00+00:00,,137.97999572753906,,137.97999572753906,,137.97999572753906,,137.97999572753906,,137.97999572753906,,70.0,KRITI,2025-09
2025-09-23 06:15:00+00:00,,137.97999572753906,,137.97999572753906,,137.97999572753906,,137.97999572753906,,137.97999572753906,,150.0,KRITI,2025-09
2025-09-23 06:25:00+00:00,,137.97999572753906,,137.97999572753906,,137.97999572753906,,137.97999572753906,,137.97999572753906,,50.0,KRITI,2025-09
2025-09-23 06:30:00+00:00,,137.97999572753906,,137.97999572753906,,137.97999572753906,,137.97999572753906,,137.97999572753906,,55.0,KRITI,2025-09
2025-09-23 06:35:00+00:00,,137.97999572753906,,137.97999572753906,,137.97999572753906,,137.97999572753906,,137.97999572753906,,20.0,KRITI,2025-09
2025-09-23 06:40:00+00:00,467.5,137.97999572753906,467.5,137.97999572753906,467.5,137.97999572753906,467.5,137.97999572753906,467.5,137.97999572753906,1486.0,0.0,KRITI,2025-09
2025-09-23 06:50:00+00:00,,137.97999572753906,,137.97999572753906,,137.97999572753906,,137.97999572753906,,137.97999572753906,,50.0,KRITI,2025-09
2025-09-23 06:55:00+00:00,,137.97999572753906,,137.97999572753906,,137.97999572753906,,137.97999572753906,,137.97999572753906,,0.0,KRITI,2025-09
2025-09-23 07:00:00+00:00,,137.97999572753906,,137.97999572753906,,137.97999572753906,,137.97999572753906,,137.97999572753906,,45.0,KRITI,2025-09
2025-09-23 07:20:00+00:00,,137.97999572753906,,137.97999572753906,,137.97999572753906,,137.97999572753906,,137.97999572753906,,40.0,KRITI,2025-09
2025-09-23 07:25:00+00:00,,137.97999572753906,,137.97999572753906,,137.97999572753906,,137.97999572753906,,137.97999572753906,,50.0,KRITI,2025-09
2025-09-23 07:30:00+00:00,,137.97999572753906,,137.97999572753906,,137.97999572753906,,137.97999572753906,,137.97999572753906,,35.0,KRITI,2025-09
2025-09-23 07:40:00+00:00,467.5,137.97999572753906,467.5,137.97999572753906,467.5,137.97999572753906,467.5,137.97999572753906,467.5,137.97999572753906,2326.0,10.0,KRITI,2025-09
2025-09-23 08:05:00+00:00,,137.97999572753906,,137.97999572753906,,137.97999572753906,,137.97999572753906,,137.97999572753906,,200.0,KRITI,2025-09
2025-09-23 08:15:00+00:00,,137.97999572753906,,137.97999572753906,,137.97999572753906,,137.97999572753906,,137.97999572753906,,0.0,KRITI,2025-09
2025-09-23 08:20:00+00:00,,137.97999572753906,,137.97999572753906,,137.97999572753906,,137.97999572753906,,137.97999572753906,,10050.0,KRITI,2025-09
2025-09-23 08:30:00+00:00,,137.97999572753906,,137.97999572753906,,137.97999572753906,,137.97999572753906,,137.97999572753906,,0.0,KRITI,2025-09
2025-09-23 08:40:00+00:00,467.0,137.97999572753906,467.0,137.97999572753906,467.0,137.97999572753906,467.0,137.97999572753906,467.0,137.97999572753906,808.0,20.0,KRITI,2025-09
2025-09-23 08:45:00+00:00,,137.97999572753906,,137.97999572753906,,137.97999572753906,,137.97999572753906,,137.97999572753906,,290.0,KRITI,2025-09
2025-09-23 08:50:00+00:00,,137.97999572753906,,137.97999572753906,,137.97999572753906,,137.97999572753906,,137.97999572753906,,8.0,KRITI,2025-09
2025-09-23 08:55:00+00:00,,137.97999572753906,,137.97999572753906,,137.97999572753906,,137.97999572753906,,137.97999572753906,,196.0,KRITI,2025-09
2025-09-23 09:05:00+00:00,,137.97999572753906,,137.97999572753906,,137.97999572753906,,137.97999572753906,,137.97999572753906,,100.0,KRITI,2025-09
2025-09-23 09:10:00+00:00,,137.97999572753906,,137.97999572753906,,137.97999572753906,,137.97999572753906,,137.97999572753906,,0.0,KRITI,2025-09
2025-09-23 09:15:00+00:00,,137.97999572753906,,137.97999572753906,,137.97999572753906,,137.97999572753906,,137.97999572753906,,96.0,KRITI,2025-09
2025-09-23 09:35:00+00:00,,137.97999572753906,,137.97999572753906,,137.97999572753906,,137.97999572753906,,137.97999572753906,,32.0,KRITI,2025-09
2025-09-23 09:40:00+00:00,466.29998779296875,137.97999572753906,466.29998779296875,137.97999572753906,466.29998779296875,137.97999572753906,466.29998779296875,137.97999572753906,466.29998779296875,137.97999572753906,923.0,430.0,KRITI,2025-09
2025-09-23 09:50:00+00:00,,137.97999572753906,,137.97999572753906,,137.97999572753906,,137.97999572753906,,137.97999572753906,,27.0,KRITI,2025-09
2025-09-24 03:45:00+00:00,,134.99000549316406,,134.99000549316406,,134.99000549316406,,132.0,,132.0,,0.0,KRITI,2025-09
2025-09-24 03:50:00+00:00,,133.16000366210938,,133.16000366210938,,133.32000732421875,,132.30999755859375,,132.61000061035156,,415.0,KRITI,2025-09
2025-09-24 03:55:00+00:00,,133.75999450683594,,133.75999450683594,,134.6300048828125,,133.14999389648438,,133.14999389648438,,371.0,KRITI,2025-09
2025-09-24 04:00:00+00:00,,133.50999450683594,,133.50999450683594,,133.50999450683594,,133.50999450683594,,133.50999450683594,,33.0,KRITI,2025-09
2025-09-24 04:05:00+00:00,,134.3800048828125,,134.3800048828125,,134.3800048828125,,133.50999450683594,,133.50999450683594,,109.0,KRITI,2025-09
2025-09-24 04:10:00+00:00,,134.5399932861328,,134.5399932861328,,134.5399932861328,,134.3300018310547,,134.3300018310547,,6.0,KRITI,2025-09
2025-09-24 04:15:00+00:00,,134.47999572753906,,134.47999572753906,,135.58999633789062,,134.3699951171875,,135.58999633789062,,319.0,KRITI,2025-09
2025-09-24 04:20:00+00:00,,135.0,,135.0,,135.0,,134.25,,134.69000244140625,,92.0,KRITI,2025-09
2025-09-24 04:25:00+00:00,,135.92999267578125,,135.92999267578125,,135.92999267578125,,135.0,,135.0,,177.0,KRITI,2025-09
2025-09-24 04:30:00+00:00,,135.77999877929688,,135.77999877929688,,135.77999877929688,,135.77999877929688,,135.77999877929688,,47.0,KRITI,2025-09
2025-09-24 04:35:00+00:00,,134.97000122070312,,134.97000122070312,,135.77999877929688,,134.97000122070312,,135.77999877929688,,458.0,KRITI,2025-09
2025-09-24 04:40:00+00:00,464.0,134.9199981689453,464.0,134.9199981689453,464.0,134.9199981689453,464.0,134.3300018310547,464.0,134.33999633789062,0.0,11.0,KRITI,2025-09
2025-09-24 04:50:00+00:00,,134.85000610351562,,134.85000610351562,,135.6300048828125,,134.1699981689453,,135.6300048828125,,1013.0,KRITI,2025-09
2025-09-24 04:55:00+00:00,,134.6300048828125,,134.6300048828125,,134.82000732421875,,134.55999755859375,,134.8000030517578,,115.0,KRITI,2025-09
2025-09-24 05:05:00+00:00,,134.6300048828125,,134.6300048828125,,134.6300048828125,,134.6300048828125,,134.6300048828125,,2.0,KRITI,2025-09
2025-09-24 05:15:00+00:00,,134.9600067138672,,134.9600067138672,,134.9600067138672,,134.9600067138672,,134.9600067138672,,1.0,KRITI,2025-09
2025-09-24 05:20:00+00:00,,133.5,,133.5,,134.00999450683594,,133.5,,134.00999450683594,,227.0,KRITI,2025-09
2025-09-24 05:25:00+00:00,,134.0,,134.0,,134.0,,133.94000244140625,,133.94000244140625,,98.0,KRITI,2025-09
2025-09-24 05:30:00+00:00,,133.5,,133.5,,133.97999572753906,,133.5,,133.97999572753906,,40.0,KRITI,2025-09
2025-09-24 05:35:00+00:00,,132.8000030517578,,132.8000030517578,,133.49000549316406,,132.77999877929688,,133.47000122070312,,389.0,KRITI,2025-09
2025-09-24 05:40:00+00:00,463.0,132.67999267578125,463.0,132.67999267578125,463.0,132.75999450683594,463.0,132.67999267578125,463.0,132.75999450683594,2633.0,3.0,KRITI,2025-09
2025-09-24 05:45:00+00:00,,132.27999877929688,,132.27999877929688,,133.0,,132.27999877929688,,133.0,,113.0,KRITI,2025-09
2025-09-24 05:55:00+00:00,,132.5,,132.5,,132.5,,132.5,,132.5,,44.0,KRITI,2025-09
2025-09-24 06:05:00+00:00,,132.5,,132.5,,132.5,,132.5,,132.5,,65.0,KRITI,2025-09
2025-09-24 06:15:00+00:00,,132.5,,132.5,,132.5,,132.5,,132.5,,525.0,KRITI,2025-09
2025-09-24 06:20:00+00:00,,133.4199981689453,,133.4199981689453,,133.4199981689453,,133.4199981689453,,133.4199981689453,,85.0,KRITI,2025-09
2025-09-24 06:25:00+00:00,,133.97000122070312,,133.97000122070312,,134.0,,133.97000122070312,,134.0,,185.0,KRITI,2025-09
2025-09-24 06:30:00+00:00,,133.8000030517578,,133.8000030517578,,133.8000030517578,,133.8000030517578,,133.8000030517578,,0.0,KRITI,2025-09
2025-09-24 06:35:00+00:00,,132.88999938964844,,132.88999938964844,,133.39999389648438,,132.88999938964844,,133.39999389648438,,256.0,KRITI,2025-09
2025-09-24 06:40:00+00:00,,133.02999877929688,,133.02999877929688,,133.02999877929688,,133.02999877929688,,133.02999877929688,,1.0,KRITI,2025-09
2025-09-24 06:45:00+00:00,463.0,,463.0,,463.0,,463.0,,463.0,,1203.0,,KRITI,2025-09
2025-09-24 06:55:00+00:00,,132.3000030517578,,132.3000030517578,,132.3000030517578,,132.3000030517578,,132.3000030517578,,140.0,KRITI,2025-09
2025-09-24 07:20:00+00:00,,132.0,,132.0,,133.0,,132.0,,132.39999389648438,,2280.0,KRITI,2025-09
2025-09-24 07:25:00+00:00,,131.0800018310547,,131.0800018310547,,131.10000610351562,,131.0800018310547,,131.10000610351562,,1943.0,KRITI,2025-09
2025-09-24 07:30:00+00:00,,132.0,,132.0,,132.0,,131.5,,131.5,,0.0,KRITI,2025-09
2025-09-24 07:35:00+00:00,,131.5,,131.5,,132.39999389648438,,131.5,,132.39999389648438,,224.0,KRITI,2025-09
2025-09-24 07:40:00+00:00,460.0,131.74000549316406,460.0,131.74000549316406,460.0,131.74000549316406,460.0,131.0800018310547,460.0,131.0800018310547,1797.0,110.0,KRITI,2025-09
2025-09-24 07:45:00+00:00,,131.74000549316406,,131.74000549316406,,131.74000549316406,,131.74000549316406,,131.74000549316406,,0.0,KRITI,2025-09
2025-09-24 08:05:00+00:00,,131.74000549316406,,131.74000549316406,,131.74000549316406,,131.74000549316406,,131.74000549316406,,30.0,KRITI,2025-09
2025-09-24 08:10:00+00:00,,131.7899932861328,,131.7899932861328,,131.8000030517578,,131.77999877929688,,131.77999877929688,,10.0,KRITI,2025-09
2025-09-24 08:15:00+00:00,,131.99000549316406,,131.99000549316406,,131.99000549316406,,131.74000549316406,,131.99000549316406,,95.0,KRITI,2025-09
2025-09-24 08:20:00+00:00,,131.5,,131.5,,131.74000549316406,,131.5,,131.74000549316406,,28.0,KRITI,2025-09
2025-09-24 08:25:00+00:00,,132.3800048828125,,132.3800048828125,,132.3800048828125,,131.5,,131.5,,169.0,KRITI,2025-09
2025-09-24 08:35:00+00:00,,131.5,,131.5,,131.5,,131.5,,131.5,,0.0,KRITI,2025-09
2025-09-24 08:45:00+00:00,459.0,,459.0,,459.0,,459.0,,459.0,,1756.0,,KRITI,2025-09
2025-09-24 08:50:00+00:00,,132.35000610351562,,132.35000610351562,,132.35000610351562,,132.35000610351562,,132.35000610351562,,70.0,KRITI,2025-09
2025-09-24 09:00:00+00:00,,132.33999633789062,,132.33999633789062,,132.33999633789062,,132.33999633789062,,132.33999633789062,,168.0,KRITI,2025-09
2025-09-24 09:10:00+00:00,,131.50999450683594,,131.50999450683594,,131.50999450683594,,131.50999450683594,,131.50999450683594,,12.0,KRITI,2025-09
2025-09-24 09:20:00+00:00,,132.3300018310547,,132.3300018310547,,132.3300018310547,,132.3300018310547,,132.3300018310547,,49.0,KRITI,2025-09
2025-09-24 09:25:00+00:00,,132.3300018310547,,132.3300018310547,,132.3300018310547,,132.3300018310547,,132.3300018310547,,0.0,KRITI,2025-09
2025-09-24 09:30:00+00:00,,131.52000427246094,,131.52000427246094,,132.3300018310547,,131.52000427246094,,132.3300018310547,,5.0,KRITI,2025-09
2025-09-24 09:40:00+00:00,460.0,,460.0,,460.0,,460.0,,460.0,,2427.0,,KRITI,2025-09
2025-09-24 09:45:00+00:00,,131.52000427246094,,131.52000427246094,,131.52000427246094,,131.52000427246094,,131.52000427246094,,9.0,KRITI,2025-09
2025-09-24 09:50:00+00:00,,131.52000427246094,,131.52000427246094,,131.52000427246094,,131.52000427246094,,131.52000427246094,,119.0,KRITI,2025-09
2025-09-24 09:55:00+00:00,,131.67999267578125,,131.67999267578125,,132.3300018310547,,131.52000427246094,,131.52000427246094,,355.0,KRITI,2025-09
2025-09-25 03:45:00+00:00,,131.67999267578125,,131.67999267578125,,131.67999267578125,,131.67999267578125,,131.67999267578125,,0.0,KRITI,2025-09
2025-09-25 03:50:00+00:00,,131.67999267578125,,131.67999267578125,,131.67999267578125,,130.10000610351562,,130.10000610351562,,82.0,KRITI,2025-09
2025-09-25 03:55:00+00:00,,132.97000122070312,,132.97000122070312,,132.97000122070312,,131.5,,131.5,,122.0,KRITI,2025-09
2025-09-25 04:00:00+00:00,,133.14999389648438,,133.14999389648438,,133.14999389648438,,133.00999450683594,,133.00999450683594,,167.0,KRITI,2025-09
2025-09-25 04:05:00+00:00,,132.07000732421875,,132.07000732421875,,134.17999267578125,,132.00999450683594,,133.0,,571.0,KRITI,2025-09
2025-09-25 04:10:00+00:00,,132.10000610351562,,132.10000610351562,,132.67999267578125,,132.08999633789062,,132.67999267578125,,27.0,KRITI,2025-09
2025-09-25 04:20:00+00:00,,132.97000122070312,,132.97000122070312,,132.97000122070312,,132.97000122070312,,132.97000122070312,,3.0,KRITI,2025-09
2025-09-25 04:25:00+00:00,,132.49000549316406,,132.49000549316406,,132.49000549316406,,132.49000549316406,,132.49000549316406,,108.0,KRITI,2025-09
2025-09-25 04:30:00+00:00,,132.00999450683594,,132.00999450683594,,132.00999450683594,,132.00999450683594,,132.00999450683594,,236.0,KRITI,2025-09
2025-09-25 04:35:00+00:00,,132.5,,132.5,,132.5,,132.25,,132.25,,27.0,KRITI,2025-09
2025-09-25 04:40:00+00:00,458.0,,458.0,,458.0,,458.0,,458.0,,0.0,,KRITI,2025-09
2025-09-25 04:45:00+00:00,,132.5800018310547,,132.5800018310547,,132.5800018310547,,132.5800018310547,,132.5800018310547,,1.0,KRITI,2025-09
2025-09-25 04:55:00+00:00,,135.55999755859375,,135.55999755859375,,135.55999755859375,,134.19000244140625,,134.19000244140625,,863.0,KRITI,2025-09
2025-09-25 05:00:00+00:00,,135.08999633789062,,135.08999633789062,,136.17999267578125,,135.00999450683594,,136.17999267578125,,231.0,KRITI,2025-09
2025-09-25 05:05:00+00:00,,134.17999267578125,,134.17999267578125,,136.6699981689453,,133.6999969482422,,135.75999450683594,,1842.0,KRITI,2025-09
2025-09-25 05:10:00+00:00,,134.1999969482422,,134.1999969482422,,134.1999969482422,,134.1999969482422,,134.1999969482422,,12.0,KRITI,2025-09
2025-09-25 05:25:00+00:00,,134.1699981689453,,134.1699981689453,,134.1699981689453,,134.1699981689453,,134.1699981689453,,21.0,KRITI,2025-09
2025-09-25 05:30:00+00:00,,134.10000610351562,,134.10000610351562,,134.11000061035156,,133.6999969482422,,134.11000061035156,,51.0,KRITI,2025-09
2025-09-25 05:35:00+00:00,,134.11000061035156,,134.11000061035156,,134.11000061035156,,134.10000610351562,,134.10000610351562,,140.0,KRITI,2025-09
2025-09-25 05:40:00+00:00,458.0,,458.0,,458.0,,458.0,,458.0,,2214.0,,KRITI,2025-09
2025-09-25 06:00:00+00:00,,133.85000610351562,,133.85000610351562,,134.22000122070312,,133.85000610351562,,134.22000122070312,,11.0,KRITI,2025-09
2025-09-25 06:15:00+00:00,,134.63999938964844,,134.63999938964844,,134.63999938964844,,133.9199981689453,,134.2899932861328,,57.0,KRITI,2025-09
2025-09-25 06:30:00+00:00,,133.10000610351562,,133.10000610351562,,133.44000244140625,,133.00999450683594,,133.44000244140625,,609.0,KRITI,2025-09
2025-09-25 06:35:00+00:00,,132.02999877929688,,132.02999877929688,,133.00999450683594,,132.02999877929688,,133.00999450683594,,3.0,KRITI,2025-09
2025-09-25 06:40:00+00:00,458.0,132.30999755859375,458.0,132.30999755859375,458.0,132.8300018310547,458.0,132.30999755859375,458.0,132.49000549316406,1503.0,9.0,KRITI,2025-09
2025-09-25 06:45:00+00:00,,132.36000061035156,,132.36000061035156,,132.38999938964844,,132.27000427246094,,132.27000427246094,,4.0,KRITI,2025-09
2025-09-25 06:50:00+00:00,,132.74000549316406,,132.74000549316406,,132.74000549316406,,132.74000549316406,,132.74000549316406,,102.0,KRITI,2025-09
2025-09-25 06:55:00+00:00,,132.55999755859375,,132.55999755859375,,132.82000732421875,,132.55999755859375,,132.82000732421875,,15.0,KRITI,2025-09
2025-09-25 07:00:00+00:00,,132.02000427246094,,132.02000427246094,,132.4600067138672,,132.02000427246094,,132.4600067138672,,266.0,KRITI,2025-09
2025-09-25 07:15:00+00:00,,132.77999877929688,,132.77999877929688,,133.4600067138672,,132.77999877929688,,133.4600067138672,,260.0,KRITI,2025-09
2025-09-25 07:20:00+00:00,,132.5500030517578,,132.5500030517578,,133.17999267578125,,132.30999755859375,,132.72999572753906,,32.0,KRITI,2025-09
2025-09-25 07:25:00+00:00,,132.0,,132.0,,132.0,,132.0,,132.0,,50.0,KRITI,2025-09
2025-09-25 07:30:00+00:00,,132.00999450683594,,132.00999450683594,,132.58999633789062,,132.00999450683594,,132.58999633789062,,38.0,KRITI,2025-09
2025-09-25 07:35:00+00:00,,132.02000427246094,,132.02000427246094,,132.16000366210938,,132.02000427246094,,132.16000366210938,,4.0,KRITI,2025-09
2025-09-25 07:40:00+00:00,458.0,,458.0,,458.0,,458.0,,458.0,,1535.0,,KRITI,2025-09
2025-09-25 07:50:00+00:00,,132.02000427246094,,132.02000427246094,,132.02000427246094,,132.02000427246094,,132.02000427246094,,5.0,KRITI,2025-09
2025-09-25 08:40:00+00:00,,130.5,,130.5,,132.02000427246094,,130.5,,132.02000427246094,,820.0,KRITI,2025-09
2025-09-25 08:45:00+00:00,457.5,130.0500030517578,457.5,130.0500030517578,457.5,130.97999572753906,457.5,130.0500030517578,457.5,130.97999572753906,1300.0,102.0,KRITI,2025-09
2025-09-25 08:50:00+00:00,,130.88999938964844,,130.88999938964844,,130.88999938964844,,130.88999938964844,,130.88999938964844,,0.0,KRITI,2025-09
2025-09-25 08:55:00+00:00,,130.47000122070312,,130.47000122070312,,130.72000122070312,,130.0,,130.0,,1025.0,KRITI,2025-09
2025-09-25 09:05:00+00:00,,130.67999267578125,,130.67999267578125,,130.67999267578125,,130.19000244140625,,130.19000244140625,,57.0,KRITI,2025-09
2025-09-25 09:10:00+00:00,,130.0,,130.0,,130.0,,130.0,,130.0,,604.0,KRITI,2025-09
2025-09-25 09:20:00+00:00,,130.6999969482422,,130.6999969482422,,130.6999969482422,,130.3000030517578,,130.3000030517578,,320.0,KRITI,2025-09
2025-09-25 09:25:00+00:00,,131.99000549316406,,131.99000549316406,,131.99000549316406,,130.67999267578125,,130.67999267578125,,29.0,KRITI,2025-09
2025-09-25 09:30:00+00:00,,132.25999450683594,,132.25999450683594,,132.25999450683594,,132.25999450683594,,132.25999450683594,,18.0,KRITI,2025-09
2025-09-25 09:35:00+00:00,,133.5,,133.5,,133.5,,132.39999389648438,,132.39999389648438,,236.0,KRITI,2025-09
2025-09-25 09:45:00+00:00,459.0,,459.0,,459.0,,459.0,,459.0,,840.0,,KRITI,2025-09
2025-09-25 09:50:00+00:00,,133.5,,133.5,,133.5,,131.0,,132.0,,700.0,KRITI,2025-09
2025-09-25 09:55:00+00:00,,133.39999389648438,,133.39999389648438,,133.39999389648438,,132.5500030517578,,133.39999389648438,,0.0,KRITI,2025-09
2025-09-26 03:55:00+00:00,,131.39999389648438,,131.39999389648438,,131.39999389648438,,131.39999389648438,,131.39999389648438,,0.0,KRITI,2025-09
2025-09-26 04:00:00+00:00,,130.3699951171875,,130.3699951171875,,130.3699951171875,,130.3699951171875,,130.3699951171875,,36.0,KRITI,2025-09
2025-09-26 04:05:00+00:00,,130.3699951171875,,130.3699951171875,,130.3800048828125,,130.3699951171875,,130.3699951171875,,221.0,KRITI,2025-09
2025-09-26 04:10:00+00:00,,130.0,,130.0,,130.3699951171875,,130.0,,130.3300018310547,,156.0,KRITI,2025-09
2025-09-26 04:20:00+00:00,,129.97999572753906,,129.97999572753906,,129.99000549316406,,129.86000061035156,,129.99000549316406,,63.0,KRITI,2025-09
2025-09-26 04:30:00+00:00,,129.63999938964844,,129.63999938964844,,129.63999938964844,,129.00999450683594,,129.00999450683594,,453.0,KRITI,2025-09
2025-09-26 04:35:00+00:00,,129.63999938964844,,129.63999938964844,,129.63999938964844,,129.63999938964844,,129.63999938964844,,0.0,KRITI,2025-09
2025-09-26 04:40:00+00:00,459.0,,459.0,,459.0,,459.0,,459.0,,0.0,,KRITI,2025-09
2025-09-26 04:45:00+00:00,,129.75,,129.75,,129.75,,129.75,,129.75,,15.0,KRITI,2025-09
2025-09-26 04:50:00+00:00,,129.75,,129.75,,129.75,,129.75,,129.75,,135.0,KRITI,2025-09
2025-09-26 04:55:00+00:00,,129.97999572753906,,129.97999572753906,,129.99000549316406,,129.97999572753906,,129.99000549316406,,35.0,KRITI,2025-09
2025-09-26 05:00:00+00:00,,129.99000549316406,,129.99000549316406,,129.99000549316406,,129.99000549316406,,129.99000549316406,,146.0,KRITI,2025-09
2025-09-26 05:05:00+00:00,,129.64999389648438,,129.64999389648438,,129.97999572753906,,129.64999389648438,,129.97999572753906,,0.0,KRITI,2025-09
2025-09-26 05:15:00+00:00,,129.99000549316406,,129.99000549316406,,129.99000549316406,,129.99000549316406,,129.99000549316406,,217.0,KRITI,2025-09
2025-09-26 05:20:00+00:00,,129.92999267578125,,129.92999267578125,,129.99000549316406,,129.92999267578125,,129.99000549316406,,69.0,KRITI,2025-09
2025-09-26 05:25:00+00:00,,129.9499969482422,,129.9499969482422,,129.9499969482422,,129.9499969482422,,129.9499969482422,,0.0,KRITI,2025-09
2025-09-26 05:45:00+00:00,459.0,,459.0,,459.0,,459.0,,459.0,,4079.0,,KRITI,2025-09
2025-09-26 05:55:00+00:00,,129.99000549316406,,129.99000549316406,,129.99000549316406,,129.9499969482422,,129.9499969482422,,46.0,KRITI,2025-09
2025-09-26 06:05:00+00:00,,129.9499969482422,,129.9499969482422,,129.99000549316406,,129.9499969482422,,129.99000549316406,,28.0,KRITI,2025-09
2025-09-26 06:20:00+00:00,,129.8800048828125,,129.8800048828125,,129.9499969482422,,129.8699951171875,,129.9499969482422,,123.0,KRITI,2025-09
2025-09-26 06:25:00+00:00,,129.8800048828125,,129.8800048828125,,129.8800048828125,,129.8800048828125,,129.8800048828125,,13.0,KRITI,2025-09
2025-09-26 06:30:00+00:00,,129.52000427246094,,129.52000427246094,,129.8800048828125,,129.52000427246094,,129.8800048828125,,27.0,KRITI,2025-09
2025-09-26 06:40:00+00:00,459.0,129.9499969482422,459.0,129.9499969482422,459.0,129.99000549316406,459.0,129.9499969482422,459.0,129.99000549316406,1735.0,123.0,KRITI,2025-09
2025-09-26 06:45:00+00:00,,129.9499969482422,,129.9499969482422,,129.99000549316406,,129.9499969482422,,129.99000549316406,,82.0,KRITI,2025-09
2025-09-26 07:05:00+00:00,,129.9499969482422,,129.9499969482422,,129.9499969482422,,129.9499969482422,,129.9499969482422,,1.0,KRITI,2025-09
2025-09-26 07:10:00+00:00,,129.89999389648438,,129.89999389648438,,129.89999389648438,,129.89999389648438,,129.89999389648438,,27.0,KRITI,2025-09
2025-09-26 07:25:00+00:00,,129.9499969482422,,129.9499969482422,,129.9499969482422,,129.9499969482422,,129.9499969482422,,16.0,KRITI,2025-09
2025-09-26 07:30:00+00:00,,129.99000549316406,,129.99000549316406,,129.99000549316406,,129.99000549316406,,129.99000549316406,,18.0,KRITI,2025-09
2025-09-26 07:40:00+00:00,459.0,129.97999572753906,459.0,129.97999572753906,459.0,129.97999572753906,459.0,129.5,459.0,129.5,1311.0,920.0,KRITI,2025-09
2025-09-26 07:50:00+00:00,,129.97999572753906,,129.97999572753906,,129.97999572753906,,129.97999572753906,,129.97999572753906,,10.0,KRITI,2025-09
2025-09-26 08:05:00+00:00,,129.0800018310547,,129.0800018310547,,129.0800018310547,,129.0800018310547,,129.0800018310547,,0.0,KRITI,2025-09
2025-09-26 08:20:00+00:00,,129.14999389648438,,129.14999389648438,,129.14999389648438,,129.14999389648438,,129.14999389648438,,4.0,KRITI,2025-09
2025-09-26 08:35:00+00:00,,129.00999450683594,,129.00999450683594,,129.00999450683594,,129.00999450683594,,129.00999450683594,,1100.0,KRITI,2025-09
2025-09-26 08:40:00+00:00,457.0,,457.0,,457.0,,457.0,,457.0,,1032.0,,KRITI,2025-09
2025-09-26 08:50:00+00:00,,129.33999633789062,,129.33999633789062,,129.49000549316406,,129.33999633789062,,129.49000549316406,,31.0,KRITI,2025-09
2025-09-26 09:00:00+00:00,,129.0500030517578,,129.0500030517578,,129.0500030517578,,129.0500030517578,,129.0500030517578,,15.0,KRITI,2025-09
2025-09-26 09:05:00+00:00,,129.0800018310547,,129.0800018310547,,129.0800018310547,,129.0800018310547,,129.0800018310547,,0.0,KRITI,2025-09
2025-09-26 09:10:00+00:00,,129.08999633789062,,129.08999633789062,,129.08999633789062,,129.00999450683594,,129.08999633789062,,1062.0,KRITI,2025-09
2025-09-26 09:15:00+00:00,,129.00999450683594,,129.00999450683594,,129.00999450683594,,129.00999450683594,,129.00999450683594,,22.0,KRITI,2025-09
2025-09-26 09:20:00+00:00,,129.00999450683594,,129.00999450683594,,129.00999450683594,,129.00999450683594,,129.00999450683594,,40.0,KRITI,2025-09
2025-09-26 09:25:00+00:00,,129.00999450683594,,129.00999450683594,,129.00999450683594,,129.00999450683594,,129.00999450683594,,842.0,KRITI,2025-09
2025-09-26 09:35:00+00:00,,129.00999450683594,,129.00999450683594,,129.00999450683594,,129.00999450683594,,129.00999450683594,,0.0,KRITI,2025-09
2025-09-26 09:40:00+00:00,461.0,129.49000549316406,461.0,129.49000549316406,461.0,129.49000549316406,461.0,129.49000549316406,461.0,129.49000549316406,1480.0,30.0,KRITI,2025-09
2025-09-26 09:45:00+00:00,,129.00999450683594,,129.00999450683594,,129.00999450683594,,129.00999450683594,,129.00999450683594,,36.0,KRITI,2025-09
2025-09-26 09:50:00+00:00,,129.5,,129.5,,129.5,,129.5,,129.5,,36.0,KRITI,2025-09
2025-09-26 09:55:00+00:00,,129.3300018310547,,129.3300018310547,,129.5,,129.3300018310547,,129.5,,12.0,KRITI,2025-09
2025-09-29 03:45:00+00:00,,131.94000244140625,,131.94000244140625,,132.3000030517578,,131.94000244140625,,132.3000030517578,,0.0,KRITI,2025-09
2025-09-29 03:55:00+00:00,,131.5,,131.5,,131.5,,131.5,,131.5,,977.0,KRITI,2025-09
2025-09-29 04:00:00+00:00,,131.5,,131.5,,131.5,,131.5,,131.5,,1.0,KRITI,2025-09
2025-09-29 04:10:00+00:00,,131.85000610351562,,131.85000610351562,,131.94000244140625,,131.5,,131.5,,30.0,KRITI,2025-09
2025-09-29 04:15:00+00:00,,131.5,,131.5,,131.6999969482422,,131.5,,131.6999969482422,,30.0,KRITI,2025-09
2025-09-29 04:20:00+00:00,,131.10000610351562,,131.10000610351562,,131.50999450683594,,131.10000610351562,,131.50999450683594,,3117.0,KRITI,2025-09
2025-09-29 04:30:00+00:00,,131.94000244140625,,131.94000244140625,,131.94000244140625,,131.94000244140625,,131.94000244140625,,53.0,KRITI,2025-09
2025-09-29 04:35:00+00:00,,132.0,,132.0,,132.3000030517578,,131.99000549316406,,131.99000549316406,,1140.0,KRITI,2025-09
2025-09-29 04:40:00+00:00,459.95001220703125,131.41000366210938,459.95001220703125,131.41000366210938,459.95001220703125,131.41000366210938,459.95001220703125,131.41000366210938,459.95001220703125,131.41000366210938,0.0,50.0,KRITI,2025-09
2025-09-29 04:45:00+00:00,,131.41000366210938,,131.41000366210938,,131.41000366210938,,131.41000366210938,,131.41000366210938,,0.0,KRITI,2025-09
2025-09-29 04:50:00+00:00,,131.13999938964844,,131.13999938964844,,131.13999938964844,,131.13999938964844,,131.13999938964844,,312.0,KRITI,2025-09
2025-09-29 04:55:00+00:00,,132.25,,132.25,,132.25,,132.25,,132.25,,25.0,KRITI,2025-09
2025-09-29 05:00:00+00:00,,132.1699981689453,,132.1699981689453,,132.1699981689453,,132.1699981689453,,132.1699981689453,,0.0,KRITI,2025-09
2025-09-29 05:05:00+00:00,,131.10000610351562,,131.10000610351562,,131.49000549316406,,131.10000610351562,,131.49000549316406,,514.0,KRITI,2025-09
2025-09-29 05:15:00+00:00,,131.10000610351562,,131.10000610351562,,131.97999572753906,,131.10000610351562,,131.97999572753906,,1005.0,KRITI,2025-09
2025-09-29 05:35:00+00:00,,131.94000244140625,,131.94000244140625,,131.94000244140625,,131.94000244140625,,131.94000244140625,,10.0,KRITI,2025-09
2025-09-29 05:40:00+00:00,,130.22000122070312,,130.22000122070312,,131.0,,130.22000122070312,,131.0,,1372.0,KRITI,2025-09
2025-09-29 05:45:00+00:00,463.1499938964844,130.0,463.1499938964844,130.0,463.1499938964844,130.0,463.1499938964844,130.0,463.1499938964844,130.0,2694.0,482.0,KRITI,2025-09
2025-09-29 05:50:00+00:00,,130.0,,130.0,,130.0,,130.0,,130.0,,565.0,KRITI,2025-09
2025-09-29 06:00:00+00:00,,128.11000061035156,,128.11000061035156,,129.0,,128.11000061035156,,129.0,,23.0,KRITI,2025-09
2025-09-29 06:30:00+00:00,,128.14999389648438,,128.14999389648438,,128.14999389648438,,128.14999389648438,,128.14999389648438,,12.0,KRITI,2025-09
2025-09-29 06:40:00+00:00,463.1499938964844,,463.1499938964844,,463.1499938964844,,463.1499938964844,,463.1499938964844,,2251.0,,KRITI,2025-09
2025-09-29 06:55:00+00:00,,130.02999877929688,,130.02999877929688,,130.02999877929688,,130.02999877929688,,130.02999877929688,,50.0,KRITI,2025-09
2025-09-29 07:40:00+00:00,463.1499938964844,,463.1499938964844,,463.1499938964844,,463.1499938964844,,463.1499938964844,,2200.0,,KRITI,2025-09
2025-09-29 07:45:00+00:00,,129.00999450683594,,129.00999450683594,,129.1999969482422,,129.00999450683594,,129.1999969482422,,37.0,KRITI,2025-09
2025-09-29 07:50:00+00:00,,130.49000549316406,,130.49000549316406,,130.49000549316406,,130.49000549316406,,130.49000549316406,,9.0,KRITI,2025-09
2025-09-29 08:05:00+00:00,,130.4600067138672,,130.4600067138672,,130.4600067138672,,130.4600067138672,,130.4600067138672,,30.0,KRITI,2025-09
2025-09-29 08:10:00+00:00,,130.4499969482422,,130.4499969482422,,130.4499969482422,,130.4499969482422,,130.4499969482422,,4.0,KRITI,2025-09
2025-09-29 08:25:00+00:00,,130.4199981689453,,130.4199981689453,,130.4199981689453,,130.4199981689453,,130.4199981689453,,24.0,KRITI,2025-09
2025-09-29 08:30:00+00:00,,130.02000427246094,,130.02000427246094,,130.02000427246094,,129.1300048828125,,129.1300048828125,,10.0,KRITI,2025-09
2025-09-29 08:40:00+00:00,463.1499938964844,130.00999450683594,463.1499938964844,130.00999450683594,463.1499938964844,130.00999450683594,463.1499938964844,128.74000549316406,463.1499938964844,128.74000549316406,2065.0,168.0,KRITI,2025-09
2025-09-29 08:50:00+00:00,,129.63999938964844,,129.63999938964844,,129.63999938964844,,129.63999938964844,,129.63999938964844,,0.0,KRITI,2025-09
2025-09-29 09:30:00+00:00,,129.1999969482422,,129.1999969482422,,129.1999969482422,,129.1999969482422,,129.1999969482422,,56.0,KRITI,2025-09
2025-09-29 09:35:00+00:00,,129.89999389648438,,129.89999389648438,,129.9600067138672,,129.5,,129.5,,256.0,KRITI,2025-09
2025-09-29 09:40:00+00:00,,129.77000427246094,,129.77000427246094,,130.19000244140625,,128.14999389648438,,129.89999389648438,,1355.0,KRITI,2025-09
2025-09-29 09:45:00+00:00,467.0,128.24000549316406,467.0,128.24000549316406,467.0,128.24000549316406,467.0,128.24000549316406,467.0,128.24000549316406,1029.0,61.0,KRITI,2025-09
2025-09-29 09:50:00+00:00,,129.25,,129.25,,129.25,,129.25,,129.25,,217.0,KRITI,2025-09
2025-09-29 09:55:00+00:00,,128.60000610351562,,128.60000610351562,,128.60000610351562,,128.0,,128.0,,298.0,KRITI,2025-09
2025-09-30 03:45:00+00:00,,124.36000061035156,,124.36000061035156,,124.36000061035156,,122.16999816894531,,122.16999816894531,,0.0,KRITI,2025-09
2025-09-30 03:50:00+00:00,,128.58999633789062,,128.58999633789062,,128.58999633789062,,127.08999633789062,,127.08999633789062,,1004.0,KRITI,2025-09
2025-09-30 03:55:00+00:00,,126.5199966430664,,126.5199966430664,,126.5199966430664,,126.5199966430664,,126.5199966430664,,1.0,KRITI,2025-09
2025-09-30 04:00:00+00:00,,125.98999786376953,,125.98999786376953,,126.0199966430664,,125.4000015258789,,126.0199966430664,,280.0,KRITI,2025-09
2025-09-30 04:05:00+00:00,,125.98999786376953,,125.98999786376953,,125.98999786376953,,125.9800033569336,,125.9800033569336,,131.0,KRITI,2025-09
2025-09-30 04:10:00+00:00,,126.54000091552734,,126.54000091552734,,126.73999786376953,,126.37999725341797,,126.73999786376953,,75.0,KRITI,2025-09
2025-09-30 04:25:00+00:00,,126.5999984741211,,126.5999984741211,,126.5999984741211,,126.5999984741211,,126.5999984741211,,300.0,KRITI,2025-09
2025-09-30 04:35:00+00:00,,126.5999984741211,,126.5999984741211,,126.5999984741211,,126.5999984741211,,126.5999984741211,,502.0,KRITI,2025-09
2025-09-30 04:40:00+00:00,,126.76000213623047,,126.76000213623047,,126.76000213623047,,124.41000366210938,,124.41000366210938,,1595.0,KRITI,2025-09
2025-09-30 04:45:00+00:00,466.95001220703125,126.20999908447266,466.95001220703125,126.20999908447266,466.95001220703125,126.69000244140625,466.95001220703125,126.20999908447266,466.95001220703125,126.69000244140625,0.0,106.0,KRITI,2025-09
2025-09-30 04:55:00+00:00,,125.91000366210938,,125.91000366210938,,126.0,,125.25,,126.0,,254.0,KRITI,2025-09
2025-09-30 05:00:00+00:00,,125.91999816894531,,125.91999816894531,,125.91999816894531,,125.91999816894531,,125.91999816894531,,24.0,KRITI,2025-09
2025-09-30 05:05:00+00:00,,125.88999938964844,,125.88999938964844,,125.88999938964844,,125.5,,125.5,,1147.0,KRITI,2025-09
2025-09-30 05:10:00+00:00,,125.88999938964844,,125.88999938964844,,125.88999938964844,,125.88999938964844,,125.88999938964844,,5.0,KRITI,2025-09
2025-09-30 05:15:00+00:00,,125.51000213623047,,125.51000213623047,,125.51000213623047,,125.51000213623047,,125.51000213623047,,97.0,KRITI,2025-09
2025-09-30 05:20:00+00:00,,126.0,,126.0,,126.0,,125.91000366210938,,125.91999816894531,,1935.0,KRITI,2025-09
2025-09-30 05:30:00+00:00,,127.87999725341797,,127.87999725341797,,127.9000015258789,,127.87999725341797,,127.9000015258789,,103.0,KRITI,2025-09
2025-09-30 05:40:00+00:00,466.0,,466.0,,466.0,,466.0,,466.0,,2248.0,,KRITI,2025-09
2025-09-30 05:55:00+00:00,,126.37000274658203,,126.37000274658203,,126.4000015258789,,126.05000305175781,,126.1500015258789,,113.0,KRITI,2025-09
2025-09-30 06:00:00+00:00,,127.75,,127.75,,127.75,,126.33000183105469,,126.44999694824219,,301.0,KRITI,2025-09
2025-09-30 06:05:00+00:00,,126.05000305175781,,126.05000305175781,,127.79000091552734,,126.05000305175781,,127.79000091552734,,236.0,KRITI,2025-09
2025-09-30 06:10:00+00:00,,127.80000305175781,,127.80000305175781,,127.80000305175781,,126.0199966430664,,126.0199966430664,,290.0,KRITI,2025-09
2025-09-30 06:15:00+00:00,,126.02999877929688,,126.02999877929688,,127.98999786376953,,126.01000213623047,,127.25,,658.0,KRITI,2025-09
2025-09-30 06:20:00+00:00,,126.04000091552734,,126.04000091552734,,126.51000213623047,,126.02999877929688,,126.51000213623047,,443.0,KRITI,2025-09
2025-09-30 06:25:00+00:00,,127.98999786376953,,127.98999786376953,,127.98999786376953,,127.55999755859375,,127.9000015258789,,617.0,KRITI,2025-09
2025-09-30 06:30:00+00:00,,126.11000061035156,,126.11000061035156,,127.98999786376953,,126.05999755859375,,127.98999786376953,,909.0,KRITI,2025-09
2025-09-30 06:35:00+00:00,,126.26000213623047,,126.26000213623047,,127.19999694824219,,126.05999755859375,,126.05999755859375,,449.0,KRITI,2025-09
2025-09-30 06:40:00+00:00,469.20001220703125,127.94000244140625,469.20001220703125,127.94000244140625,469.20001220703125,127.94000244140625,469.20001220703125,126.26000213623047,469.20001220703125,126.26000213623047,2861.0,442.0,KRITI,2025-09
2025-09-30 06:55:00+00:00,,127.83999633789062,,127.83999633789062,,127.83999633789062,,127.83999633789062,,127.83999633789062,,8.0,KRITI,2025-09
2025-09-30 07:05:00+00:00,,127.83000183105469,,127.83000183105469,,127.83000183105469,,127.83000183105469,,127.83000183105469,,19.0,KRITI,2025-09
2025-09-30 07:25:00+00:00,,127.47000122070312,,127.47000122070312,,127.47000122070312,,127.20999908447266,,127.20999908447266,,20.0,KRITI,2025-09
2025-09-30 07:30:00+00:00,,126.55000305175781,,126.55000305175781,,127.18000030517578,,126.5,,127.11000061035156,,230.0,KRITI,2025-09
2025-09-30 07:35:00+00:00,,127.0999984741211,,127.0999984741211,,127.0999984741211,,126.33000183105469,,126.33000183105469,,5.0,KRITI,2025-09
2025-09-30 07:40:00+00:00,469.0,,469.0,,469.0,,469.0,,469.0,,25711.0,,KRITI,2025-09
2025-09-30 07:45:00+00:00,,127.04000091552734,,127.04000091552734,,127.44999694824219,,127.0,,127.0,,1528.0,KRITI,2025-09
2025-09-30 07:50:00+00:00,,127.43000030517578,,127.43000030517578,,127.43000030517578,,127.43000030517578,,127.43000030517578,,0.0,KRITI,2025-09
2025-09-30 08:20:00+00:00,,127.0,,127.0,,127.38999938964844,,127.0,,127.38999938964844,,51.0,KRITI,2025-09
2025-09-30 08:25:00+00:00,,127.0,,127.0,,127.0,,127.0,,127.0,,31.0,KRITI,2025-09
2025-09-30 08:45:00+00:00,469.0,,469.0,,469.0,,469.0,,469.0,,2295.0,,KRITI,2025-09
2025-09-30 09:35:00+00:00,,126.55999755859375,,126.55999755859375,,127.0199966430664,,126.55999755859375,,127.0199966430664,,104.0,KRITI,2025-09
2025-09-30 09:40:00+00:00,469.0,127.88999938964844,469.0,127.88999938964844,469.0,127.88999938964844,469.0,126.58000183105469,469.0,126.58000183105469,1520.0,0.0,KRITI,2025-09
2025-09-30 09:45:00+00:00,,127.88999938964844,,127.88999938964844,,127.88999938964844,,127.88999938964844,,127.88999938964844,,4.0,KRITI,2025-09
2025-09-30 09:50:00+00:00,,127.80000305175781,,127.80000305175781,,127.80000305175781,,127.80000305175781,,127.80000305175781,,2.0,KRITI,2025-09
2025-09-30 09:55:00+00:00,,129.4199981689453,,129.4199981689453,,132.6999969482422,,129.4199981689453,,131.82000732421875,,339.0,KRITI,2025-09
