symbol,timestamp
JKTYRE,2025-10-14T19:36:52.128303
KALYANIFRG,2025-10-14T19:36:58.185787
KALYANI,2025-10-14T19:36:58.206545
UFO,2025-10-14T19:40:06.362382
WCIL,2025-10-14T19:40:26.429599
WANBURY,2025-10-14T19:40:26.609048
WOCKPHARMA,2025-10-14T19:40:29.694834
A2ZINFRA,2025-10-19T09:58:22.899023
63MOONS,2025-10-19T09:58:22.984931
21STCENMGM,2025-10-19T09:58:22.990684
3IINFOLTD,2025-10-19T09:58:23.024567
360ONE,2025-10-19T09:58:23.182580
20MICRONS,2025-10-19T09:58:23.313807
AAREYDRUGS,2025-10-19T09:58:23.608330
AAKASH,2025-10-19T09:58:23.870275
AARON,2025-10-19T09:58:24.008561
AARTIIND,2025-10-19T09:58:24.057681
AARTECH,2025-10-19T09:58:24.109591
AADHARHFC,2025-10-19T09:58:24.141805
AARTISURF,2025-10-19T09:58:24.172142
AARTIPHARM,2025-10-19T09:58:24.199747
AARTIDRUGS,2025-10-19T09:58:24.220616
