date,open,high,low,close,adj_close,volume,symbol
2023-09-25,542.9500122070312,544.5,527.0,529.9000244140625,526.23095703125,4167,DIAMINESQ
2023-09-26,525.0499877929688,545.0,525.0499877929688,535.5999755859375,531.8914184570312,5576,DIAMINESQ
2023-09-27,537.0,539.9500122070312,522.0,528.1500244140625,524.4930419921875,5870,DIAMINESQ
2023-09-28,524.2999877929688,543.4500122070312,524.2999877929688,529.0499877929688,525.3867797851562,9491,DIAMINESQ
2023-09-29,528.7000122070312,538.4500122070312,521.0,532.25,528.5646362304688,5918,DIAMINESQ
2023-10-03,531.9000244140625,540.0,527.0,529.7999877929688,526.131591796875,5880,DIAMINESQ
2023-10-04,518.0999755859375,539.0,518.0999755859375,526.3499755859375,522.7054443359375,7405,DIAMINESQ
2023-10-05,539.0,539.0,520.0,526.0499877929688,522.4075927734375,5016,DIAMINESQ
2023-10-06,530.5,535.0,526.0999755859375,532.4000244140625,528.7136840820312,5217,DIAMINESQ
2023-10-09,515.0,525.2999877929688,509.2999877929688,515.4500122070312,511.8810119628906,9272,DIAMINESQ
2023-10-10,517.2999877929688,522.0499877929688,514.0999755859375,516.75,513.1719360351562,4084,DIAMINESQ
2023-10-11,509.3500061035156,533.0,509.3500061035156,522.0,518.3856811523438,5617,DIAMINESQ
2023-10-12,526.2000122070312,526.7999877929688,515.0,516.75,513.1719360351562,3059,DIAMINESQ
2023-10-13,521.0999755859375,525.5,501.1000061035156,511.1000061035156,507.5610961914063,6411,DIAMINESQ
2023-10-16,520.0,524.9500122070312,505.0,519.8499755859375,516.25048828125,6369,DIAMINESQ
2023-10-17,526.3499755859375,531.3499755859375,514.5999755859375,526.3499755859375,522.7054443359375,6833,DIAMINESQ
2023-10-18,533.0,533.9500122070312,515.0,520.0999755859375,516.498779296875,4448,DIAMINESQ
2023-10-19,518.9000244140625,528.0,514.7999877929688,519.7000122070312,516.1015625,4233,DIAMINESQ
2023-10-20,524.6500244140625,524.6500244140625,505.2999877929688,511.3999938964844,507.8590087890625,4235,DIAMINESQ
2023-10-23,510.0,513.4500122070312,481.1000061035156,489.6499938964844,486.2596130371094,15943,DIAMINESQ
2023-10-25,497.0,498.0,456.1000061035156,474.9500122070313,471.6614074707031,15818,DIAMINESQ
2023-10-26,474.4500122070313,496.4500122070313,457.0499877929688,486.2000122070313,482.8335266113281,8112,DIAMINESQ
2023-10-27,494.0,496.5,479.0,482.2000122070313,478.8612060546875,5285,DIAMINESQ
2023-10-30,490.0,495.1499938964844,478.9500122070313,488.8999938964844,485.5148315429688,6283,DIAMINESQ
2023-10-31,493.7999877929688,499.7999877929688,487.0499877929688,496.25,492.8139343261719,2964,DIAMINESQ
2023-11-01,503.8999938964844,508.5499877929688,485.0,486.7999877929688,483.4293212890625,5435,DIAMINESQ
2023-11-02,494.1499938964844,499.4500122070313,476.7999877929688,484.1499938964844,480.7976989746094,5202,DIAMINESQ
2023-11-03,487.1499938964844,494.4500122070313,483.0,486.4500122070313,483.081787109375,3366,DIAMINESQ
2023-11-06,493.5,502.0,486.8500061035156,500.0499877929688,496.5875854492188,3992,DIAMINESQ
2023-11-07,500.0,506.8999938964844,465.2999877929688,480.9500122070313,477.619873046875,50018,DIAMINESQ
2023-11-08,480.9500122070313,481.1000061035156,470.1000061035156,472.1000061035156,468.8311462402344,9175,DIAMINESQ
2023-11-09,472.1000061035156,473.75,462.0499877929688,466.1000061035156,462.8726806640625,7910,DIAMINESQ
2023-11-10,466.25,497.9500122070313,458.7000122070313,474.5499877929688,471.26416015625,11328,DIAMINESQ
2023-11-13,471.0499877929688,476.4500122070313,462.4500122070313,465.1000061035156,461.8796081542969,5462,DIAMINESQ
2023-11-15,465.1000061035156,472.4500122070313,463.5499877929688,464.6000061035156,461.3830871582031,4455,DIAMINESQ
2023-11-16,456.0,471.4500122070313,456.0,459.0499877929688,455.8714599609375,6659,DIAMINESQ
2023-11-17,457.0,461.3500061035156,456.0,456.2999877929688,453.1405029296875,5451,DIAMINESQ
2023-11-20,464.9500122070313,494.0,446.1000061035156,472.25,468.9801025390625,18273,DIAMINESQ
2023-11-21,473.3999938964844,489.0,471.5499877929688,478.2000122070313,474.888916015625,13638,DIAMINESQ
2023-11-22,470.0499877929688,527.4000244140625,470.0499877929688,518.9500122070312,515.3568115234375,68673,DIAMINESQ
2023-11-23,525.0,534.0,510.0,522.3499755859375,518.7332153320312,24489,DIAMINESQ
2023-11-24,533.9500122070312,534.3499755859375,524.0,530.0999755859375,526.4295043945312,22578,DIAMINESQ
2023-11-28,537.7000122070312,537.7000122070312,516.5999755859375,524.7999877929688,521.166259765625,8855,DIAMINESQ
2023-11-29,530.0499877929688,530.0499877929688,510.0499877929688,522.8499755859375,519.2296752929688,6908,DIAMINESQ
2023-11-30,524.9000244140625,529.7000122070312,508.0,520.5,516.89599609375,17037,DIAMINESQ
2023-12-01,521.5,555.0,518.5,542.4500122070312,538.6940307617188,35475,DIAMINESQ
2023-12-04,569.0,569.0,515.6500244140625,523.0,519.3787231445312,15559,DIAMINESQ
2023-12-05,542.7999877929688,542.7999877929688,503.5499877929688,514.2999877929688,510.7389221191406,17879,DIAMINESQ
2023-12-06,508.2000122070313,527.4500122070312,501.0499877929688,522.75,519.1304321289062,10464,DIAMINESQ
2023-12-07,522.8499755859375,535.0,509.6000061035156,512.6500244140625,509.1004028320313,17258,DIAMINESQ
2023-12-08,516.6500244140625,517.25,501.5,506.7999877929688,503.2908630371094,7475,DIAMINESQ
2023-12-11,502.0,511.9500122070313,489.0499877929688,495.7000122070313,492.2677307128906,16894,DIAMINESQ
2023-12-12,489.1000061035156,510.2999877929688,489.1000061035156,493.6499938964844,490.2319030761719,9798,DIAMINESQ
2023-12-13,489.6000061035156,504.9500122070313,489.6000061035156,491.1499938964844,487.7492370605469,7503,DIAMINESQ
2023-12-14,493.7000122070313,498.3999938964844,479.3999938964844,484.8500061035156,481.4928588867188,16822,DIAMINESQ
2023-12-15,485.0499877929688,499.0,483.0499877929688,488.8500061035156,485.4651489257813,11593,DIAMINESQ
2023-12-18,488.7999877929688,504.0,484.8500061035156,491.1000061035156,487.6995849609375,13157,DIAMINESQ
2023-12-19,505.0,557.0,496.9500122070313,516.4000244140625,512.8244018554688,106928,DIAMINESQ
2023-12-20,525.0,577.0,525.0,548.1500244140625,544.3545532226562,202104,DIAMINESQ
2023-12-21,542.7000122070312,568.7999877929688,540.0,559.6500244140625,555.7749633789062,41608,DIAMINESQ
2023-12-22,567.0,567.0,545.6500244140625,549.7000122070312,545.8938598632812,21154,DIAMINESQ
2023-12-26,565.0,581.0,545.0999755859375,570.2000122070312,566.2518920898438,46570,DIAMINESQ
2023-12-27,570.2999877929688,588.2999877929688,562.5,568.25,564.3154296875,28944,DIAMINESQ
2023-12-28,576.75,576.75,545.75,550.7999877929688,546.9862060546875,23000,DIAMINESQ
2023-12-29,553.5999755859375,559.2000122070312,533.5499877929688,553.0,549.1710205078125,21556,DIAMINESQ
2024-01-01,557.2000122070312,558.9500122070312,541.0999755859375,544.75,540.9780883789062,17537,DIAMINESQ
2024-01-02,549.9000244140625,549.9000244140625,534.5499877929688,540.2000122070312,536.4595947265625,10926,DIAMINESQ
2024-01-03,537.9500122070312,547.6500244140625,536.0,536.8499755859375,533.1328125,6802,DIAMINESQ
2024-01-04,542.2000122070312,542.2000122070312,532.5,534.2000122070312,530.5011596679688,12010,DIAMINESQ
2024-01-05,540.0,557.4000244140625,528.5499877929688,545.5,541.722900390625,22008,DIAMINESQ
2024-01-08,554.8499755859375,555.8499755859375,532.2000122070312,540.5,536.757568359375,14618,DIAMINESQ
2024-01-09,562.0,562.0,533.0,535.3499755859375,531.6431884765625,10704,DIAMINESQ
2024-01-10,530.0,550.0,530.0,544.1500244140625,540.3822631835938,10255,DIAMINESQ
2024-01-11,546.8499755859375,552.9500122070312,537.9000244140625,542.1500244140625,538.3961181640625,9496,DIAMINESQ
2024-01-12,544.0,544.9000244140625,525.0,527.6500244140625,523.9965209960938,36794,DIAMINESQ
2024-01-15,529.9500122070312,530.4500122070312,514.6500244140625,518.1500244140625,514.562255859375,12783,DIAMINESQ
2024-01-16,518.1500244140625,540.0,509.8500061035156,529.9500122070312,526.2806396484375,26085,DIAMINESQ
2024-01-17,521.0499877929688,538.9500122070312,511.0499877929688,527.7000122070312,524.0462036132812,18129,DIAMINESQ
2024-01-19,520.2000122070312,528.7999877929688,511.0499877929688,514.5499877929688,510.9871826171875,6964,DIAMINESQ
2024-01-23,525.0,525.0,505.0,509.8500061035156,506.31976318359375,5195,DIAMINESQ
2024-01-24,512.4000244140625,515.0999755859375,504.5,507.2000122070313,503.6881103515625,9345,DIAMINESQ
2024-01-25,509.7000122070313,509.7000122070313,500.0,502.7000122070313,499.2192687988281,8449,DIAMINESQ
2024-01-29,514.8499755859375,515.0999755859375,497.7000122070313,508.3500061035156,504.83013916015625,7075,DIAMINESQ
2024-01-30,506.4500122070313,513.75,503.0499877929688,505.0,501.50335693359375,4396,DIAMINESQ
2024-01-31,507.5,520.1500244140625,503.9500122070313,515.0,511.43408203125,7106,DIAMINESQ
2024-02-01,516.1500244140625,522.0,500.0499877929688,502.1499938964844,498.6730651855469,6762,DIAMINESQ
2024-02-02,504.7000122070313,509.8500061035156,498.0,500.0499877929688,496.5875854492188,5364,DIAMINESQ
2024-02-05,500.9500122070313,504.7999877929688,481.6000061035156,487.3500061035156,483.9755554199219,15405,DIAMINESQ
2024-02-06,480.6000061035156,491.7999877929688,458.6499938964844,475.2999877929688,472.0089721679688,36896,DIAMINESQ
2024-02-07,465.0,480.75,460.0,467.7999877929688,464.5609130859375,20082,DIAMINESQ
2024-02-08,467.7999877929688,479.7999877929688,460.25,463.0,459.7941589355469,11665,DIAMINESQ
2024-02-09,465.2999877929688,474.8500061035156,452.2999877929688,469.3999938964844,466.14984130859375,12997,DIAMINESQ
2024-02-12,478.7999877929688,478.7999877929688,458.25,460.25,457.0632019042969,10650,DIAMINESQ
2024-02-13,465.0,469.4500122070313,455.0499877929688,465.7999877929688,462.5747375488281,5834,DIAMINESQ
2024-02-14,465.7999877929688,480.0,462.1000061035156,473.6499938964844,470.3703918457031,6671,DIAMINESQ
2024-02-15,476.0,487.7000122070313,475.5499877929688,484.7000122070313,481.3439025878906,8487,DIAMINESQ
2024-02-16,494.3999938964844,501.5,485.4500122070313,498.7000122070313,495.2469787597656,12711,DIAMINESQ
2024-02-19,501.0,523.0,497.0,519.5,515.9029541015625,12932,DIAMINESQ
2024-02-20,515.5,528.75,511.0499877929688,526.0999755859375,522.4572143554688,13308,DIAMINESQ
2024-02-21,531.0,531.0,505.0499877929688,511.3999938964844,507.8590087890625,9697,DIAMINESQ
2024-02-22,515.5,570.0,515.5,551.7999877929688,547.979248046875,137604,DIAMINESQ
2024-02-23,555.0,566.25,542.3499755859375,561.0499877929688,557.1652221679688,46230,DIAMINESQ
2024-02-26,547.0,561.0499877929688,541.4500122070312,545.5999755859375,541.8222045898438,15188,DIAMINESQ
2024-02-27,545.5999755859375,555.0,542.5499877929688,548.75,544.9503784179688,9369,DIAMINESQ
2024-02-28,550.0,554.7999877929688,531.0,537.75,534.0265502929688,11932,DIAMINESQ
2024-02-29,532.4000244140625,549.9000244140625,522.5999755859375,545.4000244140625,541.6236572265625,14459,DIAMINESQ
2024-03-01,549.9500122070312,623.4000244140625,548.4000244140625,606.6500244140625,602.4495239257812,281935,DIAMINESQ
2024-03-04,610.0,610.0,574.0,580.4000244140625,576.3812866210938,37329,DIAMINESQ
2024-03-05,586.2000122070312,586.2000122070312,566.1500244140625,572.2000122070312,568.238037109375,13512,DIAMINESQ
2024-03-06,566.5,577.7999877929688,542.6500244140625,554.75,550.9088745117188,44071,DIAMINESQ
2024-03-07,557.5,564.8499755859375,546.1500244140625,550.6500244140625,546.8372802734375,17477,DIAMINESQ
2024-03-11,560.0,560.0,533.0499877929688,540.9000244140625,537.15478515625,13374,DIAMINESQ
2024-03-12,537.4500122070312,549.4000244140625,530.5499877929688,538.75,535.0196533203125,20689,DIAMINESQ
2024-03-13,541.4000244140625,541.4000244140625,503.2000122070313,507.8500061035156,504.3336181640625,32504,DIAMINESQ
2024-03-14,502.0499877929688,536.25,502.0499877929688,518.0,514.413330078125,15855,DIAMINESQ
2024-03-15,513.0,559.9500122070312,513.0,533.4500122070312,529.75634765625,28606,DIAMINESQ
2024-03-18,530.1500244140625,541.0499877929688,519.4000244140625,531.8499755859375,528.1673583984375,8806,DIAMINESQ
2024-03-19,526.5,537.3499755859375,518.25,534.5,530.799072265625,4785,DIAMINESQ
2024-03-20,537.0,537.2000122070312,518.7999877929688,524.5999755859375,520.9675903320312,6821,DIAMINESQ
2024-03-21,527.2000122070312,539.5499877929688,515.0,521.9000244140625,518.2863159179688,6802,DIAMINESQ
2024-03-22,513.0,547.9500122070312,513.0,529.0499877929688,525.3867797851562,66786,DIAMINESQ
2024-03-26,530.0,532.5499877929688,512.0,515.4500122070312,511.8810119628906,25368,DIAMINESQ
2024-03-27,517.4500122070312,538.0,515.2000122070312,522.9000244140625,519.2794189453125,11045,DIAMINESQ
2024-03-28,525.2999877929688,529.0,496.1000061035156,506.8500061035156,503.3405456542969,34302,DIAMINESQ
2024-04-01,509.3999938964844,525.5499877929688,508.2999877929688,520.4500122070312,516.8463745117188,14215,DIAMINESQ
2024-04-02,516.0,520.2000122070312,514.0,518.7000122070312,515.1085205078125,7541,DIAMINESQ
2024-04-03,523.9000244140625,525.0,514.5999755859375,518.0,514.413330078125,7700,DIAMINESQ
2024-04-04,525.5,558.3499755859375,519.25,549.75,545.9434814453125,41191,DIAMINESQ
2024-04-05,555.25,590.0,546.0,587.2000122070312,583.1342163085938,49586,DIAMINESQ
2024-04-08,594.0,597.9500122070312,563.75,583.9000244140625,579.8570556640625,40837,DIAMINESQ
2024-04-09,589.0,589.0,564.4500122070312,571.1500244140625,567.1953735351562,28053,DIAMINESQ
2024-04-10,573.0,581.4500122070312,562.0,567.2000122070312,563.272705078125,18901,DIAMINESQ
2024-04-12,561.5499877929688,583.9500122070312,557.7999877929688,571.25,567.2946166992188,20206,DIAMINESQ
2024-04-15,570.0,570.0,550.1500244140625,558.1500244140625,554.2853393554688,14099,DIAMINESQ
2024-04-16,553.9500122070312,560.9500122070312,546.5,558.7999877929688,554.9307861328125,10909,DIAMINESQ
2024-04-18,567.2000122070312,571.9500122070312,553.0,557.0499877929688,553.1929321289062,8517,DIAMINESQ
2024-04-19,545.0,585.8499755859375,541.25,579.5999755859375,575.5867919921875,24320,DIAMINESQ
2024-04-22,582.0,589.7999877929688,562.0499877929688,583.1500244140625,579.1122436523438,15891,DIAMINESQ
2024-04-23,585.0,585.0,570.0,572.9500122070312,568.9828491210938,8456,DIAMINESQ
2024-04-24,581.5499877929688,598.8499755859375,567.5499877929688,591.0999755859375,587.0071411132812,23676,DIAMINESQ
2024-04-25,594.0,596.9500122070312,580.0,584.3499755859375,580.3038940429688,10730,DIAMINESQ
2024-04-26,593.0999755859375,597.2999877929688,575.0,577.1500244140625,573.15380859375,8271,DIAMINESQ
2024-04-29,576.0499877929688,593.4500122070312,561.9500122070312,564.9000244140625,560.9885864257812,36333,DIAMINESQ
2024-04-30,569.9000244140625,585.0,560.5499877929688,569.2999877929688,565.358154296875,33048,DIAMINESQ
2024-05-02,577.0,582.9000244140625,550.5,556.0999755859375,552.2494506835938,24996,DIAMINESQ
2024-05-03,556.1500244140625,567.1500244140625,542.0,546.5999755859375,542.8152465820312,9231,DIAMINESQ
2024-05-06,549.0,560.7999877929688,531.0,551.0,547.184814453125,17291,DIAMINESQ
2024-05-07,552.0,561.9500122070312,537.0999755859375,545.0499877929688,541.2760620117188,14057,DIAMINESQ
2024-05-08,545.0499877929688,556.9500122070312,539.0999755859375,552.75,548.9227294921875,10634,DIAMINESQ
2024-05-09,555.0,555.0,536.0,538.8499755859375,535.1189575195312,6129,DIAMINESQ
2024-05-10,540.6500244140625,540.6500244140625,530.0,537.75,534.0265502929688,7661,DIAMINESQ
2024-05-13,535.0,553.0999755859375,531.0499877929688,544.5999755859375,540.8291625976562,10252,DIAMINESQ
2024-05-14,544.5999755859375,555.4500122070312,536.0,548.4500122070312,544.6525268554688,6371,DIAMINESQ
2024-05-15,544.8499755859375,560.0,541.1500244140625,556.9500122070312,553.0936279296875,10280,DIAMINESQ
2024-05-16,551.4000244140625,555.5,538.0,539.7000122070312,535.9630737304688,9227,DIAMINESQ
2024-05-17,542.4000244140625,559.3499755859375,542.4000244140625,556.8499755859375,552.9943237304688,9074,DIAMINESQ
2024-05-21,571.0,578.0,558.0999755859375,573.2999877929688,569.3303833007812,18541,DIAMINESQ
2024-05-22,575.0,582.2000122070312,551.0,566.9500122070312,563.0244140625,18243,DIAMINESQ
2024-05-23,560.2000122070312,565.1500244140625,545.0,558.3499755859375,554.48388671875,16590,DIAMINESQ
2024-05-24,561.2999877929688,561.2999877929688,545.0,551.1500244140625,547.3338623046875,10360,DIAMINESQ
2024-05-27,539.0,539.0,493.6000061035156,499.8999938964844,496.4386596679688,84507,DIAMINESQ
2024-05-28,510.0,519.0,497.5499877929688,504.6499938964844,501.15576171875,23503,DIAMINESQ
2024-05-29,495.1000061035156,514.5999755859375,495.0,496.9500122070313,493.5090942382813,12068,DIAMINESQ
2024-05-30,495.0,499.5,489.0,491.7999877929688,488.3947143554688,4108,DIAMINESQ
2024-05-31,490.0,499.5,480.6000061035156,484.6499938964844,481.2942199707031,9009,DIAMINESQ
2024-06-03,490.0,500.0,474.2000122070313,481.6499938964844,478.3150024414063,16959,DIAMINESQ
2024-06-04,481.6499938964844,491.2999877929688,455.0,476.9500122070313,473.6475830078125,15933,DIAMINESQ
2024-06-05,471.25,494.8999938964844,464.3500061035156,485.0,481.6418151855469,10209,DIAMINESQ
2024-06-06,498.1000061035156,505.0,485.0,489.0,485.6141357421875,8948,DIAMINESQ
2024-06-07,489.0,504.7000122070313,489.0,498.0,494.5517883300781,8022,DIAMINESQ
2024-06-10,498.0,512.0499877929688,490.0,499.3999938964844,495.9421081542969,14728,DIAMINESQ
2024-06-11,496.0,510.0,496.0,503.0499877929688,499.56683349609375,4317,DIAMINESQ
2024-06-12,500.1000061035156,558.7000122070312,500.1000061035156,536.9000244140625,533.1824340820312,70771,DIAMINESQ
2024-06-13,539.7000122070312,548.0,533.0,538.0499877929688,534.3245239257812,13263,DIAMINESQ
2024-06-14,538.0499877929688,538.0499877929688,525.7999877929688,529.3499755859375,525.6847534179688,6921,DIAMINESQ
2024-06-18,529.6500244140625,535.5999755859375,504.0,512.9500122070312,509.3983154296875,14722,DIAMINESQ
2024-06-19,518.0999755859375,529.7999877929688,500.5499877929688,505.6000061035156,502.0991821289063,12071,DIAMINESQ
2024-06-20,505.6000061035156,529.4000244140625,501.0499877929688,515.5999755859375,512.0299072265625,17531,DIAMINESQ
2024-06-21,515.7000122070312,526.7000122070312,510.0,517.1500244140625,513.5692138671875,18166,DIAMINESQ
2024-06-24,517.1500244140625,519.0499877929688,508.0,510.8500061035156,507.3128356933594,6290,DIAMINESQ
2024-06-25,513.7999877929688,513.7999877929688,505.1000061035156,507.7999877929688,504.283935546875,7533,DIAMINESQ
2024-06-26,506.0,512.7999877929688,500.0,504.4500122070313,500.9571533203125,5839,DIAMINESQ
2024-06-27,506.0,536.7999877929688,505.9500122070313,515.2000122070312,511.63275146484375,18712,DIAMINESQ
2024-06-28,521.9500122070312,534.0,515.0999755859375,527.7999877929688,524.1454467773438,9999,DIAMINESQ
2024-07-01,525.0,537.0,518.0,528.0,524.3440551757812,14952,DIAMINESQ
2024-07-02,540.0,614.0,529.0499877929688,577.8499755859375,573.8489379882812,190075,DIAMINESQ
2024-07-03,587.7999877929688,693.4000244140625,571.3499755859375,655.0,650.4647216796875,602486,DIAMINESQ
2024-07-04,647.75,655.0,601.4000244140625,607.9000244140625,603.6908569335938,98410,DIAMINESQ
2024-07-05,614.7999877929688,672.0,614.7000122070312,657.5999755859375,653.0466918945312,77903,DIAMINESQ
2024-07-08,662.0,672.0,612.0,640.0999755859375,635.6678466796875,25566,DIAMINESQ
2024-07-09,645.0,680.0,635.75,670.2000122070312,665.5595092773438,69215,DIAMINESQ
2024-07-10,673.4500122070312,691.6500244140625,600.0,636.5999755859375,632.192138671875,81388,DIAMINESQ
2024-07-11,644.8499755859375,665.0,618.0,622.5999755859375,618.2890014648438,39586,DIAMINESQ
2024-07-12,627.0499877929688,635.9000244140625,600.5999755859375,605.7999877929688,601.6054077148438,25076,DIAMINESQ
2024-07-15,605.7999877929688,628.9500122070312,587.0499877929688,593.2999877929688,589.1919555664062,76399,DIAMINESQ
2024-07-16,593.2999877929688,606.5499877929688,589.5999755859375,594.1500244140625,590.0360717773438,33699,DIAMINESQ
2024-07-18,593.75,605.9500122070312,586.25,590.4000244140625,586.31201171875,13579,DIAMINESQ
2024-07-19,584.5,590.2999877929688,565.0,567.7000122070312,563.7691650390625,34743,DIAMINESQ
2024-07-22,570.0,588.9000244140625,561.0,576.9000244140625,572.905517578125,18772,DIAMINESQ
2024-07-23,576.9000244140625,582.0499877929688,553.0,571.2000122070312,567.2449340820312,20373,DIAMINESQ
2024-07-24,571.1500244140625,621.0,566.25,597.5999755859375,593.462158203125,76638,DIAMINESQ
2024-07-25,606.0,640.0,587.25,633.7000122070312,631.9559326171875,64308,DIAMINESQ
2024-07-26,635.0,645.25,632.9500122070312,635.5999755859375,633.8507080078125,19321,DIAMINESQ
2024-07-29,640.0,640.0,588.0499877929688,597.75,596.1048583984375,74904,DIAMINESQ
2024-07-30,606.7000122070312,610.0,584.7000122070312,597.6500244140625,596.0051879882812,36738,DIAMINESQ
2024-07-31,600.75,630.6500244140625,590.0,611.8499755859375,610.1660766601562,37633,DIAMINESQ
2024-08-01,621.1500244140625,621.1500244140625,587.9500122070312,588.7999877929688,587.1795043945312,34192,DIAMINESQ
2024-08-02,580.0,602.75,579.0,581.0,579.4010009765625,19515,DIAMINESQ
2024-08-05,581.0,581.0,560.5999755859375,574.2000122070312,572.6196899414062,20430,DIAMINESQ
2024-08-06,580.0,592.9000244140625,569.25,576.9000244140625,575.3123168945312,21911,DIAMINESQ
2024-08-07,579.0,595.4500122070312,561.0499877929688,579.5499877929688,577.9549560546875,36437,DIAMINESQ
2024-08-08,570.8499755859375,578.0,556.0499877929688,559.4000244140625,557.8604736328125,27998,DIAMINESQ
2024-08-09,565.5999755859375,586.3499755859375,531.0,570.8499755859375,569.2788696289062,158152,DIAMINESQ
2024-08-12,560.0499877929688,560.9500122070312,545.25,550.7000122070312,549.1843872070312,22739,DIAMINESQ
2024-08-13,548.0,552.4000244140625,535.0499877929688,538.9000244140625,537.4168701171875,16043,DIAMINESQ
2024-08-14,542.2000122070312,547.0499877929688,535.0,541.25,539.7603759765625,8236,DIAMINESQ
2024-08-16,545.0,550.0,531.0,543.7000122070312,542.2036743164062,15096,DIAMINESQ
2024-08-19,540.0,566.9500122070312,540.0,546.4500122070312,544.9461059570312,9571,DIAMINESQ
2024-08-20,553.0,576.5,553.0,567.9500122070312,566.3869018554688,16090,DIAMINESQ
2024-08-21,574.7999877929688,624.0,568.0,593.9500122070312,592.3153686523438,89846,DIAMINESQ
2024-08-22,590.0,608.0,580.9500122070312,582.75,581.1461791992188,13586,DIAMINESQ
2024-08-23,591.5,591.5,569.5499877929688,580.2999877929688,578.702880859375,36855,DIAMINESQ
2024-08-26,589.9500122070312,590.2000122070312,563.2000122070312,578.5499877929688,576.9577026367188,20947,DIAMINESQ
2024-08-28,565.75,578.0,552.0999755859375,554.7000122070312,553.1734008789062,13755,DIAMINESQ
2024-08-29,554.7000122070312,562.75,540.0,549.7000122070312,548.1871337890625,14385,DIAMINESQ
2024-08-30,552.7000122070312,574.0999755859375,552.7000122070312,568.0499877929688,566.4866333007812,13783,DIAMINESQ
2024-09-02,570.2000122070312,572.9000244140625,551.0,553.7999877929688,552.2758178710938,6449,DIAMINESQ
2024-09-03,559.7999877929688,579.7999877929688,558.0,562.6500244140625,561.1015014648438,10301,DIAMINESQ
2024-09-04,574.7999877929688,585.0,557.5499877929688,558.9000244140625,557.36181640625,14430,DIAMINESQ
2024-09-05,568.0999755859375,579.4500122070312,552.0,560.9000244140625,559.3563232421875,8070,DIAMINESQ
2024-09-06,555.0999755859375,569.7999877929688,552.0,554.3499755859375,552.8242797851562,7739,DIAMINESQ
2024-09-09,546.0,573.7999877929688,546.0,558.5,556.962890625,10557,DIAMINESQ
2024-09-10,556.0499877929688,562.8499755859375,550.3499755859375,556.9500122070312,555.4171752929688,5774,DIAMINESQ
2024-09-11,560.5999755859375,563.4500122070312,555.1500244140625,557.2000122070312,555.66650390625,5351,DIAMINESQ
2024-09-12,567.5,567.5,548.7000122070312,553.8499755859375,552.32568359375,7556,DIAMINESQ
2024-09-13,559.8499755859375,559.8499755859375,552.75,556.25,554.7191162109375,3736,DIAMINESQ
2024-09-16,564.9500122070312,564.9500122070312,549.0,550.4000244140625,548.8851928710938,9119,DIAMINESQ
2024-09-17,555.9500122070312,556.4000244140625,540.0,540.8499755859375,539.3614501953125,8034,DIAMINESQ
2024-09-18,540.8499755859375,552.4500122070312,533.5499877929688,550.9500122070312,549.4337158203125,11433,DIAMINESQ
2024-09-19,554.8499755859375,559.0,535.5499877929688,540.8499755859375,539.3614501953125,6515,DIAMINESQ
2024-09-20,540.8499755859375,560.4500122070312,540.8499755859375,549.2999877929688,547.7882080078125,7606,DIAMINESQ
2024-09-23,549.2999877929688,572.0,549.2999877929688,563.4000244140625,561.8494262695312,12089,DIAMINESQ
2024-09-24,567.0499877929688,573.0,550.0,567.25,565.6888427734375,10545,DIAMINESQ
2024-09-25,579.7999877929688,582.9000244140625,561.5999755859375,562.2999877929688,560.75244140625,8246,DIAMINESQ
2024-09-26,567.7999877929688,568.5999755859375,556.2000122070312,559.5999755859375,558.0598754882812,2762,DIAMINESQ
2024-09-27,563.5999755859375,575.0,555.5499877929688,562.0,560.4532470703125,10020,DIAMINESQ
2024-09-30,574.7999877929688,574.7999877929688,546.0,549.2999877929688,547.7882080078125,5466,DIAMINESQ
2024-10-01,545.2000122070312,567.2000122070312,545.2000122070312,562.25,560.7025756835938,8923,DIAMINESQ
2024-10-03,550.0,551.0,535.0,549.7000122070312,548.1871337890625,9905,DIAMINESQ
2024-10-04,537.7000122070312,551.0,531.0,539.1500244140625,537.6661987304688,4707,DIAMINESQ
2024-10-07,541.0,541.0,501.6000061035156,513.1500244140625,511.73773193359375,15253,DIAMINESQ
2024-10-08,513.0999755859375,531.5999755859375,511.0499877929688,530.2999877929688,528.8405151367188,5173,DIAMINESQ
2024-10-09,538.0,544.5999755859375,533.0499877929688,544.0,542.5028076171875,5689,DIAMINESQ
2024-10-10,541.9500122070312,543.75,538.2999877929688,541.0499877929688,539.5609130859375,2219,DIAMINESQ
2024-10-11,549.1500244140625,549.1500244140625,539.5999755859375,541.4500122070312,539.9598388671875,1993,DIAMINESQ
2024-10-14,541.5499877929688,547.9500122070312,526.0,528.25,526.796142578125,7281,DIAMINESQ
2024-10-15,532.0499877929688,550.0,529.9000244140625,541.2999877929688,539.8102416992188,3527,DIAMINESQ
2024-10-16,540.5999755859375,548.9000244140625,539.9500122070312,544.75,543.250732421875,2142,DIAMINESQ
2024-10-17,547.5999755859375,550.1500244140625,535.1500244140625,538.5499877929688,537.0678100585938,2689,DIAMINESQ
2024-10-18,530.0,540.9000244140625,530.0,535.2999877929688,533.8267211914062,2742,DIAMINESQ
2024-10-21,530.0999755859375,541.0,524.25,531.1500244140625,529.6881713867188,4503,DIAMINESQ
2024-10-22,537.5499877929688,541.9500122070312,499.9500122070313,507.8999938964844,506.5021667480469,11079,DIAMINESQ
2024-10-23,507.5499877929688,531.2999877929688,499.8999938964844,521.2000122070312,519.7655639648438,22861,DIAMINESQ
2024-10-24,525.0,534.9500122070312,503.0,509.25,507.8484497070313,10066,DIAMINESQ
2024-10-25,505.0,515.0,471.6499938964844,479.75,478.42962646484375,14850,DIAMINESQ
2024-10-28,475.0,510.6499938964844,475.0,491.0499877929688,489.6985168457031,3465,DIAMINESQ
2024-10-29,500.25,503.2999877929688,478.0499877929688,482.6000061035156,481.2717895507813,6232,DIAMINESQ
2024-10-31,486.0,486.0,476.5,477.5499877929688,476.2356872558594,6185,DIAMINESQ
2024-11-01,470.3999938964844,494.1000061035156,470.3999938964844,485.2999877929688,483.96435546875,4266,DIAMINESQ
2024-11-04,485.2999877929688,509.8999938964844,481.7999877929688,499.4500122070313,498.075439453125,17455,DIAMINESQ
2024-11-06,528.0,548.0,523.0,530.5499877929688,529.08984375,9351,DIAMINESQ
2024-11-07,527.2000122070312,530.5499877929688,512.9000244140625,519.3499755859375,517.920654296875,5447,DIAMINESQ
2024-11-08,519.3499755859375,549.9000244140625,518.0,541.75,540.259033203125,17214,DIAMINESQ
2024-11-11,552.4500122070312,577.0,525.7000122070312,550.2000122070312,548.6857299804688,45323,DIAMINESQ
2024-11-12,557.7999877929688,561.9000244140625,535.0,537.6500244140625,536.1702880859375,10019,DIAMINESQ
2024-11-13,533.9500122070312,542.9500122070312,505.0,512.0,510.59088134765625,12484,DIAMINESQ
2024-11-14,509.7999877929688,525.9000244140625,507.6499938964844,517.6500244140625,516.225341796875,4975,DIAMINESQ
2024-11-18,520.0,527.5,507.0,520.8499755859375,519.41650390625,7544,DIAMINESQ
2024-11-19,523.9500122070312,527.5,517.0499877929688,520.9000244140625,519.4664306640625,3225,DIAMINESQ
2024-11-21,520.7999877929688,520.9000244140625,509.6000061035156,518.6500244140625,517.2225952148438,5216,DIAMINESQ
2024-11-22,522.3499755859375,525.0,507.75,513.0,511.588134765625,10009,DIAMINESQ
2024-11-25,516.3499755859375,516.3499755859375,504.0499877929688,506.1000061035156,504.7071228027344,5837,DIAMINESQ
2024-11-26,511.8500061035156,513.0499877929688,493.1000061035156,502.3500061035156,500.9674377441406,12114,DIAMINESQ
2024-11-27,506.3500061035156,527.0,501.0499877929688,504.6499938964844,503.2611083984375,9198,DIAMINESQ
2024-11-28,514.8499755859375,525.0,505.3500061035156,522.25,520.8126831054688,6462,DIAMINESQ
2024-11-29,527.5,527.5,509.0499877929688,512.1500244140625,510.740478515625,2106,DIAMINESQ
2024-12-02,508.0,514.8499755859375,499.5,504.2999877929688,502.91204833984375,11260,DIAMINESQ
2024-12-03,514.8499755859375,519.7000122070312,500.5499877929688,509.7000122070313,508.2972106933594,5408,DIAMINESQ
2024-12-04,510.0,554.7999877929688,509.6000061035156,538.0,536.5193481445312,21847,DIAMINESQ
2024-12-05,548.0,566.0999755859375,535.0,541.75,540.259033203125,9989,DIAMINESQ
2024-12-06,546.9000244140625,547.0499877929688,520.0999755859375,525.75,524.3030395507812,11576,DIAMINESQ
2024-12-09,528.0499877929688,536.3499755859375,514.0,519.7999877929688,518.369384765625,6363,DIAMINESQ
2024-12-10,519.7000122070312,540.7999877929688,519.7000122070312,530.5499877929688,529.08984375,8124,DIAMINESQ
2024-12-11,523.0999755859375,541.4000244140625,511.1499938964844,519.8499755859375,518.4192504882812,12747,DIAMINESQ
2024-12-12,525.2999877929688,525.2999877929688,513.0499877929688,514.5499877929688,513.1338500976562,4764,DIAMINESQ
2024-12-13,514.6500244140625,530.4000244140625,508.1000061035156,528.8499755859375,527.3944702148438,4884,DIAMINESQ
2024-12-16,531.5999755859375,536.5499877929688,510.0,523.0499877929688,521.6104736328125,5879,DIAMINESQ
2024-12-17,525.0,527.4000244140625,516.0499877929688,520.3499755859375,518.9178466796875,3786,DIAMINESQ
2024-12-18,520.7999877929688,520.7999877929688,501.1000061035156,507.8500061035156,506.4523010253906,6178,DIAMINESQ
2024-12-19,501.0,510.5,497.1499938964844,499.0,497.6266479492188,8986,DIAMINESQ
2024-12-20,499.3500061035156,506.0,499.0499877929688,499.4500122070313,498.075439453125,3000,DIAMINESQ
2024-12-23,501.8500061035156,506.1000061035156,498.0,502.1499938964844,500.7679748535156,4832,DIAMINESQ
2024-12-24,503.25,504.3999938964844,501.1000061035156,503.75,502.3635864257813,1168,DIAMINESQ
2024-12-26,506.3999938964844,510.1000061035156,504.1000061035156,504.6499938964844,503.2611083984375,3317,DIAMINESQ
2024-12-27,504.6499938964844,510.0,492.1000061035156,495.3999938964844,494.03656005859375,6365,DIAMINESQ
2024-12-30,491.25,495.0499877929688,485.0,487.4500122070313,486.10845947265625,7644,DIAMINESQ
2024-12-31,490.0,493.1499938964844,487.0,491.0,489.648681640625,3777,DIAMINESQ
2025-01-01,493.4500122070313,503.1499938964844,490.0,495.0,493.6376647949219,1373,DIAMINESQ
2025-01-02,496.5499877929688,503.5499877929688,492.7999877929688,499.8500061035156,498.4743347167969,3629,DIAMINESQ
2025-01-03,502.5,504.8999938964844,492.1000061035156,495.2999877929688,493.9368286132813,2569,DIAMINESQ
2025-01-06,497.8999938964844,497.8999938964844,475.0,483.0499877929688,481.7205505371094,3881,DIAMINESQ
2025-01-07,485.0,495.7000122070313,484.25,491.6000061035156,490.2470397949219,2409,DIAMINESQ
2025-01-08,494.2000122070313,497.8500061035156,477.8500061035156,482.2000122070313,480.8728942871094,4603,DIAMINESQ
2025-01-09,490.0,514.25,488.8500061035156,491.2000122070313,489.84814453125,18893,DIAMINESQ
2025-01-10,491.2000122070313,493.6499938964844,475.25,477.2999877929688,475.9863586425781,8007,DIAMINESQ
2025-01-13,480.2999877929688,489.5499877929688,451.0,459.6000061035156,458.3351135253906,5488,DIAMINESQ
2025-01-14,459.6000061035156,479.0499877929688,459.6000061035156,467.8500061035156,466.5624084472656,4175,DIAMINESQ
2025-01-15,479.8500061035156,495.0,466.0,475.6000061035156,474.29107666015625,3458,DIAMINESQ
2025-01-16,478.1000061035156,485.0,470.75,475.25,473.9420166015625,5836,DIAMINESQ
2025-01-17,477.7999877929688,483.9500122070313,469.9500122070313,472.5,471.1995849609375,2330,DIAMINESQ
2025-01-20,484.7999877929688,484.7999877929688,474.3999938964844,475.5499877929688,474.2411804199219,1414,DIAMINESQ
2025-01-21,484.8500061035156,484.8500061035156,469.0499877929688,477.1499938964844,475.8367919921875,2376,DIAMINESQ
2025-01-22,474.0,483.3999938964844,466.8999938964844,472.5499877929688,471.24945068359375,2034,DIAMINESQ
2025-01-23,475.0,488.7000122070313,454.1499938964844,470.0,468.70648193359375,6443,DIAMINESQ
2025-01-24,468.0,497.7999877929688,459.1000061035156,486.6499938964844,485.3106384277344,8990,DIAMINESQ
2025-01-27,482.2000122070313,485.3500061035156,456.0,461.1499938964844,459.8808288574219,6097,DIAMINESQ
2025-01-28,463.5499877929688,463.6000061035156,449.9500122070313,452.7999877929688,451.5538024902344,2221,DIAMINESQ
2025-01-29,451.6000061035156,470.5,450.5499877929688,457.2000122070313,455.9417114257813,2616,DIAMINESQ
2025-01-30,459.6000061035156,470.0,457.7999877929688,462.3500061035156,461.0775451660156,2074,DIAMINESQ
2025-01-31,464.7999877929688,469.1499938964844,462.3500061035156,465.8999938964844,464.6177368164063,1029,DIAMINESQ
2025-02-01,483.0,489.8500061035156,470.0,471.1000061035156,469.803466796875,5077,DIAMINESQ
2025-02-03,470.25,484.0,470.0499877929688,481.3999938964844,480.0751037597656,1691,DIAMINESQ
2025-02-04,481.3999938964844,489.8500061035156,469.1499938964844,472.5499877929688,471.24945068359375,2572,DIAMINESQ
2025-02-05,475.0,486.3999938964844,471.6000061035156,474.8999938964844,473.5929870605469,2453,DIAMINESQ
2025-02-06,480.5,482.8999938964844,449.25,456.5,455.2436218261719,13955,DIAMINESQ
2025-02-07,458.9500122070313,458.9500122070313,434.0,439.3999938964844,438.190673828125,12375,DIAMINESQ
2025-02-10,445.9500122070313,445.9500122070313,425.5,427.4500122070313,426.2735900878906,4753,DIAMINESQ
2025-02-11,421.0,425.7999877929688,386.1000061035156,390.75,389.6745910644531,15771,DIAMINESQ
2025-02-12,384.9500122070313,391.8999938964844,383.1000061035156,385.2999877929688,384.2395629882813,5131,DIAMINESQ
2025-02-13,382.0,398.3500061035156,379.0,387.9500122070313,386.8822937011719,4672,DIAMINESQ
2025-02-14,391.0499877929688,392.0499877929688,354.29998779296875,368.25,367.2365112304688,14389,DIAMINESQ
2025-02-17,362.75,370.1499938964844,339.95001220703125,354.04998779296875,353.0755615234375,20725,DIAMINESQ
2025-02-18,359.3500061035156,369.0499877929688,349.0,352.8999938964844,351.9287414550781,23537,DIAMINESQ
2025-02-19,351.0,358.95001220703125,350.5,353.04998779296875,352.0783386230469,23995,DIAMINESQ
2025-02-20,356.75,378.8999938964844,356.20001220703125,374.5499877929688,373.5191650390625,5827,DIAMINESQ
2025-02-21,370.2999877929688,433.7000122070313,370.2999877929688,402.6499938964844,401.5418395996094,55988,DIAMINESQ
2025-02-24,400.0,426.5,400.0,405.8500061035156,404.7330322265625,10666,DIAMINESQ
2025-02-25,399.75,408.9500122070313,377.0,383.0,381.9459228515625,11714,DIAMINESQ
2025-02-27,377.3999938964844,390.4500122070313,350.0,357.95001220703125,356.9648742675781,16820,DIAMINESQ
2025-02-28,352.6499938964844,381.6000061035156,348.75,366.5499877929688,365.5411682128906,9889,DIAMINESQ
2025-03-03,370.0,371.8999938964844,341.3999938964844,349.20001220703125,348.23895263671875,14328,DIAMINESQ
2025-03-04,343.95001220703125,372.3999938964844,342.8500061035156,361.1000061035156,360.106201171875,12513,DIAMINESQ
2025-03-05,361.5499877929688,378.2000122070313,357.0,370.2000122070313,369.18115234375,8315,DIAMINESQ
2025-03-06,375.75,375.75,364.0,368.4500122070313,367.43597412109375,8664,DIAMINESQ
2025-03-07,369.5499877929688,378.1499938964844,364.7999877929688,366.1000061035156,365.0924377441406,5191,DIAMINESQ
2025-03-10,370.25,381.0,370.0,375.0499877929688,374.0177917480469,15654,DIAMINESQ
2025-03-11,372.3500061035156,373.4500122070313,360.04998779296875,369.2000122070313,368.1838989257813,13382,DIAMINESQ
2025-03-12,371.4500122070313,372.3999938964844,350.0,359.6499938964844,358.66015625,5522,DIAMINESQ
2025-03-13,359.45001220703125,364.9500122070313,343.70001220703125,359.1000061035156,358.1116943359375,12958,DIAMINESQ
2025-03-17,361.1000061035156,361.1000061035156,340.1000061035156,343.1499938964844,342.2055969238281,11435,DIAMINESQ
2025-03-18,346.3999938964844,350.79998779296875,339.20001220703125,341.54998779296875,340.6099853515625,18490,DIAMINESQ
2025-03-19,350.04998779296875,358.1000061035156,350.04998779296875,353.0,352.0284729003906,10637,DIAMINESQ
2025-03-20,358.25,359.0,350.0,351.54998779296875,350.5824584960937,9961,DIAMINESQ
2025-03-21,350.3500061035156,359.0,350.3500061035156,352.29998779296875,351.33038330078125,7088,DIAMINESQ
2025-03-24,357.6000061035156,359.0,347.1000061035156,355.20001220703125,354.2224426269531,23203,DIAMINESQ
2025-03-25,355.3500061035156,372.0,339.0,340.8500061035156,339.91192626953125,23319,DIAMINESQ
2025-03-26,339.0,345.0,317.79998779296875,321.6000061035156,320.71490478515625,37334,DIAMINESQ
2025-03-27,315.0,320.3999938964844,305.1499938964844,309.20001220703125,308.3490295410156,23383,DIAMINESQ
2025-03-28,319.79998779296875,335.75,310.0,314.6000061035156,313.7341613769531,21625,DIAMINESQ
2025-04-01,314.6000061035156,337.0,314.6000061035156,333.8999938964844,332.9810485839844,10800,DIAMINESQ
2025-04-02,328.95001220703125,340.0,328.95001220703125,337.75,336.8204345703125,4380,DIAMINESQ
2025-04-03,338.95001220703125,358.8999938964844,337.79998779296875,348.8999938964844,347.93975830078125,9130,DIAMINESQ
2025-04-04,343.75,349.20001220703125,339.95001220703125,345.45001220703125,344.499267578125,3765,DIAMINESQ
2025-04-07,336.1000061035156,336.1000061035156,309.0,311.45001220703125,310.59283447265625,19744,DIAMINESQ
2025-04-08,320.0,326.6499938964844,314.1499938964844,315.5,314.6316833496094,4201,DIAMINESQ
2025-04-09,315.8999938964844,324.3999938964844,308.79998779296875,310.29998779296875,309.44598388671875,3963,DIAMINESQ
2025-04-11,319.0,322.6499938964844,316.5,317.3500061035156,316.4765930175781,4656,DIAMINESQ
2025-04-15,321.0,335.79998779296875,320.0,329.0,328.09454345703125,4057,DIAMINESQ
2025-04-16,333.95001220703125,389.0,320.20001220703125,377.7000122070313,376.6605224609375,79928,DIAMINESQ
2025-04-17,375.5,382.7999877929688,359.0,360.8999938964844,359.90673828125,23341,DIAMINESQ
2025-04-21,366.2999877929688,370.8999938964844,353.54998779296875,365.0499877929688,364.0452880859375,8954,DIAMINESQ
2025-04-22,365.0,380.3500061035156,362.8500061035156,376.3500061035156,375.314208984375,6174,DIAMINESQ
2025-04-23,380.1000061035156,380.1000061035156,370.0499877929688,372.8999938964844,371.8737182617188,3065,DIAMINESQ
2025-04-24,376.25,414.8999938964844,370.0499877929688,388.5,387.4307861328125,16526,DIAMINESQ
2025-04-25,387.0,387.0,364.8999938964844,367.9500122070313,366.9373474121094,5319,DIAMINESQ
2025-04-28,370.8500061035156,379.9500122070313,364.0,369.7999877929688,368.7822265625,4026,DIAMINESQ
2025-04-29,371.7000122070313,378.7999877929688,367.9500122070313,375.0,373.9679260253906,3336,DIAMINESQ
2025-04-30,377.8500061035156,380.0499877929688,354.8999938964844,361.2000122070313,360.2059326171875,10776,DIAMINESQ
2025-05-02,355.79998779296875,370.0,355.79998779296875,364.4500122070313,363.4469909667969,2533,DIAMINESQ
2025-05-05,360.0,365.3500061035156,352.0,358.6499938964844,357.6629333496094,2287,DIAMINESQ
2025-05-06,358.8999938964844,362.9500122070313,351.8999938964844,356.45001220703125,355.468994140625,3899,DIAMINESQ
2025-05-07,351.1000061035156,365.0,348.0,356.6000061035156,355.6185913085937,3464,DIAMINESQ
2025-05-08,359.75,374.8999938964844,355.0,356.6000061035156,355.6185913085937,4123,DIAMINESQ
2025-05-09,351.25,359.79998779296875,337.95001220703125,346.3999938964844,345.4466247558594,5337,DIAMINESQ
2025-05-12,351.6000061035156,369.0,351.6000061035156,362.9500122070313,361.95111083984375,4813,DIAMINESQ
2025-05-13,362.9500122070313,384.3500061035156,362.9500122070313,380.3999938964844,379.3530578613281,8893,DIAMINESQ
2025-05-14,380.3999938964844,386.9500122070313,370.0499877929688,383.0,381.9459228515625,3477,DIAMINESQ
2025-05-15,384.8999938964844,412.8999938964844,381.0499877929688,395.1499938964844,394.0624694824219,8380,DIAMINESQ
2025-05-16,399.8999938964844,405.0,389.0,392.75,391.6690673828125,4405,DIAMINESQ
2025-05-19,398.0,398.0,381.2000122070313,385.6000061035156,384.5387573242188,4673,DIAMINESQ
2025-05-20,379.5,400.0499877929688,375.0,379.5499877929688,378.5054016113281,6939,DIAMINESQ
2025-05-21,383.5499877929688,392.0,381.1499938964844,383.5,382.4445495605469,5076,DIAMINESQ
2025-05-22,389.0,389.0,378.6499938964844,381.9500122070313,380.8988037109375,1834,DIAMINESQ
2025-05-23,384.7999877929688,392.0,378.5499877929688,380.1499938964844,379.103759765625,3203,DIAMINESQ
2025-05-26,381.0499877929688,389.9500122070313,378.1000061035156,385.0499877929688,383.9902648925781,4803,DIAMINESQ
2025-05-27,383.7999877929688,389.8999938964844,378.0,383.8500061035156,382.7935791015625,4588,DIAMINESQ
2025-05-28,387.0,391.0,380.0,388.3500061035156,387.28118896484375,5009,DIAMINESQ
2025-05-29,389.75,404.0,383.3999938964844,388.3999938964844,387.3310546875,5773,DIAMINESQ
2025-05-30,382.5499877929688,383.5499877929688,377.3500061035156,378.1499938964844,377.1092529296875,3994,DIAMINESQ
2025-06-02,376.2999877929688,377.4500122070313,361.2000122070313,363.8999938964844,362.8984680175781,6741,DIAMINESQ
2025-06-03,368.1499938964844,375.1499938964844,360.1000061035156,362.2000122070313,361.20318603515625,2946,DIAMINESQ
2025-06-04,367.6499938964844,367.6499938964844,356.79998779296875,359.1499938964844,358.1615600585937,2440,DIAMINESQ
2025-06-05,359.1499938964844,369.2000122070313,359.1499938964844,364.8500061035156,363.8458862304688,4473,DIAMINESQ
2025-06-06,371.8999938964844,371.8999938964844,357.04998779296875,362.3999938964844,361.402587890625,3071,DIAMINESQ
2025-06-09,366.8999938964844,374.8999938964844,354.29998779296875,370.3999938964844,369.3805847167969,8445,DIAMINESQ
2025-06-10,369.4500122070313,417.25,368.5499877929688,395.3999938964844,394.311767578125,27502,DIAMINESQ
2025-06-11,398.7000122070313,402.4500122070313,385.0,389.7999877929688,388.7271728515625,7466,DIAMINESQ
2025-06-12,393.3999938964844,400.0,387.0,390.2999877929688,389.2257995605469,3874,DIAMINESQ
2025-06-13,384.4500122070313,390.0,380.0499877929688,382.2999877929688,381.2478332519531,4037,DIAMINESQ
2025-06-16,388.0,388.0,371.0,373.9500122070313,372.92083740234375,4830,DIAMINESQ
2025-06-17,368.3500061035156,387.0,368.3500061035156,377.1000061035156,376.0621643066406,6727,DIAMINESQ
2025-06-18,382.75,383.7999877929688,369.3500061035156,377.6000061035156,376.560791015625,14086,DIAMINESQ
2025-06-19,383.25,387.2000122070313,370.0,373.1000061035156,372.07318115234375,6317,DIAMINESQ
2025-06-20,376.1499938964844,385.0,372.5499877929688,379.6499938964844,378.6051330566406,3434,DIAMINESQ
2025-06-23,373.9500122070313,417.0,373.9500122070313,401.8999938964844,400.79388427734375,17850,DIAMINESQ
2025-06-24,404.8999938964844,415.0,392.2999877929688,400.7999877929688,399.6968994140625,7600,DIAMINESQ
2025-06-25,399.9500122070313,453.75,399.9500122070313,429.2999877929688,428.1184692382813,44140,DIAMINESQ
2025-06-26,435.75,453.8999938964844,433.0,442.0,440.7835388183594,21341,DIAMINESQ
2025-06-27,436.1000061035156,445.5,420.0,426.1000061035156,424.9273071289063,6388,DIAMINESQ
2025-06-30,426.1000061035156,457.9500122070313,425.0,434.1000061035156,432.9052734375,16933,DIAMINESQ
2025-07-01,429.75,443.0,429.75,433.75,432.5562438964844,6462,DIAMINESQ
2025-07-02,434.1499938964844,442.8999938964844,430.0,435.2999877929688,434.1019592285156,6802,DIAMINESQ
2025-07-03,435.0,448.0,433.25,435.9500122070313,434.7501831054688,2838,DIAMINESQ
2025-07-04,435.75,449.8999938964844,428.0499877929688,434.7999877929688,433.6033325195313,12124,DIAMINESQ
2025-07-07,444.0,444.0,426.0,429.6000061035156,428.4176635742188,12969,DIAMINESQ
2025-07-08,424.0,434.0499877929688,404.7999877929688,412.4500122070313,411.31488037109375,12940,DIAMINESQ
2025-07-09,418.6499938964844,425.0,412.5,419.7999877929688,418.6446228027344,2924,DIAMINESQ
2025-07-10,421.0499877929688,432.0,418.0499877929688,427.8500061035156,426.6724853515625,8038,DIAMINESQ
2025-07-11,430.0,432.2999877929688,402.0,404.6499938964844,403.5363159179688,14325,DIAMINESQ
2025-07-14,409.0,409.4500122070313,389.7000122070313,391.6000061035156,390.5222473144531,12702,DIAMINESQ
2025-07-15,397.0,404.9500122070313,385.0,399.75,398.6498107910156,28842,DIAMINESQ
2025-07-16,400.0,414.7000122070313,400.0,412.1000061035156,410.9658203125,5216,DIAMINESQ
2025-07-17,412.0,412.0,400.1000061035156,402.7999877929688,401.69140625,3022,DIAMINESQ
2025-07-18,402.0,408.0,395.0,400.7999877929688,399.6968994140625,3758,DIAMINESQ
2025-07-21,401.3500061035156,409.1499938964844,394.9500122070313,404.6000061035156,403.4864807128906,3591,DIAMINESQ
2025-07-22,400.0,407.0,391.0499877929688,392.0499877929688,390.9710083007813,7682,DIAMINESQ
2025-07-23,397.9500122070313,397.9500122070313,381.0499877929688,383.8999938964844,382.8434448242188,12482,DIAMINESQ
2025-07-24,385.0,393.4500122070313,382.5499877929688,385.1000061035156,384.0401306152344,5021,DIAMINESQ
2025-07-25,390.8999938964844,390.8999938964844,381.1000061035156,383.2000122070313,382.1453857421875,3746,DIAMINESQ
2025-07-28,382.0,387.0499877929688,371.5499877929688,378.2999877929688,377.25885009765625,4452,DIAMINESQ
2025-07-29,375.2000122070313,384.8999938964844,371.6000061035156,377.4500122070313,376.41119384765625,3318,DIAMINESQ
2025-07-30,380.0499877929688,402.1499938964844,378.1000061035156,399.4500122070313,398.35064697265625,6104,DIAMINESQ
2025-07-31,390.0,413.0,390.0,402.2000122070313,401.0930786132813,3979,DIAMINESQ
2025-08-01,396.1499938964844,413.9500122070313,391.0,400.1499938964844,399.0487060546875,4952,DIAMINESQ
2025-08-04,396.1499938964844,397.75,382.8999938964844,389.5499877929688,388.4778747558594,2190,DIAMINESQ
2025-08-05,394.1499938964844,406.0,391.1000061035156,404.7000122070313,403.5862121582031,4459,DIAMINESQ
2025-08-06,399.1499938964844,407.4500122070313,399.1499938964844,401.5499877929688,400.4448547363281,3036,DIAMINESQ
2025-08-07,399.8500061035156,406.8500061035156,399.6000061035156,402.4500122070313,401.3424072265625,3385,DIAMINESQ
2025-08-08,400.1499938964844,406.8500061035156,389.7999877929688,390.6499938964844,389.5748596191406,7037,DIAMINESQ
2025-08-11,391.0,397.0,373.8999938964844,377.2000122070313,376.1618957519531,11184,DIAMINESQ
2025-08-12,382.7000122070313,392.1499938964844,353.8500061035156,370.5,369.4803161621094,9277,DIAMINESQ
2025-08-13,372.6499938964844,376.6499938964844,362.0,368.4500122070313,367.43597412109375,2421,DIAMINESQ
2025-08-14,372.6499938964844,377.8999938964844,368.4500122070313,374.1499938964844,373.1202697753906,2356,DIAMINESQ
2025-08-18,379.0,387.2000122070313,373.4500122070313,376.5499877929688,375.5136413574219,2354,DIAMINESQ
2025-08-19,376.1000061035156,378.0,370.1000061035156,373.5,372.4720458984375,1223,DIAMINESQ
2025-08-20,376.4500122070313,377.0499877929688,359.3999938964844,361.75,360.75439453125,7915,DIAMINESQ
2025-08-21,364.7000122070313,374.4500122070313,362.7999877929688,364.0,362.9981994628906,4053,DIAMINESQ
2025-08-22,365.8999938964844,367.0,353.79998779296875,359.0,358.011962890625,5539,DIAMINESQ
2025-08-25,360.0,375.0,360.0,366.4500122070313,365.44146728515625,3449,DIAMINESQ
2025-08-26,366.5,372.0,360.04998779296875,363.3500061035156,362.3500061035156,6389,DIAMINESQ
2025-08-28,351.54998779296875,360.0,351.0,355.1000061035156,355.1000061035156,4349,DIAMINESQ
2025-08-29,352.79998779296875,367.0,352.79998779296875,364.3999938964844,364.3999938964844,2041,DIAMINESQ
2025-09-01,364.3999938964844,367.1000061035156,360.0,361.0,361.0,1398,DIAMINESQ
2025-09-02,366.1499938964844,370.0,349.45001220703125,362.25,362.25,21127,DIAMINESQ
2025-09-03,367.7000122070313,397.9500122070313,364.7999877929688,379.1000061035156,379.1000061035156,8432,DIAMINESQ
2025-09-04,378.0499877929688,418.7999877929688,372.5,378.2999877929688,378.2999877929688,12141,DIAMINESQ
2025-09-05,379.1000061035156,380.4500122070313,361.2000122070313,371.6499938964844,371.6499938964844,4234,DIAMINESQ
2025-09-08,370.25,379.0,365.0,366.5499877929688,366.5499877929688,4102,DIAMINESQ
2025-09-09,368.2999877929688,369.3999938964844,354.1499938964844,357.8500061035156,357.8500061035156,6811,DIAMINESQ
2025-09-10,359.54998779296875,364.0,354.0,354.79998779296875,354.79998779296875,3322,DIAMINESQ
2025-09-11,359.6499938964844,369.25,350.1000061035156,363.7999877929688,363.7999877929688,7578,DIAMINESQ
2025-09-12,360.7999877929688,362.0,355.0,360.7999877929688,360.7999877929688,2288,DIAMINESQ
2025-09-15,356.0,362.5499877929688,355.45001220703125,359.45001220703125,359.45001220703125,1057,DIAMINESQ
2025-09-16,361.25,361.25,357.45001220703125,358.3999938964844,358.3999938964844,1689,DIAMINESQ
2025-09-17,361.8500061035156,364.0,359.0,361.3999938964844,361.3999938964844,1091,DIAMINESQ
2025-09-18,361.1499938964844,372.3999938964844,360.2999877929688,370.4500122070313,370.4500122070313,4392,DIAMINESQ
2025-09-19,365.1499938964844,377.1000061035156,365.1499938964844,374.5,374.5,3748,DIAMINESQ
2025-09-22,372.5499877929688,373.9500122070313,365.5,370.7999877929688,370.7999877929688,1802,DIAMINESQ
2025-09-23,369.0,371.25,356.0,359.1499938964844,359.1499938964844,4986,DIAMINESQ
2025-09-24,360.0,369.0,357.95001220703125,363.2000122070313,363.2000122070313,2051,DIAMINESQ
2025-09-25,363.4500122070313,369.0,354.0,359.70001220703125,359.70001220703125,8568,DIAMINESQ
2025-09-26,365.0,365.2999877929688,347.04998779296875,352.6499938964844,352.6499938964844,5640,DIAMINESQ
2025-09-29,352.95001220703125,353.95001220703125,324.0,326.29998779296875,326.29998779296875,12326,DIAMINESQ
2025-09-30,331.20001220703125,339.29998779296875,313.8500061035156,316.1499938964844,316.1499938964844,11909,DIAMINESQ
2025-10-01,316.95001220703125,330.0,308.0,310.3500061035156,310.3500061035156,15322,DIAMINESQ
2025-10-03,314.70001220703125,329.8500061035156,313.0,325.75,325.75,5436,DIAMINESQ
2025-10-06,325.95001220703125,332.0,300.0,305.8999938964844,305.8999938964844,12709,DIAMINESQ
2025-10-07,308.0,313.20001220703125,289.95001220703125,297.70001220703125,297.70001220703125,24336,DIAMINESQ
2025-10-08,297.0,309.79998779296875,293.0,296.29998779296875,296.29998779296875,14658,DIAMINESQ
2025-10-09,298.70001220703125,298.95001220703125,290.3500061035156,293.20001220703125,293.20001220703125,5752,DIAMINESQ
2025-10-10,290.0,303.04998779296875,290.0,299.0,299.0,8304,DIAMINESQ
2025-10-13,299.0,303.45001220703125,294.8500061035156,301.5,301.5,6425,DIAMINESQ
2025-10-14,302.0,303.8999938964844,290.3500061035156,293.70001220703125,293.70001220703125,4127,DIAMINESQ
2025-10-15,295.1499938964844,297.8999938964844,293.0,295.1499938964844,295.1499938964844,816,DIAMINESQ
2025-10-16,297.6000061035156,299.3500061035156,292.8999938964844,295.29998779296875,295.29998779296875,1167,DIAMINESQ
2025-10-17,296.79998779296875,296.95001220703125,290.1000061035156,291.54998779296875,291.54998779296875,2813,DIAMINESQ
2025-10-20,294.0,299.8999938964844,288.0,295.70001220703125,295.70001220703125,1454,DIAMINESQ
2025-10-21,304.79998779296875,304.8500061035156,294.0,298.54998779296875,298.54998779296875,1461,DIAMINESQ
