datetime,adj_close,adj_close.1,close,close.1,high,high.1,low,low.1,open,open.1,volume,volume.1,symbol,month
2025-10-01 03:45:00+00:00,5380.5,,5380.5,,5439.5,,5380.5,,5439.5,,0.0,,FSC,2025-10
2025-10-01 03:50:00+00:00,5375.0,2.470000028610229,5375.0,2.470000028610229,5375.0,2.470000028610229,5375.0,2.470000028610229,5375.0,2.470000028610229,18.0,0.0,FSC,2025-10
2025-10-01 03:55:00+00:00,5399.0,,5399.0,,5402.0,,5376.5,,5399.0,,31.0,,FSC,2025-10
2025-10-01 04:00:00+00:00,5410.5,2.470000028610229,5410.5,2.470000028610229,5410.5,2.470000028610229,5399.0,2.470000028610229,5399.0,2.470000028610229,19.0,60.0,FSC,2025-10
2025-10-01 04:05:00+00:00,5418.5,2.470000028610229,5418.5,2.470000028610229,5418.5,2.470000028610229,5391.5,2.470000028610229,5391.5,2.470000028610229,29.0,21.0,FSC,2025-10
2025-10-01 04:10:00+00:00,5420.0,2.440000057220459,5420.0,2.440000057220459,5420.0,2.440000057220459,5420.0,2.440000057220459,5420.0,2.440000057220459,92.0,0.0,FSC,2025-10
2025-10-01 04:20:00+00:00,5405.0,2.4800000190734863,5405.0,2.4800000190734863,5419.5,2.4800000190734863,5402.0,2.4800000190734863,5412.0,2.4800000190734863,0.0,100.0,FSC,2025-10
2025-10-01 04:25:00+00:00,5410.0,,5410.0,,5410.0,,5410.0,,5410.0,,9.0,,FSC,2025-10
2025-10-01 04:30:00+00:00,5400.0,,5400.0,,5410.0,,5400.0,,5410.0,,35.0,,FSC,2025-10
2025-10-01 04:35:00+00:00,5378.0,2.470000028610229,5378.0,2.470000028610229,5378.5,2.470000028610229,5376.5,2.470000028610229,5378.5,2.470000028610229,72.0,2.0,FSC,2025-10
2025-10-01 04:40:00+00:00,5375.0,2.470000028610229,5375.0,2.470000028610229,5377.5,2.470000028610229,5370.0,2.470000028610229,5377.5,2.470000028610229,160.0,6.0,FSC,2025-10
2025-10-01 04:45:00+00:00,5379.5,,5379.5,,5379.5,,5375.5,,5375.5,,2.0,,FSC,2025-10
2025-10-01 04:50:00+00:00,5381.0,,5381.0,,5398.0,,5375.5,,5375.5,,128.0,,FSC,2025-10
2025-10-01 04:55:00+00:00,5380.0,2.4200000762939453,5380.0,2.4200000762939453,5389.5,2.440000057220459,5380.0,2.4200000762939453,5381.0,2.440000057220459,46.0,345.0,FSC,2025-10
2025-10-01 05:00:00+00:00,5359.0,2.4100000858306885,5359.0,2.4100000858306885,5369.5,2.4100000858306885,5359.0,2.4100000858306885,5369.0,2.4100000858306885,198.0,50.0,FSC,2025-10
2025-10-01 05:05:00+00:00,5326.5,,5326.5,,5353.0,,5326.5,,5352.0,,103.0,,FSC,2025-10
2025-10-01 05:10:00+00:00,5324.0,2.4100000858306885,5324.0,2.4100000858306885,5340.0,2.4100000858306885,5324.0,2.4100000858306885,5335.0,2.4100000858306885,39.0,100.0,FSC,2025-10
2025-10-01 05:15:00+00:00,5306.0,2.4600000381469727,5306.0,2.4600000381469727,5324.0,2.4600000381469727,5280.0,2.4100000858306885,5324.0,2.4100000858306885,293.0,1245.0,FSC,2025-10
2025-10-01 05:20:00+00:00,5313.0,,5313.0,,5313.0,,5280.0,,5305.0,,204.0,,FSC,2025-10
2025-10-01 05:25:00+00:00,5311.5,,5311.5,,5313.5,,5291.0,,5312.0,,84.0,,FSC,2025-10
2025-10-01 05:30:00+00:00,5292.0,2.470000028610229,5292.0,2.470000028610229,5304.5,2.470000028610229,5292.0,2.470000028610229,5304.5,2.470000028610229,18.0,500.0,FSC,2025-10
2025-10-01 05:35:00+00:00,5280.5,,5280.5,,5303.5,,5280.5,,5303.5,,64.0,,FSC,2025-10
2025-10-01 05:40:00+00:00,5285.5,,5285.5,,5294.0,,5280.0,,5280.0,,30.0,,FSC,2025-10
2025-10-01 05:45:00+00:00,5284.0,,5284.0,,5284.0,,5283.5,,5283.5,,73.0,,FSC,2025-10
2025-10-01 05:50:00+00:00,5287.0,,5287.0,,5296.0,,5284.5,,5284.5,,13.0,,FSC,2025-10
2025-10-01 05:55:00+00:00,5286.0,,5286.0,,5287.5,,5286.0,,5287.5,,53.0,,FSC,2025-10
2025-10-01 06:00:00+00:00,5287.0,2.400000095367432,5287.0,2.400000095367432,5287.0,2.400000095367432,5286.0,2.400000095367432,5286.0,2.400000095367432,8.0,200.0,FSC,2025-10
2025-10-01 06:05:00+00:00,5285.0,,5285.0,,5298.5,,5285.0,,5285.0,,13.0,,FSC,2025-10
2025-10-01 06:10:00+00:00,5278.5,,5278.5,,5285.0,,5276.0,,5285.0,,100.0,,FSC,2025-10
2025-10-01 06:15:00+00:00,5261.0,,5261.0,,5272.0,,5261.0,,5272.0,,34.0,,FSC,2025-10
2025-10-01 06:20:00+00:00,5280.0,2.3499999046325684,5280.0,2.3499999046325684,5281.0,2.3499999046325684,5261.0,2.3499999046325684,5261.0,2.3499999046325684,56.0,1868.0,FSC,2025-10
2025-10-01 06:25:00+00:00,5279.0,,5279.0,,5279.0,,5278.5,,5278.5,,8.0,,FSC,2025-10
2025-10-01 06:30:00+00:00,5265.5,,5265.5,,5281.5,,5265.5,,5281.5,,40.0,,FSC,2025-10
2025-10-01 06:35:00+00:00,5264.5,,5264.5,,5264.5,,5262.0,,5262.0,,38.0,,FSC,2025-10
2025-10-01 06:40:00+00:00,5274.0,,5274.0,,5286.0,,5263.0,,5264.5,,79.0,,FSC,2025-10
2025-10-01 06:45:00+00:00,5271.0,,5271.0,,5286.0,,5271.0,,5277.5,,130.0,,FSC,2025-10
2025-10-01 06:50:00+00:00,5285.0,,5285.0,,5297.5,,5284.0,,5297.5,,64.0,,FSC,2025-10
2025-10-01 06:55:00+00:00,5278.0,,5278.0,,5281.5,,5278.0,,5281.5,,33.0,,FSC,2025-10
2025-10-01 07:00:00+00:00,5272.5,,5272.5,,5275.5,,5272.5,,5275.5,,31.0,,FSC,2025-10
2025-10-01 07:05:00+00:00,5263.5,2.470000028610229,5263.5,2.470000028610229,5272.5,2.470000028610229,5263.5,2.470000028610229,5272.5,2.470000028610229,51.0,450.0,FSC,2025-10
2025-10-01 07:10:00+00:00,5250.0,,5250.0,,5280.5,,5250.0,,5263.5,,163.0,,FSC,2025-10
2025-10-01 07:15:00+00:00,5258.5,,5258.5,,5260.5,,5250.0,,5250.0,,45.0,,FSC,2025-10
2025-10-01 07:20:00+00:00,5250.0,,5250.0,,5261.5,,5250.0,,5250.0,,40.0,,FSC,2025-10
2025-10-01 07:25:00+00:00,5241.0,,5241.0,,5264.0,,5241.0,,5264.0,,150.0,,FSC,2025-10
2025-10-01 07:30:00+00:00,5235.5,,5235.5,,5251.0,,5230.0,,5234.5,,79.0,,FSC,2025-10
2025-10-01 07:35:00+00:00,5241.0,2.470000028610229,5241.0,2.470000028610229,5260.0,2.470000028610229,5233.0,2.470000028610229,5239.5,2.470000028610229,85.0,8.0,FSC,2025-10
2025-10-01 07:40:00+00:00,5237.0,,5237.0,,5250.0,,5237.0,,5242.0,,104.0,,FSC,2025-10
2025-10-01 07:45:00+00:00,5244.0,,5244.0,,5244.0,,5220.5,,5230.0,,117.0,,FSC,2025-10
2025-10-01 07:50:00+00:00,5252.5,2.3499999046325684,5252.5,2.3499999046325684,5252.5,2.369999885559082,5250.0,2.3499999046325684,5250.0,2.369999885559082,29.0,3488.0,FSC,2025-10
2025-10-01 07:55:00+00:00,5260.0,,5260.0,,5260.0,,5249.0,,5249.0,,41.0,,FSC,2025-10
2025-10-01 08:00:00+00:00,5267.0,,5267.0,,5267.5,,5252.5,,5261.0,,43.0,,FSC,2025-10
2025-10-01 08:05:00+00:00,5280.0,,5280.0,,5281.0,,5274.5,,5277.5,,53.0,,FSC,2025-10
2025-10-01 08:10:00+00:00,5278.5,,5278.5,,5281.0,,5278.5,,5279.5,,20.0,,FSC,2025-10
2025-10-01 08:15:00+00:00,5258.5,,5258.5,,5283.0,,5254.5,,5279.0,,55.0,,FSC,2025-10
2025-10-01 08:20:00+00:00,5272.0,,5272.0,,5272.0,,5272.0,,5272.0,,13.0,,FSC,2025-10
2025-10-01 08:25:00+00:00,5337.5,,5337.5,,5337.5,,5286.0,,5300.5,,223.0,,FSC,2025-10
2025-10-01 08:30:00+00:00,5332.5,2.3499999046325684,5332.5,2.3499999046325684,5343.5,2.3499999046325684,5330.0,2.3499999046325684,5334.0,2.3499999046325684,178.0,3750.0,FSC,2025-10
2025-10-01 08:35:00+00:00,5351.0,,5351.0,,5351.0,,5333.0,,5333.0,,91.0,,FSC,2025-10
2025-10-01 08:40:00+00:00,5360.5,,5360.5,,5368.5,,5354.5,,5368.5,,26.0,,FSC,2025-10
2025-10-01 08:45:00+00:00,5360.0,,5360.0,,5365.5,,5360.0,,5360.0,,92.0,,FSC,2025-10
2025-10-01 08:50:00+00:00,5367.5,2.4600000381469727,5367.5,2.4600000381469727,5367.5,2.4600000381469727,5353.0,2.4600000381469727,5361.0,2.4600000381469727,41.0,2500.0,FSC,2025-10
2025-10-01 08:55:00+00:00,5407.5,,5407.5,,5407.5,,5357.5,,5372.5,,219.0,,FSC,2025-10
2025-10-01 09:00:00+00:00,5410.0,2.4600000381469727,5410.0,2.4600000381469727,5414.5,2.4600000381469727,5402.0,2.4600000381469727,5414.5,2.4600000381469727,128.0,60.0,FSC,2025-10
2025-10-01 09:05:00+00:00,5443.0,,5443.0,,5443.0,,5423.5,,5423.5,,147.0,,FSC,2025-10
2025-10-01 09:10:00+00:00,5450.0,,5450.0,,5450.0,,5438.0,,5441.5,,138.0,,FSC,2025-10
2025-10-01 09:15:00+00:00,5492.0,,5492.0,,5494.5,,5470.5,,5470.5,,571.0,,FSC,2025-10
2025-10-01 09:20:00+00:00,5464.0,,5464.0,,5495.0,,5460.0,,5493.0,,224.0,,FSC,2025-10
2025-10-01 09:25:00+00:00,5479.5,,5479.5,,5484.0,,5475.0,,5475.0,,99.0,,FSC,2025-10
2025-10-01 09:30:00+00:00,5453.0,,5453.0,,5487.5,,5453.0,,5478.0,,320.0,,FSC,2025-10
2025-10-01 09:35:00+00:00,5497.0,2.3499999046325684,5497.0,2.3499999046325684,5498.0,2.3499999046325684,5464.5,2.3499999046325684,5464.5,2.3499999046325684,101.0,422.0,FSC,2025-10
2025-10-01 09:40:00+00:00,5508.5,,5508.5,,5509.5,,5502.0,,5505.0,,121.0,,FSC,2025-10
2025-10-01 09:45:00+00:00,5545.0,2.4100000858306885,5545.0,2.4100000858306885,5554.5,2.4100000858306885,5523.5,2.4100000858306885,5523.5,2.4100000858306885,550.0,96.0,FSC,2025-10
2025-10-01 09:50:00+00:00,5509.0,2.359999895095825,5509.0,2.359999895095825,5554.5,2.359999895095825,5509.0,2.359999895095825,5544.0,2.359999895095825,330.0,690.0,FSC,2025-10
2025-10-01 09:55:00+00:00,5514.0,2.359999895095825,5514.0,2.359999895095825,5526.0,2.4100000858306885,5488.0,2.359999895095825,5526.0,2.4100000858306885,273.0,156.0,FSC,2025-10
2025-10-03 03:45:00+00:00,5512.5,2.359999895095825,5512.5,2.359999895095825,5548.5,2.359999895095825,5512.5,2.359999895095825,5523.0,2.359999895095825,0.0,0.0,FSC,2025-10
2025-10-03 03:50:00+00:00,5474.0,2.3499999046325684,5474.0,2.3499999046325684,5502.5,2.359999895095825,5474.0,2.3499999046325684,5502.5,2.359999895095825,33.0,5.0,FSC,2025-10
2025-10-03 03:55:00+00:00,5468.5,2.3499999046325684,5468.5,2.3499999046325684,5490.5,2.3499999046325684,5439.5,2.3499999046325684,5474.0,2.3499999046325684,125.0,90.0,FSC,2025-10
2025-10-03 04:00:00+00:00,5445.5,,5445.5,,5445.5,,5441.0,,5444.0,,41.0,,FSC,2025-10
2025-10-03 04:05:00+00:00,5426.0,2.3499999046325684,5426.0,2.3499999046325684,5445.5,2.3499999046325684,5426.0,2.3499999046325684,5445.5,2.3499999046325684,35.0,0.0,FSC,2025-10
2025-10-03 04:10:00+00:00,5480.0,2.359999895095825,5480.0,2.359999895095825,5480.0,2.359999895095825,5431.0,2.359999895095825,5431.0,2.359999895095825,110.0,200.0,FSC,2025-10
2025-10-03 04:15:00+00:00,5511.5,2.359999895095825,5511.5,2.359999895095825,5527.0,2.359999895095825,5488.5,2.359999895095825,5488.5,2.359999895095825,90.0,200.0,FSC,2025-10
2025-10-03 04:20:00+00:00,5520.0,2.359999895095825,5520.0,2.359999895095825,5520.0,2.359999895095825,5516.0,2.359999895095825,5516.5,2.359999895095825,38.0,0.0,FSC,2025-10
2025-10-03 04:25:00+00:00,5554.0,2.359999895095825,5554.0,2.359999895095825,5554.0,2.359999895095825,5520.0,2.359999895095825,5520.0,2.359999895095825,105.0,8.0,FSC,2025-10
2025-10-03 04:30:00+00:00,5555.0,2.4600000381469727,5555.0,2.4600000381469727,5569.5,2.4600000381469727,5542.0,2.4600000381469727,5556.0,2.4600000381469727,76.0,498.0,FSC,2025-10
2025-10-03 04:35:00+00:00,5560.5,2.4600000381469727,5560.5,2.4600000381469727,5572.0,2.4600000381469727,5553.5,2.4600000381469727,5555.0,2.4600000381469727,19.0,0.0,FSC,2025-10
2025-10-03 04:40:00+00:00,5550.5,,5550.5,,5565.0,,5550.0,,5565.0,,95.0,,FSC,2025-10
2025-10-03 04:45:00+00:00,5552.5,,5552.5,,5561.0,,5552.5,,5560.0,,13.0,,FSC,2025-10
2025-10-03 04:50:00+00:00,5612.0,2.450000047683716,5612.0,2.450000047683716,5612.0,2.450000047683716,5546.5,2.450000047683716,5560.5,2.450000047683716,232.0,19.0,FSC,2025-10
2025-10-03 04:55:00+00:00,5611.0,,5611.0,,5615.0,,5592.0,,5604.0,,71.0,,FSC,2025-10
2025-10-03 05:00:00+00:00,5600.0,,5600.0,,5600.0,,5588.0,,5596.5,,50.0,,FSC,2025-10
2025-10-03 05:05:00+00:00,5573.0,,5573.0,,5600.0,,5573.0,,5600.0,,19.0,,FSC,2025-10
2025-10-03 05:10:00+00:00,5571.0,,5571.0,,5584.5,,5571.0,,5574.5,,21.0,,FSC,2025-10
2025-10-03 05:15:00+00:00,5582.0,,5582.0,,5588.0,,5577.0,,5588.0,,28.0,,FSC,2025-10
2025-10-03 05:20:00+00:00,5578.0,2.359999895095825,5578.0,2.359999895095825,5584.5,2.359999895095825,5572.0,2.359999895095825,5582.0,2.359999895095825,81.0,25.0,FSC,2025-10
2025-10-03 05:25:00+00:00,5578.0,,5578.0,,5578.0,,5578.0,,5578.0,,7.0,,FSC,2025-10
2025-10-03 05:30:00+00:00,5577.5,,5577.5,,5577.5,,5570.5,,5575.5,,3.0,,FSC,2025-10
2025-10-03 05:35:00+00:00,5607.0,,5607.0,,5615.0,,5564.5,,5564.5,,270.0,,FSC,2025-10
2025-10-03 05:40:00+00:00,5600.0,,5600.0,,5600.0,,5600.0,,5600.0,,30.0,,FSC,2025-10
2025-10-03 05:45:00+00:00,5608.0,2.3499999046325684,5608.0,2.3499999046325684,5630.0,2.3499999046325684,5604.0,2.3499999046325684,5619.5,2.3499999046325684,156.0,691.0,FSC,2025-10
2025-10-03 05:50:00+00:00,5590.0,,5590.0,,5611.5,,5582.0,,5603.0,,92.0,,FSC,2025-10
2025-10-03 05:55:00+00:00,5603.0,,5603.0,,5603.0,,5602.0,,5602.0,,28.0,,FSC,2025-10
2025-10-03 06:00:00+00:00,5618.0,,5618.0,,5618.0,,5605.0,,5605.0,,35.0,,FSC,2025-10
2025-10-03 06:05:00+00:00,5630.0,2.3499999046325684,5630.0,2.3499999046325684,5630.0,2.3499999046325684,5617.5,2.3499999046325684,5617.5,2.3499999046325684,125.0,100.0,FSC,2025-10
2025-10-03 06:10:00+00:00,5645.0,,5645.0,,5645.0,,5623.0,,5630.0,,115.0,,FSC,2025-10
2025-10-03 06:15:00+00:00,5645.0,,5645.0,,5645.0,,5623.5,,5623.5,,16.0,,FSC,2025-10
2025-10-03 06:20:00+00:00,5628.5,,5628.5,,5645.0,,5628.5,,5645.0,,29.0,,FSC,2025-10
2025-10-03 06:25:00+00:00,5645.0,,5645.0,,5645.0,,5620.5,,5620.5,,142.0,,FSC,2025-10
2025-10-03 06:30:00+00:00,5662.5,,5662.5,,5675.0,,5650.0,,5650.0,,244.0,,FSC,2025-10
2025-10-03 06:35:00+00:00,5657.5,2.3499999046325684,5657.5,2.3499999046325684,5660.0,2.3499999046325684,5637.5,2.3499999046325684,5637.5,2.3499999046325684,149.0,92.0,FSC,2025-10
2025-10-03 06:40:00+00:00,5612.5,2.3499999046325684,5612.5,2.3499999046325684,5657.0,2.3499999046325684,5612.5,2.3499999046325684,5657.0,2.3499999046325684,157.0,4.0,FSC,2025-10
2025-10-03 06:45:00+00:00,5572.5,2.3499999046325684,5572.5,2.3499999046325684,5613.0,2.3499999046325684,5572.5,2.3499999046325684,5612.5,2.3499999046325684,252.0,475.0,FSC,2025-10
2025-10-03 06:50:00+00:00,5550.0,,5550.0,,5572.5,,5550.0,,5572.5,,129.0,,FSC,2025-10
2025-10-03 06:55:00+00:00,5550.5,,5550.5,,5550.5,,5550.0,,5550.0,,28.0,,FSC,2025-10
2025-10-03 07:00:00+00:00,5558.0,,5558.0,,5558.0,,5558.0,,5558.0,,3.0,,FSC,2025-10
2025-10-03 07:05:00+00:00,5555.0,,5555.0,,5562.5,,5555.0,,5558.0,,19.0,,FSC,2025-10
2025-10-03 07:10:00+00:00,5552.0,,5552.0,,5555.0,,5552.0,,5555.0,,7.0,,FSC,2025-10
2025-10-03 07:15:00+00:00,5551.0,,5551.0,,5551.0,,5551.0,,5551.0,,0.0,,FSC,2025-10
2025-10-03 07:20:00+00:00,5552.5,2.3499999046325684,5552.5,2.3499999046325684,5561.5,2.3499999046325684,5552.5,2.3499999046325684,5561.5,2.3499999046325684,9.0,135.0,FSC,2025-10
2025-10-03 07:25:00+00:00,5568.0,2.3299999237060547,5568.0,2.3299999237060547,5568.5,2.3499999046325684,5568.0,2.3299999237060547,5568.5,2.3499999046325684,17.0,10430.0,FSC,2025-10
2025-10-03 07:30:00+00:00,5567.5,,5567.5,,5567.5,,5553.5,,5553.5,,0.0,,FSC,2025-10
2025-10-03 07:35:00+00:00,,2.3299999237060547,,2.3299999237060547,,2.3299999237060547,,2.3299999237060547,,2.3299999237060547,,2134.0,FSC,2025-10
2025-10-03 07:40:00+00:00,5566.0,2.390000104904175,5566.0,2.390000104904175,5566.0,2.390000104904175,5553.0,2.390000104904175,5553.0,2.390000104904175,9.0,0.0,FSC,2025-10
2025-10-03 07:45:00+00:00,5592.0,2.390000104904175,5592.0,2.390000104904175,5592.0,2.390000104904175,5550.0,2.390000104904175,5550.0,2.390000104904175,110.0,4.0,FSC,2025-10
2025-10-03 07:50:00+00:00,5594.0,,5594.0,,5595.5,,5594.0,,5595.5,,39.0,,FSC,2025-10
2025-10-03 07:55:00+00:00,5595.5,,5595.5,,5595.5,,5580.5,,5581.0,,45.0,,FSC,2025-10
2025-10-03 08:00:00+00:00,5556.0,2.3299999237060547,5556.0,2.3299999237060547,5586.0,2.3299999237060547,5555.5,2.3299999237060547,5586.0,2.3299999237060547,108.0,1350.0,FSC,2025-10
2025-10-03 08:05:00+00:00,5575.0,,5575.0,,5575.0,,5575.0,,5575.0,,4.0,,FSC,2025-10
2025-10-03 08:10:00+00:00,5573.5,,5573.5,,5573.5,,5559.0,,5560.5,,22.0,,FSC,2025-10
2025-10-03 08:20:00+00:00,5577.5,2.3299999237060547,5577.5,2.3299999237060547,5577.5,2.3299999237060547,5576.0,2.3299999237060547,5576.0,2.3299999237060547,5.0,1800.0,FSC,2025-10
2025-10-03 08:25:00+00:00,5576.0,,5576.0,,5577.0,,5576.0,,5577.0,,1.0,,FSC,2025-10
2025-10-03 08:35:00+00:00,5560.5,,5560.5,,5560.5,,5560.5,,5560.5,,2.0,,FSC,2025-10
2025-10-03 08:40:00+00:00,5558.0,2.390000104904175,5558.0,2.390000104904175,5558.0,2.390000104904175,5557.5,2.390000104904175,5557.5,2.390000104904175,16.0,21.0,FSC,2025-10
2025-10-03 08:45:00+00:00,5557.5,2.390000104904175,5557.5,2.390000104904175,5557.5,2.390000104904175,5557.5,2.390000104904175,5557.5,2.390000104904175,3.0,68.0,FSC,2025-10
2025-10-03 08:50:00+00:00,5568.5,2.430000066757202,5568.5,2.430000066757202,5568.5,2.430000066757202,5568.5,2.430000066757202,5568.5,2.430000066757202,2.0,262.0,FSC,2025-10
2025-10-03 08:55:00+00:00,5568.0,2.440000057220459,5568.0,2.440000057220459,5568.0,2.440000057220459,5568.0,2.440000057220459,5568.0,2.440000057220459,1.0,813.0,FSC,2025-10
2025-10-03 09:00:00+00:00,5564.5,2.440000057220459,5564.5,2.440000057220459,5580.0,2.440000057220459,5564.5,2.440000057220459,5567.0,2.440000057220459,87.0,0.0,FSC,2025-10
2025-10-03 09:15:00+00:00,5563.0,,5563.0,,5563.0,,5563.0,,5563.0,,36.0,,FSC,2025-10
2025-10-03 09:20:00+00:00,5584.5,2.440000057220459,5584.5,2.440000057220459,5585.0,2.440000057220459,5565.0,2.430000066757202,5565.0,2.430000066757202,45.0,6296.0,FSC,2025-10
2025-10-03 09:25:00+00:00,5567.5,,5567.5,,5585.0,,5565.0,,5585.0,,18.0,,FSC,2025-10
2025-10-03 09:30:00+00:00,5605.0,2.440000057220459,5605.0,2.440000057220459,5605.0,2.440000057220459,5568.0,2.440000057220459,5568.0,2.440000057220459,165.0,0.0,FSC,2025-10
2025-10-03 09:35:00+00:00,5606.0,,5606.0,,5609.5,,5603.5,,5603.5,,100.0,,FSC,2025-10
2025-10-03 09:40:00+00:00,,2.440000057220459,,2.440000057220459,,2.440000057220459,,2.440000057220459,,2.440000057220459,,5.0,FSC,2025-10
2025-10-03 09:45:00+00:00,5622.0,,5622.0,,5625.5,,5557.0,,5595.5,,218.0,,FSC,2025-10
2025-10-03 09:50:00+00:00,5597.0,2.440000057220459,5597.0,2.440000057220459,5615.5,2.440000057220459,5592.5,2.440000057220459,5605.5,2.440000057220459,78.0,200.0,FSC,2025-10
2025-10-03 09:55:00+00:00,5597.0,2.440000057220459,5597.0,2.440000057220459,5623.5,2.440000057220459,5578.0,2.440000057220459,5595.5,2.440000057220459,72.0,900.0,FSC,2025-10
2025-10-06 03:45:00+00:00,5450.0,2.390000104904175,5450.0,2.390000104904175,5532.5,2.390000104904175,5450.0,2.390000104904175,5528.5,2.390000104904175,0.0,0.0,FSC,2025-10
2025-10-06 03:50:00+00:00,5420.5,,5420.5,,5469.0,,5420.5,,5467.0,,399.0,,FSC,2025-10
2025-10-06 03:55:00+00:00,5454.5,,5454.5,,5467.5,,5421.0,,5453.0,,149.0,,FSC,2025-10
2025-10-06 04:00:00+00:00,5519.5,,5519.5,,5519.5,,5437.5,,5437.5,,278.0,,FSC,2025-10
2025-10-06 04:05:00+00:00,5509.5,2.380000114440918,5509.5,2.380000114440918,5520.0,2.390000104904175,5480.0,2.380000114440918,5513.0,2.390000104904175,183.0,110.0,FSC,2025-10
2025-10-06 04:10:00+00:00,5476.0,2.380000114440918,5476.0,2.380000114440918,5500.0,2.380000114440918,5476.0,2.380000114440918,5498.5,2.380000114440918,141.0,0.0,FSC,2025-10
2025-10-06 04:15:00+00:00,5470.0,2.359999895095825,5470.0,2.359999895095825,5478.0,2.390000104904175,5456.5,2.359999895095825,5478.0,2.390000104904175,283.0,427.0,FSC,2025-10
2025-10-06 04:20:00+00:00,5469.0,2.359999895095825,5469.0,2.359999895095825,5480.0,2.359999895095825,5460.5,2.359999895095825,5474.5,2.359999895095825,86.0,0.0,FSC,2025-10
2025-10-06 04:25:00+00:00,5489.0,,5489.0,,5500.0,,5480.0,,5481.5,,46.0,,FSC,2025-10
2025-10-06 04:30:00+00:00,5464.0,2.440000057220459,5464.0,2.440000057220459,5495.0,2.440000057220459,5463.5,2.390000104904175,5494.5,2.390000104904175,45.0,440.0,FSC,2025-10
2025-10-06 04:35:00+00:00,5484.0,,5484.0,,5484.0,,5463.5,,5464.0,,14.0,,FSC,2025-10
2025-10-06 04:40:00+00:00,5483.0,,5483.0,,5483.0,,5471.5,,5471.5,,5.0,,FSC,2025-10
2025-10-06 04:45:00+00:00,5471.5,2.359999895095825,5471.5,2.359999895095825,5483.5,2.359999895095825,5471.5,2.359999895095825,5477.0,2.359999895095825,50.0,21.0,FSC,2025-10
2025-10-06 04:50:00+00:00,5470.5,,5470.5,,5479.0,,5463.0,,5468.0,,72.0,,FSC,2025-10
2025-10-06 04:55:00+00:00,5470.0,,5470.0,,5472.0,,5468.0,,5472.0,,9.0,,FSC,2025-10
2025-10-06 05:00:00+00:00,5464.5,,5464.5,,5468.0,,5464.5,,5468.0,,67.0,,FSC,2025-10
2025-10-06 05:05:00+00:00,5464.0,,5464.0,,5470.0,,5464.0,,5470.0,,17.0,,FSC,2025-10
2025-10-06 05:10:00+00:00,5440.0,,5440.0,,5464.0,,5434.0,,5464.0,,85.0,,FSC,2025-10
2025-10-06 05:15:00+00:00,5435.5,,5435.5,,5443.5,,5433.5,,5440.0,,59.0,,FSC,2025-10
2025-10-06 05:20:00+00:00,5438.5,,5438.5,,5438.5,,5435.5,,5436.0,,14.0,,FSC,2025-10
2025-10-06 05:25:00+00:00,5441.0,,5441.0,,5450.0,,5441.0,,5447.0,,109.0,,FSC,2025-10
2025-10-06 05:30:00+00:00,5459.5,2.380000114440918,5459.5,2.380000114440918,5463.5,2.380000114440918,5424.5,2.380000114440918,5449.5,2.380000114440918,540.0,57.0,FSC,2025-10
2025-10-06 05:35:00+00:00,5450.5,,5450.5,,5456.5,,5449.0,,5453.5,,11.0,,FSC,2025-10
2025-10-06 05:40:00+00:00,5460.0,2.400000095367432,5460.0,2.400000095367432,5461.0,2.400000095367432,5455.0,2.400000095367432,5455.0,2.400000095367432,40.0,100.0,FSC,2025-10
2025-10-06 05:45:00+00:00,5462.0,2.400000095367432,5462.0,2.400000095367432,5462.0,2.400000095367432,5440.0,2.400000095367432,5454.5,2.400000095367432,118.0,337.0,FSC,2025-10
2025-10-06 05:50:00+00:00,5442.5,2.400000095367432,5442.5,2.400000095367432,5455.5,2.400000095367432,5442.5,2.400000095367432,5446.5,2.400000095367432,14.0,44.0,FSC,2025-10
2025-10-06 05:55:00+00:00,5446.0,2.400000095367432,5446.0,2.400000095367432,5448.5,2.400000095367432,5431.0,2.400000095367432,5435.0,2.400000095367432,15.0,778.0,FSC,2025-10
2025-10-06 06:00:00+00:00,5454.5,2.400000095367432,5454.5,2.400000095367432,5454.5,2.400000095367432,5441.0,2.400000095367432,5441.0,2.400000095367432,7.0,0.0,FSC,2025-10
2025-10-06 06:05:00+00:00,5450.0,,5450.0,,5453.0,,5443.5,,5446.0,,31.0,,FSC,2025-10
2025-10-06 06:10:00+00:00,5455.0,2.400000095367432,5455.0,2.400000095367432,5457.0,2.400000095367432,5446.0,2.400000095367432,5451.0,2.400000095367432,21.0,122.0,FSC,2025-10
2025-10-06 06:15:00+00:00,5462.0,,5462.0,,5462.0,,5448.0,,5459.5,,45.0,,FSC,2025-10
2025-10-06 06:20:00+00:00,5446.5,,5446.5,,5462.0,,5446.5,,5462.0,,64.0,,FSC,2025-10
2025-10-06 06:25:00+00:00,5459.5,2.400000095367432,5459.5,2.400000095367432,5459.5,2.430000066757202,5446.5,2.400000095367432,5446.5,2.430000066757202,28.0,984.0,FSC,2025-10
2025-10-06 06:30:00+00:00,5451.5,2.400000095367432,5451.5,2.400000095367432,5451.5,2.400000095367432,5451.5,2.400000095367432,5451.5,2.400000095367432,0.0,644.0,FSC,2025-10
2025-10-06 06:35:00+00:00,5461.5,,5461.5,,5461.5,,5455.5,,5460.0,,5.0,,FSC,2025-10
2025-10-06 06:40:00+00:00,5460.5,,5460.5,,5461.0,,5452.0,,5460.0,,9.0,,FSC,2025-10
2025-10-06 06:45:00+00:00,5456.0,,5456.0,,5456.0,,5442.0,,5442.0,,75.0,,FSC,2025-10
2025-10-06 06:50:00+00:00,5450.5,2.4200000762939453,5450.5,2.4200000762939453,5450.5,2.4200000762939453,5442.5,2.4200000762939453,5450.0,2.4200000762939453,13.0,4000.0,FSC,2025-10
2025-10-06 06:55:00+00:00,5455.5,2.4200000762939453,5455.5,2.4200000762939453,5455.5,2.4200000762939453,5443.5,2.4200000762939453,5443.5,2.4200000762939453,12.0,0.0,FSC,2025-10
2025-10-06 07:00:00+00:00,5446.5,2.4200000762939453,5446.5,2.4200000762939453,5455.5,2.4200000762939453,5442.0,2.4200000762939453,5453.0,2.4200000762939453,119.0,871.0,FSC,2025-10
2025-10-06 07:05:00+00:00,5458.0,2.400000095367432,5458.0,2.400000095367432,5458.0,2.4200000762939453,5445.0,2.400000095367432,5447.0,2.4200000762939453,45.0,143.0,FSC,2025-10
2025-10-06 07:10:00+00:00,5502.0,,5502.0,,5502.0,,5474.5,,5474.5,,171.0,,FSC,2025-10
2025-10-06 07:15:00+00:00,5550.5,,5550.5,,5558.0,,5514.0,,5514.0,,148.0,,FSC,2025-10
2025-10-06 07:20:00+00:00,5549.5,2.400000095367432,5549.5,2.400000095367432,5550.0,2.400000095367432,5546.5,2.400000095367432,5550.0,2.400000095367432,54.0,200.0,FSC,2025-10
2025-10-06 07:25:00+00:00,5552.0,,5552.0,,5559.0,,5550.5,,5550.5,,12.0,,FSC,2025-10
2025-10-06 07:30:00+00:00,5564.0,,5564.0,,5569.0,,5559.0,,5559.5,,90.0,,FSC,2025-10
2025-10-06 07:35:00+00:00,5600.0,,5600.0,,5600.0,,5561.5,,5575.0,,278.0,,FSC,2025-10
2025-10-06 07:40:00+00:00,5647.5,,5647.5,,5649.0,,5603.5,,5603.5,,308.0,,FSC,2025-10
2025-10-06 07:45:00+00:00,5661.0,2.400000095367432,5661.0,2.400000095367432,5694.5,2.400000095367432,5637.5,2.400000095367432,5637.5,2.400000095367432,549.0,687.0,FSC,2025-10
2025-10-06 07:50:00+00:00,5682.0,2.400000095367432,5682.0,2.400000095367432,5686.5,2.400000095367432,5667.0,2.400000095367432,5669.0,2.400000095367432,91.0,313.0,FSC,2025-10
2025-10-06 07:55:00+00:00,5660.0,2.4100000858306885,5660.0,2.4100000858306885,5673.0,2.4100000858306885,5656.5,2.400000095367432,5673.0,2.400000095367432,156.0,220.0,FSC,2025-10
2025-10-06 08:00:00+00:00,5650.0,,5650.0,,5662.5,,5650.0,,5662.5,,82.0,,FSC,2025-10
2025-10-06 08:05:00+00:00,5660.5,2.400000095367432,5660.5,2.400000095367432,5672.0,2.400000095367432,5656.0,2.400000095367432,5656.0,2.400000095367432,93.0,303.0,FSC,2025-10
2025-10-06 08:10:00+00:00,5664.0,,5664.0,,5676.0,,5656.0,,5670.0,,26.0,,FSC,2025-10
2025-10-06 08:15:00+00:00,5653.5,,5653.5,,5660.5,,5653.5,,5660.5,,51.0,,FSC,2025-10
2025-10-06 08:20:00+00:00,5650.5,2.380000114440918,5650.5,2.380000114440918,5656.0,2.380000114440918,5650.0,2.380000114440918,5656.0,2.380000114440918,43.0,1320.0,FSC,2025-10
2025-10-06 08:25:00+00:00,5657.5,,5657.5,,5657.5,,5650.0,,5650.0,,0.0,,FSC,2025-10
2025-10-06 08:30:00+00:00,5651.5,,5651.5,,5654.0,,5650.0,,5650.0,,17.0,,FSC,2025-10
2025-10-06 08:35:00+00:00,5650.5,2.430000066757202,5650.5,2.430000066757202,5650.5,2.430000066757202,5650.5,2.430000066757202,5650.5,2.430000066757202,3.0,0.0,FSC,2025-10
2025-10-06 08:40:00+00:00,5650.5,,5650.5,,5660.0,,5650.5,,5660.0,,20.0,,FSC,2025-10
2025-10-06 08:45:00+00:00,5675.0,,5675.0,,5675.0,,5656.0,,5656.0,,87.0,,FSC,2025-10
2025-10-06 08:50:00+00:00,5675.0,,5675.0,,5688.0,,5666.5,,5675.0,,155.0,,FSC,2025-10
2025-10-06 08:55:00+00:00,5672.5,,5672.5,,5687.0,,5663.0,,5675.0,,167.0,,FSC,2025-10
2025-10-06 09:00:00+00:00,5668.0,,5668.0,,5670.0,,5666.5,,5666.5,,12.0,,FSC,2025-10
2025-10-06 09:05:00+00:00,5670.5,,5670.5,,5670.5,,5667.5,,5670.0,,58.0,,FSC,2025-10
2025-10-06 09:10:00+00:00,5671.5,,5671.5,,5679.0,,5670.0,,5670.5,,161.0,,FSC,2025-10
2025-10-06 09:15:00+00:00,5670.5,2.380000114440918,5670.5,2.380000114440918,5687.0,2.380000114440918,5670.5,2.380000114440918,5687.0,2.380000114440918,40.0,492.0,FSC,2025-10
2025-10-06 09:20:00+00:00,5683.5,,5683.5,,5683.5,,5672.0,,5672.0,,11.0,,FSC,2025-10
2025-10-06 09:25:00+00:00,5670.0,,5670.0,,5680.0,,5670.0,,5679.0,,29.0,,FSC,2025-10
2025-10-06 09:30:00+00:00,5684.0,2.309999942779541,5684.0,2.309999942779541,5684.0,2.309999942779541,5660.5,2.309999942779541,5667.5,2.309999942779541,126.0,13000.0,FSC,2025-10
2025-10-06 09:35:00+00:00,5673.5,,5673.5,,5684.0,,5673.5,,5678.0,,150.0,,FSC,2025-10
2025-10-06 09:40:00+00:00,5669.0,2.319999933242798,5669.0,2.319999933242798,5683.0,2.319999933242798,5642.5,2.319999933242798,5673.0,2.319999933242798,192.0,44.0,FSC,2025-10
2025-10-06 09:45:00+00:00,5611.0,2.4200000762939453,5611.0,2.4200000762939453,5670.0,2.4200000762939453,5611.0,2.4200000762939453,5669.5,2.4200000762939453,236.0,28.0,FSC,2025-10
2025-10-06 09:50:00+00:00,5615.0,,5615.0,,5644.0,,5600.0,,5632.5,,409.0,,FSC,2025-10
2025-10-06 09:55:00+00:00,5639.0,2.319999933242798,5639.0,2.319999933242798,5639.0,2.319999933242798,5592.0,2.319999933242798,5610.0,2.319999933242798,0.0,125.0,FSC,2025-10
2025-10-07 03:45:00+00:00,5593.0,,5593.0,,5619.0,,5586.0,,5604.0,,124.0,,FSC,2025-10
2025-10-07 03:50:00+00:00,5600.0,,5600.0,,5601.0,,5583.5,,5583.5,,37.0,,FSC,2025-10
2025-10-07 03:55:00+00:00,5594.5,,5594.5,,5608.0,,5594.5,,5602.5,,18.0,,FSC,2025-10
2025-10-07 04:00:00+00:00,5600.0,2.4200000762939453,5600.0,2.4200000762939453,5624.0,2.4200000762939453,5600.0,2.4200000762939453,5605.5,2.4200000762939453,24.0,0.0,FSC,2025-10
2025-10-07 04:05:00+00:00,5609.5,2.4200000762939453,5609.5,2.4200000762939453,5609.5,2.4200000762939453,5609.0,2.4200000762939453,5609.0,2.4200000762939453,4.0,16460.0,FSC,2025-10
2025-10-07 04:10:00+00:00,5595.5,2.430000066757202,5595.5,2.430000066757202,5601.0,2.430000066757202,5595.5,2.430000066757202,5601.0,2.430000066757202,12.0,508.0,FSC,2025-10
2025-10-07 04:15:00+00:00,5592.5,,5592.5,,5592.5,,5592.5,,5592.5,,4.0,,FSC,2025-10
2025-10-07 04:20:00+00:00,5605.0,2.299999952316284,5605.0,2.299999952316284,5619.0,2.369999885559082,5588.0,2.299999952316284,5588.0,2.369999885559082,79.0,496.0,FSC,2025-10
2025-10-07 04:25:00+00:00,5606.5,,5606.5,,5619.0,,5600.5,,5600.5,,31.0,,FSC,2025-10
2025-10-07 04:30:00+00:00,5600.0,2.299999952316284,5600.0,2.299999952316284,5600.0,2.299999952316284,5600.0,2.299999952316284,5600.0,2.299999952316284,16.0,392.0,FSC,2025-10
2025-10-07 04:35:00+00:00,5610.0,,5610.0,,5610.0,,5590.0,,5606.0,,43.0,,FSC,2025-10
2025-10-07 04:40:00+00:00,5610.0,,5610.0,,5610.0,,5592.0,,5592.0,,9.0,,FSC,2025-10
2025-10-07 04:45:00+00:00,5601.0,,5601.0,,5604.0,,5601.0,,5604.0,,4.0,,FSC,2025-10
2025-10-07 04:50:00+00:00,5610.0,,5610.0,,5614.5,,5610.0,,5614.5,,12.0,,FSC,2025-10
2025-10-07 04:55:00+00:00,5604.0,2.309999942779541,5604.0,2.309999942779541,5619.5,2.309999942779541,5604.0,2.309999942779541,5619.5,2.309999942779541,15.0,2.0,FSC,2025-10
2025-10-07 05:00:00+00:00,5610.5,,5610.5,,5610.5,,5610.5,,5610.5,,8.0,,FSC,2025-10
2025-10-07 05:05:00+00:00,5605.5,,5605.5,,5605.5,,5602.5,,5602.5,,1.0,,FSC,2025-10
2025-10-07 05:15:00+00:00,5624.0,,5624.0,,5629.5,,5610.0,,5610.0,,41.0,,FSC,2025-10
2025-10-07 05:20:00+00:00,5630.0,,5630.0,,5634.0,,5613.5,,5613.5,,79.0,,FSC,2025-10
2025-10-07 05:25:00+00:00,5635.0,,5635.0,,5644.0,,5635.0,,5644.0,,47.0,,FSC,2025-10
2025-10-07 05:30:00+00:00,5628.0,2.319999933242798,5628.0,2.319999933242798,5628.0,2.319999933242798,5628.0,2.319999933242798,5628.0,2.319999933242798,0.0,1.0,FSC,2025-10
2025-10-07 05:35:00+00:00,5631.0,,5631.0,,5638.0,,5631.0,,5631.0,,20.0,,FSC,2025-10
2025-10-07 05:40:00+00:00,5623.5,,5623.5,,5631.0,,5623.5,,5631.0,,4.0,,FSC,2025-10
2025-10-07 05:45:00+00:00,5614.0,,5614.0,,5623.5,,5614.0,,5623.5,,7.0,,FSC,2025-10
2025-10-07 05:50:00+00:00,5608.5,,5608.5,,5609.0,,5608.5,,5609.0,,18.0,,FSC,2025-10
2025-10-07 05:55:00+00:00,5620.0,,5620.0,,5634.5,,5620.0,,5634.5,,74.0,,FSC,2025-10
2025-10-07 06:00:00+00:00,5615.0,2.319999933242798,5615.0,2.319999933242798,5619.0,2.319999933242798,5614.5,2.319999933242798,5619.0,2.319999933242798,24.0,135.0,FSC,2025-10
2025-10-07 06:05:00+00:00,5605.0,2.319999933242798,5605.0,2.319999933242798,5615.0,2.319999933242798,5605.0,2.319999933242798,5614.0,2.319999933242798,5.0,100.0,FSC,2025-10
2025-10-07 06:15:00+00:00,5610.0,,5610.0,,5627.0,,5610.0,,5615.0,,25.0,,FSC,2025-10
2025-10-07 06:25:00+00:00,5600.0,,5600.0,,5608.5,,5600.0,,5608.5,,37.0,,FSC,2025-10
2025-10-07 06:30:00+00:00,5600.0,,5600.0,,5601.5,,5600.0,,5601.5,,8.0,,FSC,2025-10
2025-10-07 06:35:00+00:00,5596.0,,5596.0,,5596.0,,5596.0,,5596.0,,6.0,,FSC,2025-10
2025-10-07 06:40:00+00:00,5585.5,2.319999933242798,5585.5,2.319999933242798,5585.5,2.319999933242798,5585.0,2.319999933242798,5585.0,2.319999933242798,10.0,92.0,FSC,2025-10
2025-10-07 06:45:00+00:00,5587.5,,5587.5,,5587.5,,5587.5,,5587.5,,0.0,,FSC,2025-10
2025-10-07 06:50:00+00:00,5590.0,2.319999933242798,5590.0,2.319999933242798,5590.0,2.319999933242798,5590.0,2.319999933242798,5590.0,2.319999933242798,2.0,0.0,FSC,2025-10
2025-10-07 06:55:00+00:00,5590.0,2.319999933242798,5590.0,2.319999933242798,5590.0,2.319999933242798,5590.0,2.319999933242798,5590.0,2.319999933242798,56.0,335.0,FSC,2025-10
2025-10-07 07:00:00+00:00,5590.0,,5590.0,,5603.5,,5590.0,,5603.5,,0.0,,FSC,2025-10
2025-10-07 07:05:00+00:00,5586.5,,5586.5,,5586.5,,5586.5,,5586.5,,0.0,,FSC,2025-10
2025-10-07 07:15:00+00:00,5596.0,,5596.0,,5596.0,,5596.0,,5596.0,,10.0,,FSC,2025-10
2025-10-07 07:20:00+00:00,5591.5,2.220000028610229,5591.5,2.220000028610229,5591.5,2.220000028610229,5591.5,2.220000028610229,5591.5,2.220000028610229,2.0,6594.0,FSC,2025-10
2025-10-07 07:25:00+00:00,5590.5,,5590.5,,5590.5,,5590.5,,5590.5,,1.0,,FSC,2025-10
2025-10-07 07:30:00+00:00,5583.0,,5583.0,,5583.5,,5583.0,,5583.5,,2.0,,FSC,2025-10
2025-10-07 07:35:00+00:00,5570.5,,5570.5,,5578.5,,5570.5,,5578.5,,47.0,,FSC,2025-10
2025-10-07 07:40:00+00:00,5570.0,,5570.0,,5586.5,,5570.0,,5586.5,,77.0,,FSC,2025-10
2025-10-07 07:45:00+00:00,5570.5,,5570.5,,5586.5,,5570.5,,5586.5,,134.0,,FSC,2025-10
2025-10-07 07:55:00+00:00,5570.0,2.380000114440918,5570.0,2.380000114440918,5570.0,2.380000114440918,5570.0,2.380000114440918,5570.0,2.380000114440918,2.0,128.0,FSC,2025-10
2025-10-07 08:05:00+00:00,5620.0,,5620.0,,5626.5,,5570.0,,5570.0,,427.0,,FSC,2025-10
2025-10-07 08:10:00+00:00,5645.0,2.380000114440918,5645.0,2.380000114440918,5645.0,2.380000114440918,5614.0,2.380000114440918,5614.0,2.380000114440918,62.0,170.0,FSC,2025-10
2025-10-07 08:15:00+00:00,5628.0,,5628.0,,5644.5,,5628.0,,5632.5,,11.0,,FSC,2025-10
2025-10-07 08:20:00+00:00,5624.5,,5624.5,,5627.5,,5624.5,,5627.5,,2.0,,FSC,2025-10
2025-10-07 08:25:00+00:00,5713.5,,5713.5,,5738.5,,5638.5,,5638.5,,295.0,,FSC,2025-10
2025-10-07 08:30:00+00:00,5720.0,2.289999961853028,5720.0,2.289999961853028,5749.5,2.380000114440918,5720.0,2.289999961853028,5746.0,2.380000114440918,181.0,82.0,FSC,2025-10
2025-10-07 08:35:00+00:00,5695.0,2.390000104904175,5695.0,2.390000104904175,5730.0,2.390000104904175,5672.5,2.390000104904175,5709.0,2.390000104904175,90.0,3500.0,FSC,2025-10
2025-10-07 08:40:00+00:00,5696.0,,5696.0,,5701.5,,5696.0,,5701.5,,0.0,,FSC,2025-10
2025-10-07 08:45:00+00:00,5667.0,,5667.0,,5680.0,,5667.0,,5680.0,,254.0,,FSC,2025-10
2025-10-07 08:50:00+00:00,5652.5,,5652.5,,5663.5,,5652.5,,5663.5,,3.0,,FSC,2025-10
2025-10-07 08:55:00+00:00,5656.0,,5656.0,,5656.0,,5644.5,,5650.0,,58.0,,FSC,2025-10
2025-10-07 09:00:00+00:00,5649.0,,5649.0,,5656.0,,5642.0,,5656.0,,18.0,,FSC,2025-10
2025-10-07 09:05:00+00:00,5653.5,,5653.5,,5654.0,,5648.0,,5648.0,,38.0,,FSC,2025-10
2025-10-07 09:10:00+00:00,5633.5,2.2799999713897705,5633.5,2.2799999713897705,5641.5,2.2799999713897705,5633.0,2.2799999713897705,5635.5,2.2799999713897705,64.0,1042.0,FSC,2025-10
2025-10-07 09:15:00+00:00,5616.5,2.289999961853028,5616.5,2.289999961853028,5639.5,2.289999961853028,5616.0,2.289999961853028,5626.0,2.289999961853028,139.0,159.0,FSC,2025-10
2025-10-07 09:20:00+00:00,5606.0,,5606.0,,5624.0,,5606.0,,5613.5,,48.0,,FSC,2025-10
2025-10-07 09:25:00+00:00,5606.0,,5606.0,,5606.0,,5606.0,,5606.0,,1.0,,FSC,2025-10
2025-10-07 09:30:00+00:00,5592.0,,5592.0,,5594.5,,5589.0,,5589.0,,39.0,,FSC,2025-10
2025-10-07 09:35:00+00:00,5584.0,2.289999961853028,5584.0,2.289999961853028,5597.0,2.289999961853028,5584.0,2.289999961853028,5597.0,2.289999961853028,1.0,1.0,FSC,2025-10
2025-10-07 09:40:00+00:00,5581.0,,5581.0,,5593.5,,5581.0,,5582.5,,26.0,,FSC,2025-10
2025-10-07 09:45:00+00:00,5580.0,,5580.0,,5588.0,,5580.0,,5585.0,,25.0,,FSC,2025-10
2025-10-07 09:50:00+00:00,5585.0,2.369999885559082,5585.0,2.369999885559082,5587.5,2.390000104904175,5580.0,2.289999961853028,5580.0,2.390000104904175,63.0,1075.0,FSC,2025-10
2025-10-07 09:55:00+00:00,5585.5,,5585.5,,5609.5,,5583.0,,5583.0,,111.0,,FSC,2025-10
2025-10-08 03:45:00+00:00,5557.0,,5557.0,,5629.0,,5540.5,,5629.0,,0.0,,FSC,2025-10
2025-10-08 03:50:00+00:00,5577.0,2.400000095367432,5577.0,2.400000095367432,5577.0,2.400000095367432,5550.0,2.400000095367432,5569.0,2.400000095367432,96.0,0.0,FSC,2025-10
2025-10-08 03:55:00+00:00,5579.5,,5579.5,,5579.5,,5530.0,,5544.0,,205.0,,FSC,2025-10
2025-10-08 04:00:00+00:00,5570.5,2.4100000858306885,5570.5,2.4100000858306885,5601.0,2.4100000858306885,5559.5,2.4100000858306885,5586.0,2.4100000858306885,52.0,100.0,FSC,2025-10
2025-10-08 04:05:00+00:00,5599.5,,5599.5,,5603.0,,5576.0,,5576.0,,93.0,,FSC,2025-10
2025-10-08 04:10:00+00:00,5614.5,,5614.5,,5616.5,,5591.5,,5591.5,,52.0,,FSC,2025-10
2025-10-08 04:15:00+00:00,5596.0,,5596.0,,5613.0,,5596.0,,5613.0,,11.0,,FSC,2025-10
2025-10-08 04:20:00+00:00,5596.5,,5596.5,,5596.5,,5596.5,,5596.5,,2.0,,FSC,2025-10
2025-10-08 04:25:00+00:00,5599.5,,5599.5,,5601.5,,5585.5,,5590.5,,49.0,,FSC,2025-10
2025-10-08 04:30:00+00:00,5591.5,,5591.5,,5591.5,,5591.5,,5591.5,,0.0,,FSC,2025-10
2025-10-08 04:35:00+00:00,5592.0,2.4600000381469727,5592.0,2.4600000381469727,5592.0,2.4600000381469727,5585.0,2.4100000858306885,5585.0,2.4100000858306885,105.0,5604.0,FSC,2025-10
2025-10-08 04:40:00+00:00,5589.5,,5589.5,,5589.5,,5589.5,,5589.5,,5.0,,FSC,2025-10
2025-10-08 04:45:00+00:00,5570.0,2.470000028610229,5570.0,2.470000028610229,5583.5,2.470000028610229,5570.0,2.440000057220459,5583.5,2.440000057220459,6.0,1500.0,FSC,2025-10
2025-10-08 04:50:00+00:00,5581.0,2.470000028610229,5581.0,2.470000028610229,5587.5,2.470000028610229,5570.0,2.470000028610229,5570.0,2.470000028610229,11.0,850.0,FSC,2025-10
2025-10-08 04:55:00+00:00,5590.5,2.470000028610229,5590.5,2.470000028610229,5603.5,2.470000028610229,5586.5,2.470000028610229,5599.5,2.470000028610229,18.0,300.0,FSC,2025-10
2025-10-08 05:00:00+00:00,5586.5,,5586.5,,5586.5,,5586.5,,5586.5,,1.0,,FSC,2025-10
2025-10-08 05:05:00+00:00,5589.5,,5589.5,,5599.5,,5580.5,,5585.5,,32.0,,FSC,2025-10
2025-10-08 05:10:00+00:00,5590.0,,5590.0,,5590.0,,5590.0,,5590.0,,22.0,,FSC,2025-10
2025-10-08 05:15:00+00:00,5590.0,,5590.0,,5596.5,,5583.5,,5596.5,,11.0,,FSC,2025-10
2025-10-08 05:20:00+00:00,5605.0,2.470000028610229,5605.0,2.470000028610229,5605.0,2.470000028610229,5592.5,2.470000028610229,5592.5,2.470000028610229,28.0,350.0,FSC,2025-10
2025-10-08 05:25:00+00:00,5584.0,,5584.0,,5585.5,,5584.0,,5585.5,,9.0,,FSC,2025-10
2025-10-08 05:30:00+00:00,5573.0,,5573.0,,5592.0,,5573.0,,5592.0,,28.0,,FSC,2025-10
2025-10-08 05:35:00+00:00,5570.0,,5570.0,,5580.0,,5570.0,,5574.0,,23.0,,FSC,2025-10
2025-10-08 05:40:00+00:00,5570.0,2.470000028610229,5570.0,2.470000028610229,5570.0,2.470000028610229,5570.0,2.470000028610229,5570.0,2.470000028610229,47.0,1200.0,FSC,2025-10
2025-10-08 05:45:00+00:00,5564.5,,5564.5,,5575.0,,5564.5,,5574.5,,8.0,,FSC,2025-10
2025-10-08 05:50:00+00:00,5560.0,,5560.0,,5560.0,,5555.5,,5555.5,,99.0,,FSC,2025-10
2025-10-08 06:00:00+00:00,5568.5,,5568.5,,5568.5,,5568.5,,5568.5,,0.0,,FSC,2025-10
2025-10-08 06:05:00+00:00,5572.5,,5572.5,,5572.5,,5572.5,,5572.5,,0.0,,FSC,2025-10
2025-10-08 06:10:00+00:00,5571.0,2.470000028610229,5571.0,2.470000028610229,5571.0,2.470000028610229,5571.0,2.470000028610229,5571.0,2.470000028610229,6.0,4350.0,FSC,2025-10
2025-10-08 06:15:00+00:00,5557.0,2.4100000858306885,5557.0,2.4100000858306885,5557.0,2.4100000858306885,5557.0,2.4100000858306885,5557.0,2.4100000858306885,3.0,0.0,FSC,2025-10
2025-10-08 06:20:00+00:00,5558.0,,5558.0,,5558.0,,5558.0,,5558.0,,7.0,,FSC,2025-10
2025-10-08 06:25:00+00:00,5558.0,,5558.0,,5562.5,,5558.0,,5562.5,,33.0,,FSC,2025-10
2025-10-08 06:30:00+00:00,5560.5,2.4100000858306885,5560.5,2.4100000858306885,5560.5,2.4100000858306885,5560.5,2.4100000858306885,5560.5,2.4100000858306885,0.0,100.0,FSC,2025-10
2025-10-08 06:35:00+00:00,5567.0,,5567.0,,5567.0,,5560.5,,5560.5,,6.0,,FSC,2025-10
2025-10-08 06:40:00+00:00,5567.0,,5567.0,,5567.0,,5567.0,,5567.0,,4.0,,FSC,2025-10
2025-10-08 06:45:00+00:00,5560.5,,5560.5,,5560.5,,5560.5,,5560.5,,7.0,,FSC,2025-10
2025-10-08 07:00:00+00:00,5567.0,,5567.0,,5567.0,,5567.0,,5567.0,,3.0,,FSC,2025-10
2025-10-08 07:05:00+00:00,5563.5,,5563.5,,5563.5,,5563.5,,5563.5,,0.0,,FSC,2025-10
2025-10-08 07:15:00+00:00,5561.5,,5561.5,,5561.5,,5561.5,,5561.5,,2.0,,FSC,2025-10
2025-10-08 07:20:00+00:00,5558.5,,5558.5,,5558.5,,5556.0,,5556.0,,13.0,,FSC,2025-10
2025-10-08 07:25:00+00:00,,2.4100000858306885,,2.4100000858306885,,2.4600000381469727,,2.4100000858306885,,2.4600000381469727,,2415.0,FSC,2025-10
2025-10-08 07:30:00+00:00,5566.0,,5566.0,,5579.0,,5566.0,,5579.0,,31.0,,FSC,2025-10
2025-10-08 07:35:00+00:00,,2.299999952316284,,2.299999952316284,,2.299999952316284,,2.299999952316284,,2.299999952316284,,1384.0,FSC,2025-10
2025-10-08 07:40:00+00:00,5565.0,2.309999942779541,5565.0,2.309999942779541,5565.0,2.309999942779541,5555.0,2.309999942779541,5555.0,2.309999942779541,5.0,618.0,FSC,2025-10
2025-10-08 07:50:00+00:00,,2.309999942779541,,2.309999942779541,,2.309999942779541,,2.309999942779541,,2.309999942779541,,0.0,FSC,2025-10
2025-10-08 08:00:00+00:00,5560.0,,5560.0,,5560.0,,5560.0,,5560.0,,9.0,,FSC,2025-10
2025-10-08 08:05:00+00:00,5576.5,,5576.5,,5578.5,,5567.0,,5578.5,,4.0,,FSC,2025-10
2025-10-08 08:15:00+00:00,5571.0,,5571.0,,5571.0,,5571.0,,5571.0,,49.0,,FSC,2025-10
2025-10-08 08:20:00+00:00,5560.0,,5560.0,,5562.0,,5560.0,,5562.0,,100.0,,FSC,2025-10
2025-10-08 08:25:00+00:00,5568.0,,5568.0,,5568.0,,5568.0,,5568.0,,0.0,,FSC,2025-10
2025-10-08 08:30:00+00:00,5568.0,,5568.0,,5568.0,,5568.0,,5568.0,,45.0,,FSC,2025-10
2025-10-08 08:35:00+00:00,5560.0,,5560.0,,5560.0,,5560.0,,5560.0,,0.0,,FSC,2025-10
2025-10-08 08:40:00+00:00,5566.5,,5566.5,,5566.5,,5566.5,,5566.5,,4.0,,FSC,2025-10
2025-10-08 08:50:00+00:00,5564.5,,5564.5,,5564.5,,5564.5,,5564.5,,164.0,,FSC,2025-10
2025-10-08 09:00:00+00:00,5566.5,2.4600000381469727,5566.5,2.4600000381469727,5566.5,2.4600000381469727,5566.5,2.4600000381469727,5566.5,2.4600000381469727,3.0,2.0,FSC,2025-10
2025-10-08 09:05:00+00:00,5578.5,2.4600000381469727,5578.5,2.4600000381469727,5578.5,2.4600000381469727,5566.5,2.4600000381469727,5568.5,2.4600000381469727,48.0,24.0,FSC,2025-10
2025-10-08 09:15:00+00:00,5588.0,2.3499999046325684,5588.0,2.3499999046325684,5600.0,2.3499999046325684,5588.0,2.3499999046325684,5591.0,2.3499999046325684,33.0,5.0,FSC,2025-10
2025-10-08 09:20:00+00:00,5580.0,,5580.0,,5581.5,,5580.0,,5581.5,,4.0,,FSC,2025-10
2025-10-08 09:25:00+00:00,5588.0,,5588.0,,5599.5,,5573.0,,5579.5,,41.0,,FSC,2025-10
2025-10-08 09:30:00+00:00,5570.5,,5570.5,,5580.5,,5570.5,,5580.5,,54.0,,FSC,2025-10
2025-10-08 09:35:00+00:00,5560.5,,5560.5,,5580.5,,5560.5,,5580.5,,26.0,,FSC,2025-10
2025-10-08 09:40:00+00:00,5562.0,,5562.0,,5567.5,,5560.0,,5560.0,,14.0,,FSC,2025-10
2025-10-08 09:45:00+00:00,5556.5,2.470000028610229,5556.5,2.470000028610229,5564.0,2.470000028610229,5556.0,2.470000028610229,5562.0,2.470000028610229,63.0,100.0,FSC,2025-10
2025-10-08 09:50:00+00:00,5559.5,,5559.5,,5561.0,,5555.0,,5555.0,,68.0,,FSC,2025-10
2025-10-08 09:55:00+00:00,5560.5,,5560.5,,5574.0,,5555.0,,5555.0,,276.0,,FSC,2025-10
2025-10-09 03:45:00+00:00,5594.5,2.470000028610229,5594.5,2.470000028610229,5614.0,2.5,5572.0,2.470000028610229,5614.0,2.490000009536743,0.0,0.0,FSC,2025-10
2025-10-09 03:50:00+00:00,5613.0,,5613.0,,5613.0,,5604.0,,5604.0,,6.0,,FSC,2025-10
2025-10-09 03:55:00+00:00,5570.0,2.470000028610229,5570.0,2.470000028610229,5600.0,2.470000028610229,5570.0,2.470000028610229,5600.0,2.470000028610229,81.0,25.0,FSC,2025-10
2025-10-09 04:00:00+00:00,5580.5,,5580.5,,5580.5,,5580.5,,5580.5,,0.0,,FSC,2025-10
2025-10-09 04:05:00+00:00,5574.5,,5574.5,,5574.5,,5562.0,,5570.5,,32.0,,FSC,2025-10
2025-10-09 04:10:00+00:00,5584.5,2.5,5584.5,2.5,5584.5,2.5,5563.0,2.470000028610229,5563.0,2.470000028610229,51.0,476.0,FSC,2025-10
2025-10-09 04:15:00+00:00,5584.0,,5584.0,,5584.0,,5579.5,,5580.0,,25.0,,FSC,2025-10
2025-10-09 04:20:00+00:00,5581.0,,5581.0,,5594.5,,5581.0,,5594.5,,13.0,,FSC,2025-10
2025-10-09 04:25:00+00:00,5576.0,,5576.0,,5576.0,,5564.0,,5564.0,,9.0,,FSC,2025-10
2025-10-09 04:30:00+00:00,5583.5,2.490000009536743,5583.5,2.490000009536743,5583.5,2.490000009536743,5583.5,2.490000009536743,5583.5,2.490000009536743,6.0,500.0,FSC,2025-10
2025-10-09 04:35:00+00:00,5570.5,,5570.5,,5577.0,,5565.5,,5577.0,,10.0,,FSC,2025-10
2025-10-09 04:40:00+00:00,5578.0,2.490000009536743,5578.0,2.490000009536743,5578.0,2.490000009536743,5562.0,2.490000009536743,5562.0,2.490000009536743,207.0,200.0,FSC,2025-10
2025-10-09 04:45:00+00:00,5583.0,,5583.0,,5583.0,,5579.0,,5580.0,,25.0,,FSC,2025-10
2025-10-09 04:50:00+00:00,5594.0,,5594.0,,5594.0,,5586.0,,5586.0,,4.0,,FSC,2025-10
2025-10-09 04:55:00+00:00,5574.0,,5574.0,,5576.5,,5574.0,,5576.5,,46.0,,FSC,2025-10
2025-10-09 05:05:00+00:00,5566.5,2.380000114440918,5566.5,2.380000114440918,5566.5,2.470000028610229,5566.5,2.380000114440918,5566.5,2.470000028610229,1.0,2001.0,FSC,2025-10
2025-10-09 05:10:00+00:00,5580.0,,5580.0,,5580.0,,5571.0,,5571.0,,18.0,,FSC,2025-10
2025-10-09 05:15:00+00:00,5580.0,,5580.0,,5580.0,,5580.0,,5580.0,,16.0,,FSC,2025-10
2025-10-09 05:20:00+00:00,5586.0,,5586.0,,5586.0,,5565.5,,5565.5,,15.0,,FSC,2025-10
2025-10-09 05:25:00+00:00,5587.0,,5587.0,,5587.0,,5574.0,,5578.0,,17.0,,FSC,2025-10
2025-10-09 05:30:00+00:00,5568.0,,5568.0,,5579.0,,5556.0,,5579.0,,59.0,,FSC,2025-10
2025-10-09 05:40:00+00:00,,2.380000114440918,,2.380000114440918,,2.380000114440918,,2.380000114440918,,2.380000114440918,,100.0,FSC,2025-10
2025-10-09 05:45:00+00:00,5555.5,,5555.5,,5555.5,,5555.5,,5555.5,,24.0,,FSC,2025-10
2025-10-09 05:50:00+00:00,5570.5,,5570.5,,5570.5,,5569.5,,5569.5,,18.0,,FSC,2025-10
2025-10-09 05:55:00+00:00,5557.0,,5557.0,,5559.5,,5557.0,,5559.5,,1.0,,FSC,2025-10
2025-10-09 06:10:00+00:00,5566.0,2.380000114440918,5566.0,2.380000114440918,5566.0,2.380000114440918,5566.0,2.380000114440918,5566.0,2.380000114440918,4.0,1.0,FSC,2025-10
2025-10-09 06:15:00+00:00,5573.0,,5573.0,,5573.0,,5573.0,,5573.0,,4.0,,FSC,2025-10
2025-10-09 06:20:00+00:00,5572.0,,5572.0,,5572.0,,5572.0,,5572.0,,5.0,,FSC,2025-10
2025-10-09 06:25:00+00:00,5571.5,,5571.5,,5571.5,,5571.5,,5571.5,,2.0,,FSC,2025-10
2025-10-09 06:50:00+00:00,5572.0,,5572.0,,5572.0,,5572.0,,5572.0,,2.0,,FSC,2025-10
2025-10-09 06:55:00+00:00,5555.0,,5555.0,,5555.0,,5555.0,,5555.0,,32.0,,FSC,2025-10
2025-10-09 07:00:00+00:00,5576.5,,5576.5,,5576.5,,5576.0,,5576.0,,8.0,,FSC,2025-10
2025-10-09 07:25:00+00:00,5560.5,,5560.5,,5560.5,,5560.5,,5560.5,,3.0,,FSC,2025-10
2025-10-09 07:30:00+00:00,5555.5,,5555.5,,5560.5,,5555.5,,5560.5,,2.0,,FSC,2025-10
2025-10-09 07:35:00+00:00,5560.5,2.380000114440918,5560.5,2.380000114440918,5560.5,2.380000114440918,5560.5,2.380000114440918,5560.5,2.380000114440918,1.0,1899.0,FSC,2025-10
2025-10-09 07:50:00+00:00,5568.0,2.369999885559082,5568.0,2.369999885559082,5574.0,2.369999885559082,5568.0,2.369999885559082,5574.0,2.369999885559082,18.0,4985.0,FSC,2025-10
2025-10-09 08:00:00+00:00,5561.0,2.369999885559082,5561.0,2.369999885559082,5561.0,2.369999885559082,5561.0,2.369999885559082,5561.0,2.369999885559082,17.0,11115.0,FSC,2025-10
2025-10-09 08:05:00+00:00,5564.0,,5564.0,,5564.0,,5564.0,,5564.0,,3.0,,FSC,2025-10
2025-10-09 08:10:00+00:00,5568.0,,5568.0,,5568.0,,5568.0,,5568.0,,7.0,,FSC,2025-10
2025-10-09 08:20:00+00:00,,2.4800000190734863,,2.4800000190734863,,2.4800000190734863,,2.4800000190734863,,2.4800000190734863,,25.0,FSC,2025-10
2025-10-09 08:30:00+00:00,5568.0,,5568.0,,5568.0,,5568.0,,5568.0,,5.0,,FSC,2025-10
2025-10-09 08:35:00+00:00,5576.0,,5576.0,,5576.0,,5576.0,,5576.0,,9.0,,FSC,2025-10
2025-10-09 08:40:00+00:00,5564.5,,5564.5,,5564.5,,5564.5,,5564.5,,2.0,,FSC,2025-10
2025-10-09 08:45:00+00:00,5559.5,,5559.5,,5564.0,,5559.5,,5564.0,,10.0,,FSC,2025-10
2025-10-09 08:50:00+00:00,5571.0,,5571.0,,5571.0,,5562.0,,5569.0,,14.0,,FSC,2025-10
2025-10-09 08:55:00+00:00,5569.5,,5569.5,,5569.5,,5569.5,,5569.5,,1.0,,FSC,2025-10
2025-10-09 09:00:00+00:00,5555.5,,5555.5,,5555.5,,5555.5,,5555.5,,21.0,,FSC,2025-10
2025-10-09 09:05:00+00:00,5555.5,,5555.5,,5555.5,,5555.5,,5555.5,,10.0,,FSC,2025-10
2025-10-09 09:10:00+00:00,,2.4800000190734863,,2.4800000190734863,,2.4800000190734863,,2.4800000190734863,,2.4800000190734863,,40.0,FSC,2025-10
2025-10-09 09:15:00+00:00,,2.4800000190734863,,2.4800000190734863,,2.4800000190734863,,2.4800000190734863,,2.4800000190734863,,16.0,FSC,2025-10
2025-10-09 09:20:00+00:00,,2.4800000190734863,,2.4800000190734863,,2.4800000190734863,,2.4800000190734863,,2.4800000190734863,,0.0,FSC,2025-10
2025-10-09 09:25:00+00:00,5564.0,,5564.0,,5564.0,,5560.0,,5561.0,,16.0,,FSC,2025-10
2025-10-09 09:30:00+00:00,5568.0,,5568.0,,5568.0,,5555.0,,5556.5,,32.0,,FSC,2025-10
2025-10-09 09:35:00+00:00,5569.5,,5569.5,,5569.5,,5556.5,,5568.0,,32.0,,FSC,2025-10
2025-10-09 09:40:00+00:00,5557.0,2.380000114440918,5557.0,2.380000114440918,5567.5,2.380000114440918,5557.0,2.380000114440918,5567.5,2.380000114440918,16.0,2.0,FSC,2025-10
2025-10-09 09:45:00+00:00,5554.0,,5554.0,,5568.5,,5554.0,,5568.5,,46.0,,FSC,2025-10
2025-10-09 09:50:00+00:00,5551.0,2.470000028610229,5551.0,2.470000028610229,5564.0,2.4800000190734863,5551.0,2.470000028610229,5560.0,2.4800000190734863,58.0,99.0,FSC,2025-10
2025-10-09 09:55:00+00:00,5557.0,,5557.0,,5558.0,,5550.0,,5551.0,,154.0,,FSC,2025-10
2025-10-10 03:45:00+00:00,5586.0,2.390000104904175,5586.0,2.390000104904175,5606.5,2.390000104904175,5553.5,2.390000104904175,5562.0,2.390000104904175,0.0,0.0,FSC,2025-10
2025-10-10 03:50:00+00:00,5575.5,,5575.5,,5588.0,,5575.5,,5584.5,,18.0,,FSC,2025-10
2025-10-10 03:55:00+00:00,5603.0,,5603.0,,5604.5,,5580.5,,5580.5,,87.0,,FSC,2025-10
2025-10-10 04:00:00+00:00,5604.0,,5604.0,,5604.5,,5602.0,,5602.0,,0.0,,FSC,2025-10
2025-10-10 04:05:00+00:00,5590.5,2.490000009536743,5590.5,2.490000009536743,5604.0,2.490000009536743,5590.5,2.490000009536743,5604.0,2.490000009536743,17.0,41.0,FSC,2025-10
2025-10-10 04:10:00+00:00,5585.5,2.490000009536743,5585.5,2.490000009536743,5585.5,2.490000009536743,5585.5,2.490000009536743,5585.5,2.490000009536743,4.0,116.0,FSC,2025-10
2025-10-10 04:15:00+00:00,5599.5,,5599.5,,5599.5,,5599.5,,5599.5,,1.0,,FSC,2025-10
2025-10-10 04:20:00+00:00,5585.0,,5585.0,,5585.0,,5585.0,,5585.0,,8.0,,FSC,2025-10
2025-10-10 04:25:00+00:00,5576.0,,5576.0,,5576.5,,5576.0,,5576.5,,3.0,,FSC,2025-10
2025-10-10 04:30:00+00:00,5589.5,,5589.5,,5589.5,,5576.0,,5576.0,,9.0,,FSC,2025-10
2025-10-10 04:35:00+00:00,5580.0,,5580.0,,5580.0,,5580.0,,5580.0,,0.0,,FSC,2025-10
2025-10-10 04:45:00+00:00,5580.0,2.440000057220459,5580.0,2.440000057220459,5584.0,2.440000057220459,5580.0,2.440000057220459,5584.0,2.440000057220459,20.0,22.0,FSC,2025-10
2025-10-10 04:50:00+00:00,5585.0,,5585.0,,5586.5,,5585.0,,5586.5,,56.0,,FSC,2025-10
2025-10-10 04:55:00+00:00,5575.0,,5575.0,,5577.5,,5575.0,,5577.5,,0.0,,FSC,2025-10
2025-10-10 05:00:00+00:00,5577.0,,5577.0,,5577.0,,5577.0,,5577.0,,1.0,,FSC,2025-10
2025-10-10 05:05:00+00:00,5583.5,2.3499999046325684,5583.5,2.3499999046325684,5594.5,2.3499999046325684,5583.5,2.3499999046325684,5586.0,2.3499999046325684,123.0,23094.0,FSC,2025-10
2025-10-10 05:10:00+00:00,5575.0,2.3399999141693115,5575.0,2.3399999141693115,5575.0,2.3399999141693115,5575.0,2.3399999141693115,5575.0,2.3399999141693115,34.0,0.0,FSC,2025-10
2025-10-10 05:15:00+00:00,5577.5,,5577.5,,5577.5,,5577.5,,5577.5,,0.0,,FSC,2025-10
2025-10-10 05:20:00+00:00,5570.0,,5570.0,,5574.0,,5570.0,,5574.0,,26.0,,FSC,2025-10
2025-10-10 05:25:00+00:00,5556.0,,5556.0,,5556.0,,5556.0,,5556.0,,48.0,,FSC,2025-10
2025-10-10 05:30:00+00:00,5553.0,2.3499999046325684,5553.0,2.3499999046325684,5556.0,2.3499999046325684,5553.0,2.3499999046325684,5556.0,2.3499999046325684,19.0,500.0,FSC,2025-10
2025-10-10 05:35:00+00:00,5542.5,,5542.5,,5550.0,,5540.0,,5550.0,,13.0,,FSC,2025-10
2025-10-10 05:40:00+00:00,5530.5,,5530.5,,5530.5,,5530.5,,5530.5,,80.0,,FSC,2025-10
2025-10-10 05:45:00+00:00,5539.0,,5539.0,,5539.0,,5530.5,,5530.5,,10.0,,FSC,2025-10
2025-10-10 05:50:00+00:00,5530.0,,5530.0,,5530.0,,5530.0,,5530.0,,40.0,,FSC,2025-10
2025-10-10 05:55:00+00:00,5517.0,,5517.0,,5517.0,,5517.0,,5517.0,,0.0,,FSC,2025-10
2025-10-10 06:00:00+00:00,5492.0,,5492.0,,5510.5,,5492.0,,5510.5,,39.0,,FSC,2025-10
2025-10-10 06:05:00+00:00,5505.5,2.359999895095825,5505.5,2.359999895095825,5505.5,2.359999895095825,5490.0,2.359999895095825,5490.0,2.359999895095825,6.0,44.0,FSC,2025-10
2025-10-10 06:10:00+00:00,5494.0,2.4800000190734863,5494.0,2.4800000190734863,5502.0,2.4800000190734863,5485.5,2.4800000190734863,5502.0,2.4800000190734863,14.0,0.0,FSC,2025-10
2025-10-10 06:15:00+00:00,5493.5,,5493.5,,5493.5,,5493.0,,5493.0,,6.0,,FSC,2025-10
2025-10-10 06:20:00+00:00,5491.5,,5491.5,,5491.5,,5481.0,,5481.0,,49.0,,FSC,2025-10
2025-10-10 06:25:00+00:00,5490.5,,5490.5,,5490.5,,5490.0,,5490.0,,7.0,,FSC,2025-10
2025-10-10 06:30:00+00:00,5491.0,,5491.0,,5492.5,,5491.0,,5492.5,,11.0,,FSC,2025-10
2025-10-10 06:35:00+00:00,5498.0,,5498.0,,5499.5,,5491.0,,5499.5,,14.0,,FSC,2025-10
2025-10-10 06:45:00+00:00,5494.5,,5494.5,,5500.0,,5494.5,,5500.0,,54.0,,FSC,2025-10
2025-10-10 06:50:00+00:00,5498.0,,5498.0,,5498.0,,5497.0,,5497.0,,2.0,,FSC,2025-10
2025-10-10 07:00:00+00:00,5502.5,,5502.5,,5504.5,,5502.5,,5504.5,,9.0,,FSC,2025-10
2025-10-10 07:15:00+00:00,5503.5,,5503.5,,5503.5,,5503.5,,5503.5,,1.0,,FSC,2025-10
2025-10-10 07:25:00+00:00,5500.0,2.380000114440918,5500.0,2.380000114440918,5500.0,2.380000114440918,5500.0,2.380000114440918,5500.0,2.380000114440918,2.0,22.0,FSC,2025-10
2025-10-10 07:30:00+00:00,5504.0,,5504.0,,5504.0,,5504.0,,5504.0,,3.0,,FSC,2025-10
2025-10-10 07:35:00+00:00,5500.0,,5500.0,,5500.0,,5500.0,,5500.0,,17.0,,FSC,2025-10
2025-10-10 07:40:00+00:00,5504.0,2.470000028610229,5504.0,2.470000028610229,5504.0,2.470000028610229,5504.0,2.470000028610229,5504.0,2.470000028610229,0.0,1000.0,FSC,2025-10
2025-10-10 07:45:00+00:00,5491.0,,5491.0,,5501.0,,5491.0,,5501.0,,19.0,,FSC,2025-10
2025-10-10 08:10:00+00:00,5492.0,,5492.0,,5492.0,,5492.0,,5492.0,,2.0,,FSC,2025-10
2025-10-10 08:20:00+00:00,5484.0,,5484.0,,5486.0,,5484.0,,5486.0,,70.0,,FSC,2025-10
2025-10-10 08:25:00+00:00,5483.0,,5483.0,,5491.0,,5477.5,,5491.0,,21.0,,FSC,2025-10
2025-10-10 08:30:00+00:00,5483.0,,5483.0,,5483.0,,5483.0,,5483.0,,1.0,,FSC,2025-10
2025-10-10 08:35:00+00:00,5488.0,,5488.0,,5488.0,,5488.0,,5488.0,,1.0,,FSC,2025-10
2025-10-10 09:05:00+00:00,5488.0,,5488.0,,5488.0,,5488.0,,5488.0,,6.0,,FSC,2025-10
2025-10-10 09:10:00+00:00,5482.0,,5482.0,,5489.0,,5482.0,,5489.0,,5.0,,FSC,2025-10
2025-10-10 09:15:00+00:00,5488.0,,5488.0,,5488.0,,5482.0,,5482.0,,6.0,,FSC,2025-10
2025-10-10 09:20:00+00:00,5487.5,,5487.5,,5487.5,,5487.5,,5487.5,,0.0,,FSC,2025-10
2025-10-10 09:25:00+00:00,5488.5,,5488.5,,5488.5,,5488.5,,5488.5,,2.0,,FSC,2025-10
2025-10-10 09:30:00+00:00,5482.0,,5482.0,,5487.5,,5482.0,,5487.5,,2.0,,FSC,2025-10
2025-10-10 09:35:00+00:00,5487.5,,5487.5,,5489.5,,5487.5,,5489.5,,33.0,,FSC,2025-10
2025-10-10 09:40:00+00:00,5490.0,2.4100000858306885,5490.0,2.4100000858306885,5493.5,2.4100000858306885,5480.0,2.4100000858306885,5487.5,2.4100000858306885,107.0,2.0,FSC,2025-10
2025-10-10 09:45:00+00:00,5497.5,2.4100000858306885,5497.5,2.4100000858306885,5505.0,2.4100000858306885,5486.0,2.4100000858306885,5489.5,2.4100000858306885,47.0,275.0,FSC,2025-10
2025-10-10 09:50:00+00:00,5470.0,2.4200000762939453,5470.0,2.4200000762939453,5492.0,2.440000057220459,5470.0,2.4200000762939453,5483.0,2.440000057220459,163.0,532.0,FSC,2025-10
2025-10-10 09:55:00+00:00,5500.0,,5500.0,,5526.5,,5466.0,,5504.5,,176.0,,FSC,2025-10
2025-10-13 03:45:00+00:00,5575.0,2.369999885559082,5575.0,2.369999885559082,5575.0,2.369999885559082,5469.5,2.369999885559082,5471.0,2.369999885559082,0.0,0.0,FSC,2025-10
2025-10-13 03:50:00+00:00,5556.0,2.3499999046325684,5556.0,2.3499999046325684,5575.0,2.3499999046325684,5551.0,2.3499999046325684,5575.0,2.3499999046325684,82.0,20.0,FSC,2025-10
2025-10-13 03:55:00+00:00,5575.0,,5575.0,,5577.5,,5530.0,,5545.0,,269.0,,FSC,2025-10
2025-10-13 04:00:00+00:00,5550.0,,5550.0,,5575.5,,5550.0,,5569.5,,60.0,,FSC,2025-10
2025-10-13 04:05:00+00:00,5543.5,2.4200000762939453,5543.5,2.4200000762939453,5550.0,2.4200000762939453,5539.0,2.4200000762939453,5550.0,2.4200000762939453,7.0,490.0,FSC,2025-10
2025-10-13 04:10:00+00:00,5547.5,,5547.5,,5547.5,,5547.5,,5547.5,,1.0,,FSC,2025-10
2025-10-13 04:15:00+00:00,5556.0,,5556.0,,5556.0,,5540.0,,5540.0,,103.0,,FSC,2025-10
2025-10-13 04:20:00+00:00,5539.0,2.4100000858306885,5539.0,2.4100000858306885,5556.0,2.4100000858306885,5539.0,2.4100000858306885,5556.0,2.4100000858306885,16.0,20.0,FSC,2025-10
2025-10-13 04:25:00+00:00,,2.4100000858306885,,2.4100000858306885,,2.4100000858306885,,2.4100000858306885,,2.4100000858306885,,970.0,FSC,2025-10
2025-10-13 04:30:00+00:00,5486.5,2.4200000762939453,5486.5,2.4200000762939453,5522.5,2.4200000762939453,5481.0,2.4200000762939453,5522.5,2.4200000762939453,135.0,0.0,FSC,2025-10
2025-10-13 04:35:00+00:00,5475.5,2.4100000858306885,5475.5,2.4100000858306885,5475.5,2.4100000858306885,5475.5,2.4100000858306885,5475.5,2.4100000858306885,19.0,0.0,FSC,2025-10
2025-10-13 04:40:00+00:00,5486.5,2.3499999046325684,5486.5,2.3499999046325684,5486.5,2.4100000858306885,5486.5,2.3499999046325684,5486.5,2.4100000858306885,2.0,1999.0,FSC,2025-10
2025-10-13 04:45:00+00:00,5471.5,,5471.5,,5494.5,,5469.0,,5494.5,,55.0,,FSC,2025-10
2025-10-13 04:50:00+00:00,5464.0,,5464.0,,5474.5,,5455.5,,5473.0,,92.0,,FSC,2025-10
2025-10-13 04:55:00+00:00,5461.0,,5461.0,,5461.0,,5461.0,,5461.0,,10.0,,FSC,2025-10
2025-10-13 05:00:00+00:00,5474.0,,5474.0,,5474.0,,5471.0,,5471.0,,3.0,,FSC,2025-10
2025-10-13 05:05:00+00:00,5476.5,,5476.5,,5476.5,,5472.0,,5476.0,,29.0,,FSC,2025-10
2025-10-13 05:10:00+00:00,5479.5,2.3499999046325684,5479.5,2.3499999046325684,5479.5,2.3499999046325684,5479.5,2.3499999046325684,5479.5,2.3499999046325684,3.0,1432.0,FSC,2025-10
2025-10-13 05:15:00+00:00,5470.0,,5470.0,,5470.0,,5463.0,,5470.0,,7.0,,FSC,2025-10
2025-10-13 05:20:00+00:00,5461.0,,5461.0,,5470.0,,5461.0,,5470.0,,14.0,,FSC,2025-10
2025-10-13 05:30:00+00:00,,2.359999895095825,,2.359999895095825,,2.400000095367432,,2.359999895095825,,2.400000095367432,,5001.0,FSC,2025-10
2025-10-13 05:35:00+00:00,5461.0,,5461.0,,5461.0,,5461.0,,5461.0,,16.0,,FSC,2025-10
2025-10-13 05:40:00+00:00,5474.5,,5474.5,,5474.5,,5474.5,,5474.5,,24.0,,FSC,2025-10
2025-10-13 05:45:00+00:00,5461.5,2.440000057220459,5461.5,2.440000057220459,5474.5,2.440000057220459,5461.5,2.440000057220459,5474.5,2.440000057220459,0.0,4001.0,FSC,2025-10
2025-10-13 05:50:00+00:00,5460.0,,5460.0,,5464.5,,5460.0,,5464.5,,22.0,,FSC,2025-10
2025-10-13 06:00:00+00:00,5461.5,,5461.5,,5461.5,,5461.5,,5461.5,,1.0,,FSC,2025-10
2025-10-13 06:05:00+00:00,5464.0,2.400000095367432,5464.0,2.400000095367432,5464.0,2.400000095367432,5464.0,2.400000095367432,5464.0,2.400000095367432,4.0,100.0,FSC,2025-10
2025-10-13 06:10:00+00:00,5457.5,,5457.5,,5463.5,,5457.0,,5460.0,,51.0,,FSC,2025-10
2025-10-13 06:15:00+00:00,5490.0,,5490.0,,5500.0,,5459.0,,5466.5,,259.0,,FSC,2025-10
2025-10-13 06:20:00+00:00,5518.5,,5518.5,,5518.5,,5504.5,,5504.5,,36.0,,FSC,2025-10
2025-10-13 06:25:00+00:00,5513.5,,5513.5,,5518.5,,5513.5,,5518.5,,14.0,,FSC,2025-10
2025-10-13 06:30:00+00:00,5508.0,,5508.0,,5508.0,,5508.0,,5508.0,,51.0,,FSC,2025-10
2025-10-13 06:35:00+00:00,5511.5,2.400000095367432,5511.5,2.400000095367432,5511.5,2.400000095367432,5511.5,2.400000095367432,5511.5,2.400000095367432,4.0,600.0,FSC,2025-10
2025-10-13 06:40:00+00:00,5530.5,2.400000095367432,5530.5,2.400000095367432,5544.0,2.400000095367432,5519.0,2.400000095367432,5519.0,2.400000095367432,210.0,874.0,FSC,2025-10
2025-10-13 06:50:00+00:00,5530.5,2.400000095367432,5530.5,2.400000095367432,5539.5,2.400000095367432,5530.5,2.400000095367432,5539.5,2.400000095367432,16.0,26.0,FSC,2025-10
2025-10-13 07:00:00+00:00,5532.0,,5532.0,,5533.5,,5532.0,,5533.5,,0.0,,FSC,2025-10
2025-10-13 07:05:00+00:00,5548.5,2.369999885559082,5548.5,2.369999885559082,5549.0,2.369999885559082,5539.0,2.369999885559082,5545.5,2.369999885559082,49.0,5.0,FSC,2025-10
2025-10-13 07:10:00+00:00,5547.5,,5547.5,,5547.5,,5539.5,,5539.5,,6.0,,FSC,2025-10
2025-10-13 07:15:00+00:00,5550.0,,5550.0,,5550.5,,5550.0,,5550.5,,17.0,,FSC,2025-10
2025-10-13 07:20:00+00:00,5544.5,,5544.5,,5544.5,,5544.5,,5544.5,,2.0,,FSC,2025-10
2025-10-13 07:25:00+00:00,5532.5,2.430000066757202,5532.5,2.430000066757202,5535.5,2.430000066757202,5532.5,2.430000066757202,5535.5,2.430000066757202,33.0,3200.0,FSC,2025-10
2025-10-13 07:30:00+00:00,5517.0,,5517.0,,5517.0,,5517.0,,5517.0,,3.0,,FSC,2025-10
2025-10-13 07:35:00+00:00,5525.5,2.4200000762939453,5525.5,2.4200000762939453,5525.5,2.4200000762939453,5525.5,2.4200000762939453,5525.5,2.4200000762939453,0.0,0.0,FSC,2025-10
2025-10-13 07:40:00+00:00,5515.5,,5515.5,,5515.5,,5512.5,,5512.5,,6.0,,FSC,2025-10
2025-10-13 07:45:00+00:00,5512.5,2.400000095367432,5512.5,2.400000095367432,5512.5,2.400000095367432,5508.5,2.400000095367432,5512.5,2.400000095367432,4.0,105.0,FSC,2025-10
2025-10-13 07:50:00+00:00,5512.5,,5512.5,,5512.5,,5512.5,,5512.5,,5.0,,FSC,2025-10
2025-10-13 08:15:00+00:00,5499.0,,5499.0,,5499.0,,5499.0,,5499.0,,7.0,,FSC,2025-10
2025-10-13 08:20:00+00:00,5495.0,,5495.0,,5495.0,,5470.0,,5470.0,,55.0,,FSC,2025-10
2025-10-13 08:30:00+00:00,5486.0,,5486.0,,5486.0,,5486.0,,5486.0,,1.0,,FSC,2025-10
2025-10-13 08:35:00+00:00,5486.0,2.430000066757202,5486.0,2.430000066757202,5486.0,2.430000066757202,5486.0,2.430000066757202,5486.0,2.430000066757202,40.0,925.0,FSC,2025-10
2025-10-13 08:40:00+00:00,5486.0,,5486.0,,5486.0,,5486.0,,5486.0,,2.0,,FSC,2025-10
2025-10-13 08:50:00+00:00,5494.0,,5494.0,,5494.0,,5486.0,,5486.0,,41.0,,FSC,2025-10
2025-10-13 08:55:00+00:00,5501.5,2.400000095367432,5501.5,2.400000095367432,5501.5,2.400000095367432,5494.0,2.400000095367432,5494.0,2.400000095367432,11.0,24.0,FSC,2025-10
2025-10-13 09:00:00+00:00,5497.0,2.430000066757202,5497.0,2.430000066757202,5497.0,2.430000066757202,5497.0,2.430000066757202,5497.0,2.430000066757202,7.0,2963.0,FSC,2025-10
2025-10-13 09:05:00+00:00,5500.0,2.4100000858306885,5500.0,2.4100000858306885,5500.0,2.440000057220459,5490.0,2.4100000858306885,5490.0,2.440000057220459,18.0,72.0,FSC,2025-10
2025-10-13 09:10:00+00:00,5488.0,,5488.0,,5498.0,,5488.0,,5498.0,,12.0,,FSC,2025-10
2025-10-13 09:15:00+00:00,5487.5,,5487.5,,5500.5,,5485.0,,5490.0,,26.0,,FSC,2025-10
2025-10-13 09:20:00+00:00,5491.5,,5491.5,,5500.5,,5491.5,,5500.0,,62.0,,FSC,2025-10
2025-10-13 09:25:00+00:00,5488.0,2.450000047683716,5488.0,2.450000047683716,5509.5,2.450000047683716,5488.0,2.4100000858306885,5490.5,2.4100000858306885,39.0,5000.0,FSC,2025-10
2025-10-13 09:30:00+00:00,5487.5,,5487.5,,5512.0,,5487.5,,5506.0,,27.0,,FSC,2025-10
2025-10-13 09:35:00+00:00,5483.0,,5483.0,,5483.0,,5481.0,,5481.0,,11.0,,FSC,2025-10
2025-10-13 09:40:00+00:00,5515.0,2.4100000858306885,5515.0,2.4100000858306885,5515.0,2.4100000858306885,5484.0,2.4100000858306885,5484.0,2.4100000858306885,35.0,81.0,FSC,2025-10
2025-10-13 09:45:00+00:00,5501.0,2.450000047683716,5501.0,2.450000047683716,5517.5,2.450000047683716,5495.0,2.450000047683716,5500.5,2.450000047683716,185.0,379.0,FSC,2025-10
2025-10-13 09:50:00+00:00,5542.0,2.450000047683716,5542.0,2.450000047683716,5542.0,2.450000047683716,5496.5,2.450000047683716,5500.5,2.450000047683716,43.0,128.0,FSC,2025-10
2025-10-13 09:55:00+00:00,5507.5,2.440000057220459,5507.5,2.440000057220459,5537.0,2.4800000190734863,5470.0,2.440000057220459,5537.0,2.4800000190734863,223.0,0.0,FSC,2025-10
2025-10-14 03:45:00+00:00,5736.5,,5736.5,,5799.0,,5649.5,,5649.5,,0.0,,FSC,2025-10
2025-10-14 03:50:00+00:00,5960.0,,5960.0,,5960.0,,5772.0,,5772.0,,2981.0,,FSC,2025-10
2025-10-14 03:55:00+00:00,5975.0,,5975.0,,6071.5,,5949.5,,5978.0,,6644.0,,FSC,2025-10
2025-10-14 04:00:00+00:00,5947.5,,5947.5,,5975.0,,5866.0,,5971.5,,4009.0,,FSC,2025-10
2025-10-14 04:05:00+00:00,5900.0,,5900.0,,5968.0,,5883.5,,5935.0,,2402.0,,FSC,2025-10
2025-10-14 04:10:00+00:00,5963.0,,5963.0,,5975.0,,5900.0,,5900.0,,1846.0,,FSC,2025-10
2025-10-14 04:15:00+00:00,5943.0,,5943.0,,5966.0,,5931.5,,5963.0,,760.0,,FSC,2025-10
2025-10-14 04:20:00+00:00,5958.0,2.4600000381469727,5958.0,2.4600000381469727,5964.0,2.4600000381469727,5940.0,2.4600000381469727,5963.0,2.4600000381469727,704.0,0.0,FSC,2025-10
2025-10-14 04:25:00+00:00,5875.0,2.4600000381469727,5875.0,2.4600000381469727,5960.0,2.4600000381469727,5875.0,2.4600000381469727,5950.0,2.4600000381469727,2053.0,10.0,FSC,2025-10
2025-10-14 04:30:00+00:00,5927.5,,5927.5,,5935.0,,5875.0,,5875.0,,1104.0,,FSC,2025-10
2025-10-14 04:35:00+00:00,5930.0,,5930.0,,5940.0,,5885.5,,5914.0,,640.0,,FSC,2025-10
2025-10-14 04:40:00+00:00,5888.5,,5888.5,,5930.0,,5872.0,,5930.0,,1333.0,,FSC,2025-10
2025-10-14 04:45:00+00:00,5828.0,,5828.0,,5899.0,,5828.0,,5887.0,,1053.0,,FSC,2025-10
2025-10-14 04:50:00+00:00,5877.5,,5877.5,,5877.5,,5826.5,,5838.0,,1199.0,,FSC,2025-10
2025-10-14 04:55:00+00:00,5857.0,,5857.0,,5877.5,,5840.0,,5877.5,,555.0,,FSC,2025-10
2025-10-14 05:00:00+00:00,5890.0,,5890.0,,5890.0,,5858.0,,5858.0,,301.0,,FSC,2025-10
2025-10-14 05:05:00+00:00,5898.0,,5898.0,,5939.5,,5880.5,,5890.0,,435.0,,FSC,2025-10
2025-10-14 05:10:00+00:00,5916.0,2.4100000858306885,5916.0,2.4100000858306885,5928.0,2.4100000858306885,5897.0,2.4100000858306885,5898.0,2.4100000858306885,317.0,300.0,FSC,2025-10
2025-10-14 05:15:00+00:00,5910.0,,5910.0,,5916.0,,5884.0,,5905.5,,485.0,,FSC,2025-10
2025-10-14 05:20:00+00:00,5871.0,,5871.0,,5899.0,,5851.0,,5899.0,,1064.0,,FSC,2025-10
2025-10-14 05:25:00+00:00,5902.0,,5902.0,,5910.0,,5874.5,,5874.5,,349.0,,FSC,2025-10
2025-10-14 05:30:00+00:00,5900.5,2.4100000858306885,5900.5,2.4100000858306885,5918.5,2.4100000858306885,5887.5,2.4100000858306885,5899.0,2.4100000858306885,226.0,4000.0,FSC,2025-10
2025-10-14 05:35:00+00:00,5900.0,,5900.0,,5913.0,,5900.0,,5900.0,,99.0,,FSC,2025-10
2025-10-14 05:40:00+00:00,5903.5,,5903.5,,5906.5,,5891.0,,5900.0,,116.0,,FSC,2025-10
2025-10-14 05:45:00+00:00,5863.5,,5863.5,,5913.0,,5852.0,,5910.0,,425.0,,FSC,2025-10
2025-10-14 05:50:00+00:00,5875.0,,5875.0,,5875.0,,5867.0,,5867.0,,95.0,,FSC,2025-10
2025-10-14 05:55:00+00:00,5900.0,,5900.0,,5900.0,,5879.5,,5885.0,,211.0,,FSC,2025-10
2025-10-14 06:00:00+00:00,5858.0,,5858.0,,5912.0,,5858.0,,5910.0,,279.0,,FSC,2025-10
2025-10-14 06:05:00+00:00,5874.5,,5874.5,,5884.5,,5870.0,,5879.5,,157.0,,FSC,2025-10
2025-10-14 06:10:00+00:00,5900.0,,5900.0,,5900.0,,5895.0,,5895.0,,96.0,,FSC,2025-10
2025-10-14 06:15:00+00:00,5910.0,,5910.0,,5910.0,,5880.0,,5898.0,,196.0,,FSC,2025-10
2025-10-14 06:20:00+00:00,5932.5,,5932.5,,5932.5,,5902.0,,5910.0,,209.0,,FSC,2025-10
2025-10-14 06:25:00+00:00,5955.0,,5955.0,,5969.0,,5915.5,,5915.5,,1246.0,,FSC,2025-10
2025-10-14 06:30:00+00:00,5960.0,,5960.0,,6010.0,,5947.0,,5953.5,,1034.0,,FSC,2025-10
2025-10-14 06:35:00+00:00,5941.0,,5941.0,,5958.5,,5922.0,,5957.5,,872.0,,FSC,2025-10
2025-10-14 06:40:00+00:00,5903.0,,5903.0,,5938.5,,5889.0,,5938.5,,493.0,,FSC,2025-10
2025-10-14 06:45:00+00:00,5899.5,,5899.5,,5907.0,,5884.0,,5895.0,,451.0,,FSC,2025-10
2025-10-14 06:50:00+00:00,5878.0,,5878.0,,5900.5,,5851.0,,5898.5,,567.0,,FSC,2025-10
2025-10-14 06:55:00+00:00,5844.0,,5844.0,,5876.0,,5844.0,,5876.0,,309.0,,FSC,2025-10
2025-10-14 07:00:00+00:00,5850.5,,5850.5,,5862.0,,5831.5,,5831.5,,146.0,,FSC,2025-10
2025-10-14 07:05:00+00:00,5856.5,,5856.5,,5874.5,,5850.0,,5850.0,,109.0,,FSC,2025-10
2025-10-14 07:10:00+00:00,5844.0,,5844.0,,5867.0,,5844.0,,5866.5,,100.0,,FSC,2025-10
2025-10-14 07:15:00+00:00,5852.0,,5852.0,,5856.0,,5834.0,,5847.0,,220.0,,FSC,2025-10
2025-10-14 07:20:00+00:00,5842.5,2.430000066757202,5842.5,2.430000066757202,5854.0,2.430000066757202,5836.0,2.430000066757202,5850.5,2.430000066757202,50.0,100.0,FSC,2025-10
2025-10-14 07:25:00+00:00,5800.0,,5800.0,,5842.5,,5800.0,,5842.5,,400.0,,FSC,2025-10
2025-10-14 07:30:00+00:00,5815.0,,5815.0,,5820.0,,5794.5,,5800.0,,338.0,,FSC,2025-10
2025-10-14 07:35:00+00:00,5821.5,,5821.5,,5829.5,,5809.0,,5814.0,,91.0,,FSC,2025-10
2025-10-14 07:40:00+00:00,5814.0,2.470000028610229,5814.0,2.470000028610229,5814.0,2.470000028610229,5805.5,2.470000028610229,5814.0,2.470000028610229,32.0,4.0,FSC,2025-10
2025-10-14 07:45:00+00:00,5818.0,,5818.0,,5824.0,,5806.0,,5819.5,,89.0,,FSC,2025-10
2025-10-14 07:50:00+00:00,5821.5,,5821.5,,5840.0,,5821.5,,5831.0,,112.0,,FSC,2025-10
2025-10-14 07:55:00+00:00,5826.0,,5826.0,,5831.0,,5810.0,,5826.5,,84.0,,FSC,2025-10
2025-10-14 08:00:00+00:00,5823.0,,5823.0,,5828.0,,5810.5,,5810.5,,59.0,,FSC,2025-10
2025-10-14 08:05:00+00:00,5823.0,2.470000028610229,5823.0,2.470000028610229,5828.5,2.470000028610229,5816.5,2.470000028610229,5824.0,2.470000028610229,113.0,18.0,FSC,2025-10
2025-10-14 08:10:00+00:00,5810.0,,5810.0,,5810.0,,5804.0,,5805.0,,55.0,,FSC,2025-10
2025-10-14 08:15:00+00:00,5803.0,,5803.0,,5816.0,,5800.0,,5815.0,,109.0,,FSC,2025-10
2025-10-14 08:20:00+00:00,5803.5,2.470000028610229,5803.5,2.470000028610229,5809.5,2.470000028610229,5800.0,2.470000028610229,5801.0,2.470000028610229,68.0,2.0,FSC,2025-10
2025-10-14 08:25:00+00:00,5759.0,,5759.0,,5800.0,,5743.0,,5796.5,,812.0,,FSC,2025-10
2025-10-14 08:30:00+00:00,5766.5,,5766.5,,5770.0,,5750.5,,5760.0,,250.0,,FSC,2025-10
2025-10-14 08:35:00+00:00,5774.5,2.470000028610229,5774.5,2.470000028610229,5775.5,2.470000028610229,5770.0,2.470000028610229,5775.0,2.470000028610229,27.0,1.0,FSC,2025-10
2025-10-14 08:40:00+00:00,5758.0,,5758.0,,5780.0,,5758.0,,5774.5,,84.0,,FSC,2025-10
2025-10-14 08:45:00+00:00,5809.0,,5809.0,,5816.0,,5762.0,,5762.0,,376.0,,FSC,2025-10
2025-10-14 08:50:00+00:00,5868.0,,5868.0,,5962.0,,5806.5,,5810.5,,1641.0,,FSC,2025-10
2025-10-14 08:55:00+00:00,5875.0,,5875.0,,5892.0,,5844.0,,5858.0,,356.0,,FSC,2025-10
2025-10-14 09:00:00+00:00,5844.5,,5844.5,,5890.5,,5821.0,,5877.0,,380.0,,FSC,2025-10
2025-10-14 09:05:00+00:00,5848.5,,5848.5,,5855.5,,5820.0,,5849.5,,300.0,,FSC,2025-10
2025-10-14 09:10:00+00:00,5858.0,,5858.0,,5863.0,,5837.5,,5837.5,,99.0,,FSC,2025-10
2025-10-14 09:15:00+00:00,5854.5,,5854.5,,5876.5,,5818.5,,5855.5,,621.0,,FSC,2025-10
2025-10-14 09:20:00+00:00,5848.5,2.450000047683716,5848.5,2.450000047683716,5857.5,2.450000047683716,5840.0,2.319999933242798,5856.0,2.319999933242798,108.0,18113.0,FSC,2025-10
2025-10-14 09:25:00+00:00,5853.0,2.470000028610229,5853.0,2.470000028610229,5857.5,2.470000028610229,5845.0,2.450000047683716,5845.0,2.450000047683716,114.0,2198.0,FSC,2025-10
2025-10-14 09:30:00+00:00,5888.0,,5888.0,,5889.5,,5848.5,,5854.0,,227.0,,FSC,2025-10
2025-10-14 09:35:00+00:00,5836.0,,5836.0,,5889.0,,5824.5,,5879.5,,528.0,,FSC,2025-10
2025-10-14 09:40:00+00:00,5813.0,2.470000028610229,5813.0,2.470000028610229,5839.5,2.470000028610229,5805.5,2.470000028610229,5836.0,2.470000028610229,465.0,250.0,FSC,2025-10
2025-10-14 09:45:00+00:00,5767.0,2.400000095367432,5767.0,2.400000095367432,5812.5,2.400000095367432,5733.5,2.400000095367432,5812.5,2.400000095367432,1371.0,0.0,FSC,2025-10
2025-10-14 09:50:00+00:00,5745.0,2.390000104904175,5745.0,2.390000104904175,5783.0,2.470000028610229,5739.5,2.3499999046325684,5768.0,2.470000028610229,600.0,4350.0,FSC,2025-10
2025-10-14 09:55:00+00:00,5768.5,,5768.5,,5769.0,,5741.0,,5750.0,,379.0,,FSC,2025-10
2025-10-15 03:45:00+00:00,5785.0,2.390000104904175,5785.0,2.390000104904175,5830.0,2.390000104904175,5760.5,2.390000104904175,5830.0,2.390000104904175,0.0,0.0,FSC,2025-10
2025-10-15 03:50:00+00:00,5846.5,,5846.5,,5848.5,,5786.0,,5800.0,,297.0,,FSC,2025-10
2025-10-15 03:55:00+00:00,5834.0,,5834.0,,5849.0,,5815.0,,5847.5,,183.0,,FSC,2025-10
2025-10-15 04:00:00+00:00,5819.5,2.450000047683716,5819.5,2.450000047683716,5827.0,2.450000047683716,5819.5,2.450000047683716,5827.0,2.450000047683716,20.0,10239.0,FSC,2025-10
2025-10-15 04:05:00+00:00,5826.0,2.450000047683716,5826.0,2.450000047683716,5832.5,2.450000047683716,5824.0,2.450000047683716,5825.0,2.450000047683716,38.0,0.0,FSC,2025-10
2025-10-15 04:10:00+00:00,5805.5,,5805.5,,5842.0,,5805.5,,5835.5,,244.0,,FSC,2025-10
2025-10-15 04:15:00+00:00,5819.0,,5819.0,,5820.0,,5806.5,,5812.5,,178.0,,FSC,2025-10
2025-10-15 04:20:00+00:00,5825.0,,5825.0,,5825.0,,5820.5,,5820.5,,19.0,,FSC,2025-10
2025-10-15 04:25:00+00:00,5816.5,,5816.5,,5826.0,,5816.5,,5820.0,,21.0,,FSC,2025-10
2025-10-15 04:30:00+00:00,5829.5,,5829.5,,5830.0,,5823.5,,5827.5,,10.0,,FSC,2025-10
2025-10-15 04:35:00+00:00,5835.5,2.440000057220459,5835.5,2.440000057220459,5837.0,2.440000057220459,5829.0,2.440000057220459,5830.0,2.440000057220459,17.0,50.0,FSC,2025-10
2025-10-15 04:40:00+00:00,5830.0,,5830.0,,5839.0,,5824.5,,5832.0,,31.0,,FSC,2025-10
2025-10-15 04:45:00+00:00,5841.0,2.5,5841.0,2.5,5841.0,2.5,5824.0,2.5,5824.0,2.5,56.0,25558.0,FSC,2025-10
2025-10-15 04:50:00+00:00,5834.0,,5834.0,,5836.0,,5830.5,,5836.0,,17.0,,FSC,2025-10
2025-10-15 04:55:00+00:00,5840.0,,5840.0,,5840.0,,5832.0,,5832.0,,33.0,,FSC,2025-10
2025-10-15 05:00:00+00:00,5840.0,2.3299999237060547,5840.0,2.3299999237060547,5840.0,2.3299999237060547,5832.5,2.3299999237060547,5840.0,2.3299999237060547,78.0,5.0,FSC,2025-10
2025-10-15 05:05:00+00:00,5830.0,,5830.0,,5838.5,,5830.0,,5838.5,,0.0,,FSC,2025-10
2025-10-15 05:10:00+00:00,5831.0,,5831.0,,5840.0,,5828.0,,5828.0,,26.0,,FSC,2025-10
2025-10-15 05:15:00+00:00,5840.0,2.5,5840.0,2.5,5840.0,2.5,5828.0,2.5,5833.0,2.5,50.0,507.0,FSC,2025-10
2025-10-15 05:20:00+00:00,5839.0,2.5,5839.0,2.5,5839.0,2.5,5830.5,2.5,5830.5,2.5,0.0,0.0,FSC,2025-10
2025-10-15 05:25:00+00:00,5832.5,2.5,5832.5,2.5,5840.0,2.5,5831.5,2.5,5840.0,2.5,40.0,200.0,FSC,2025-10
2025-10-15 05:30:00+00:00,5842.0,,5842.0,,5842.0,,5840.0,,5840.0,,24.0,,FSC,2025-10
2025-10-15 05:35:00+00:00,5840.0,,5840.0,,5840.0,,5832.5,,5834.5,,36.0,,FSC,2025-10
2025-10-15 05:40:00+00:00,5843.0,2.5,5843.0,2.5,5843.0,2.5,5839.0,2.5,5839.0,2.5,2.0,30.0,FSC,2025-10
2025-10-15 05:45:00+00:00,5838.0,2.5,5838.0,2.5,5838.0,2.5,5838.0,2.5,5838.0,2.5,0.0,1457.0,FSC,2025-10
2025-10-15 05:50:00+00:00,5854.5,2.5,5854.5,2.5,5854.5,2.5,5845.0,2.5,5845.0,2.5,55.0,30.0,FSC,2025-10
2025-10-15 05:55:00+00:00,5870.0,2.5,5870.0,2.5,5870.0,2.5,5855.0,2.5,5863.0,2.5,69.0,0.0,FSC,2025-10
2025-10-15 06:00:00+00:00,5884.5,,5884.5,,5896.5,,5858.5,,5858.5,,89.0,,FSC,2025-10
2025-10-15 06:05:00+00:00,5850.0,2.3299999237060547,5850.0,2.3299999237060547,5884.5,2.3299999237060547,5850.0,2.3299999237060547,5879.5,2.3299999237060547,91.0,500.0,FSC,2025-10
2025-10-15 06:10:00+00:00,5850.5,,5850.5,,5855.0,,5850.5,,5854.5,,42.0,,FSC,2025-10
2025-10-15 06:15:00+00:00,5841.0,,5841.0,,5846.0,,5841.0,,5845.5,,0.0,,FSC,2025-10
2025-10-15 06:20:00+00:00,5845.5,,5845.5,,5855.5,,5845.5,,5855.5,,13.0,,FSC,2025-10
2025-10-15 06:25:00+00:00,5837.0,,5837.0,,5837.0,,5835.0,,5835.0,,57.0,,FSC,2025-10
2025-10-15 06:30:00+00:00,5860.0,,5860.0,,5860.0,,5840.5,,5846.0,,82.0,,FSC,2025-10
2025-10-15 06:35:00+00:00,5867.0,,5867.0,,5867.0,,5860.0,,5860.0,,11.0,,FSC,2025-10
2025-10-15 06:40:00+00:00,5863.0,2.3299999237060547,5863.0,2.3299999237060547,5863.0,2.3299999237060547,5863.0,2.3299999237060547,5863.0,2.3299999237060547,0.0,200.0,FSC,2025-10
2025-10-15 06:45:00+00:00,5860.0,,5860.0,,5860.0,,5844.0,,5844.0,,25.0,,FSC,2025-10
2025-10-15 06:55:00+00:00,5843.0,,5843.0,,5851.0,,5839.0,,5839.0,,30.0,,FSC,2025-10
2025-10-15 07:00:00+00:00,5838.5,,5838.5,,5849.0,,5838.5,,5845.5,,28.0,,FSC,2025-10
2025-10-15 07:05:00+00:00,5844.0,,5844.0,,5844.0,,5839.5,,5839.5,,4.0,,FSC,2025-10
2025-10-15 07:10:00+00:00,5847.5,2.5,5847.5,2.5,5847.5,2.5,5844.0,2.5,5844.0,2.5,8.0,9.0,FSC,2025-10
2025-10-15 07:15:00+00:00,5838.5,,5838.5,,5838.5,,5838.5,,5838.5,,4.0,,FSC,2025-10
2025-10-15 07:20:00+00:00,5835.0,,5835.0,,5835.0,,5835.0,,5835.0,,20.0,,FSC,2025-10
2025-10-15 07:25:00+00:00,5826.0,,5826.0,,5835.0,,5826.0,,5835.0,,98.0,,FSC,2025-10
2025-10-15 07:30:00+00:00,5836.5,,5836.5,,5836.5,,5835.0,,5835.0,,9.0,,FSC,2025-10
2025-10-15 07:35:00+00:00,5848.0,,5848.0,,5848.0,,5844.5,,5844.5,,16.0,,FSC,2025-10
2025-10-15 07:40:00+00:00,5829.0,,5829.0,,5850.0,,5829.0,,5850.0,,114.0,,FSC,2025-10
2025-10-15 07:45:00+00:00,5835.0,2.440000057220459,5835.0,2.440000057220459,5835.0,2.440000057220459,5824.0,2.440000057220459,5824.0,2.440000057220459,150.0,2000.0,FSC,2025-10
2025-10-15 07:50:00+00:00,5840.5,2.440000057220459,5840.5,2.440000057220459,5852.5,2.440000057220459,5834.0,2.440000057220459,5834.0,2.440000057220459,53.0,4000.0,FSC,2025-10
2025-10-15 07:55:00+00:00,5839.5,2.440000057220459,5839.5,2.440000057220459,5839.5,2.440000057220459,5839.5,2.440000057220459,5839.5,2.440000057220459,6.0,8000.0,FSC,2025-10
2025-10-15 08:00:00+00:00,5840.0,2.440000057220459,5840.0,2.440000057220459,5840.0,2.440000057220459,5840.0,2.440000057220459,5840.0,2.440000057220459,8.0,0.0,FSC,2025-10
2025-10-15 08:05:00+00:00,5830.0,,5830.0,,5838.0,,5830.0,,5838.0,,5.0,,FSC,2025-10
2025-10-15 08:15:00+00:00,5840.0,,5840.0,,5840.0,,5840.0,,5840.0,,10.0,,FSC,2025-10
2025-10-15 08:20:00+00:00,5840.0,,5840.0,,5840.0,,5839.5,,5839.5,,7.0,,FSC,2025-10
2025-10-15 08:25:00+00:00,5854.0,,5854.0,,5863.0,,5848.5,,5852.5,,49.0,,FSC,2025-10
2025-10-15 08:30:00+00:00,5856.5,2.430000066757202,5856.5,2.430000066757202,5864.5,2.430000066757202,5856.5,2.430000066757202,5864.5,2.430000066757202,13.0,21.0,FSC,2025-10
2025-10-15 08:35:00+00:00,5859.0,,5859.0,,5865.0,,5856.5,,5856.5,,7.0,,FSC,2025-10
2025-10-15 08:40:00+00:00,5862.0,,5862.0,,5864.5,,5862.0,,5864.5,,10.0,,FSC,2025-10
2025-10-15 08:45:00+00:00,5870.0,,5870.0,,5870.0,,5870.0,,5870.0,,149.0,,FSC,2025-10
2025-10-15 08:50:00+00:00,5865.0,,5865.0,,5869.0,,5865.0,,5868.5,,6.0,,FSC,2025-10
2025-10-15 08:55:00+00:00,5862.0,2.440000057220459,5862.0,2.440000057220459,5865.0,2.440000057220459,5862.0,2.440000057220459,5865.0,2.440000057220459,64.0,49.0,FSC,2025-10
2025-10-15 09:05:00+00:00,5850.5,,5850.5,,5850.5,,5850.5,,5850.5,,23.0,,FSC,2025-10
2025-10-15 09:10:00+00:00,5854.5,,5854.5,,5854.5,,5854.5,,5854.5,,0.0,,FSC,2025-10
2025-10-15 09:15:00+00:00,5853.5,,5853.5,,5854.5,,5847.0,,5847.0,,18.0,,FSC,2025-10
2025-10-15 09:20:00+00:00,5846.0,,5846.0,,5846.0,,5846.0,,5846.0,,5.0,,FSC,2025-10
2025-10-15 09:25:00+00:00,5853.5,2.440000057220459,5853.5,2.440000057220459,5853.5,2.440000057220459,5853.5,2.440000057220459,5853.5,2.440000057220459,2.0,30.0,FSC,2025-10
2025-10-15 09:30:00+00:00,5856.5,2.430000066757202,5856.5,2.430000066757202,5865.0,2.430000066757202,5840.0,2.430000066757202,5853.0,2.430000066757202,220.0,7.0,FSC,2025-10
2025-10-15 09:35:00+00:00,5865.5,,5865.5,,5865.5,,5855.5,,5856.5,,27.0,,FSC,2025-10
2025-10-15 09:40:00+00:00,5868.0,,5868.0,,5879.5,,5860.5,,5868.0,,137.0,,FSC,2025-10
2025-10-15 09:45:00+00:00,5869.0,2.430000066757202,5869.0,2.430000066757202,5890.0,2.430000066757202,5869.0,2.430000066757202,5885.5,2.430000066757202,198.0,4.0,FSC,2025-10
2025-10-15 09:50:00+00:00,5846.0,,5846.0,,5866.0,,5836.5,,5866.0,,185.0,,FSC,2025-10
2025-10-15 09:55:00+00:00,5836.0,,5836.0,,5876.0,,5836.0,,5843.0,,126.0,,FSC,2025-10
2025-10-16 03:45:00+00:00,5872.0,2.430000066757202,5872.0,2.430000066757202,5893.0,2.440000057220459,5783.5,2.430000066757202,5783.5,2.440000057220459,0.0,0.0,FSC,2025-10
2025-10-16 03:50:00+00:00,5841.0,2.3499999046325684,5841.0,2.3499999046325684,5881.0,2.4200000762939453,5841.0,2.3499999046325684,5871.5,2.4200000762939453,67.0,928.0,FSC,2025-10
2025-10-16 03:55:00+00:00,5851.5,2.5,5851.5,2.5,5854.0,2.5,5851.5,2.440000057220459,5854.0,2.440000057220459,13.0,750.0,FSC,2025-10
2025-10-16 04:00:00+00:00,5851.5,2.5,5851.5,2.5,5853.0,2.5,5851.5,2.5,5851.5,2.5,54.0,2500.0,FSC,2025-10
2025-10-16 04:05:00+00:00,5851.0,2.5199999809265137,5851.0,2.5199999809265137,5861.0,2.5199999809265137,5849.5,2.5,5861.0,2.5,11.0,200.0,FSC,2025-10
2025-10-16 04:10:00+00:00,5889.5,2.5199999809265137,5889.5,2.5199999809265137,5889.5,2.5199999809265137,5870.0,2.5199999809265137,5870.0,2.5199999809265137,26.0,970.0,FSC,2025-10
2025-10-16 04:15:00+00:00,5885.5,,5885.5,,5900.0,,5870.0,,5879.5,,299.0,,FSC,2025-10
2025-10-16 04:20:00+00:00,5889.5,,5889.5,,5889.5,,5873.0,,5886.0,,17.0,,FSC,2025-10
2025-10-16 04:25:00+00:00,5875.5,,5875.5,,5875.5,,5870.5,,5873.0,,13.0,,FSC,2025-10
2025-10-16 04:30:00+00:00,,2.509999990463257,,2.509999990463257,,2.509999990463257,,2.509999990463257,,2.509999990463257,,75.0,FSC,2025-10
2025-10-16 04:35:00+00:00,5874.5,,5874.5,,5874.5,,5854.0,,5863.0,,57.0,,FSC,2025-10
2025-10-16 04:40:00+00:00,5861.5,2.5199999809265137,5861.5,2.5199999809265137,5875.0,2.5199999809265137,5861.5,2.5199999809265137,5875.0,2.5199999809265137,12.0,2022.0,FSC,2025-10
2025-10-16 04:45:00+00:00,5874.0,2.4800000190734863,5874.0,2.4800000190734863,5887.0,2.4800000190734863,5874.0,2.4800000190734863,5878.0,2.4800000190734863,224.0,14.0,FSC,2025-10
2025-10-16 04:50:00+00:00,5867.0,,5867.0,,5887.5,,5867.0,,5880.0,,21.0,,FSC,2025-10
2025-10-16 04:55:00+00:00,5860.5,2.380000114440918,5860.5,2.380000114440918,5860.5,2.380000114440918,5860.5,2.380000114440918,5860.5,2.380000114440918,11.0,22.0,FSC,2025-10
2025-10-16 05:00:00+00:00,5860.5,,5860.5,,5860.5,,5860.5,,5860.5,,0.0,,FSC,2025-10
2025-10-16 05:15:00+00:00,5886.0,,5886.0,,5886.0,,5865.0,,5865.0,,9.0,,FSC,2025-10
2025-10-16 05:20:00+00:00,5880.0,,5880.0,,5880.0,,5878.0,,5878.0,,12.0,,FSC,2025-10
2025-10-16 05:25:00+00:00,5880.0,2.5199999809265137,5880.0,2.5199999809265137,5880.0,2.5199999809265137,5880.0,2.5199999809265137,5880.0,2.5199999809265137,17.0,100.0,FSC,2025-10
2025-10-16 05:30:00+00:00,5874.0,,5874.0,,5874.0,,5874.0,,5874.0,,6.0,,FSC,2025-10
2025-10-16 05:35:00+00:00,,2.5199999809265137,,2.5199999809265137,,2.5199999809265137,,2.5199999809265137,,2.5199999809265137,,172.0,FSC,2025-10
2025-10-16 05:45:00+00:00,5861.0,2.5199999809265137,5861.0,2.5199999809265137,5874.0,2.5199999809265137,5861.0,2.5199999809265137,5874.0,2.5199999809265137,23.0,5.0,FSC,2025-10
2025-10-16 05:50:00+00:00,5869.0,,5869.0,,5869.0,,5869.0,,5869.0,,6.0,,FSC,2025-10
2025-10-16 05:55:00+00:00,5851.5,,5851.5,,5872.5,,5851.5,,5872.5,,124.0,,FSC,2025-10
2025-10-16 06:00:00+00:00,5869.5,,5869.5,,5869.5,,5869.5,,5869.5,,2.0,,FSC,2025-10
2025-10-16 06:05:00+00:00,5868.0,,5868.0,,5868.0,,5868.0,,5868.0,,1.0,,FSC,2025-10
2025-10-16 06:10:00+00:00,5865.5,,5865.5,,5865.5,,5865.5,,5865.5,,3.0,,FSC,2025-10
2025-10-16 06:15:00+00:00,5871.5,,5871.5,,5881.0,,5871.5,,5881.0,,25.0,,FSC,2025-10
2025-10-16 06:20:00+00:00,5875.0,,5875.0,,5875.0,,5875.0,,5875.0,,2.0,,FSC,2025-10
2025-10-16 06:25:00+00:00,5868.0,,5868.0,,5868.0,,5862.0,,5862.0,,21.0,,FSC,2025-10
2025-10-16 06:45:00+00:00,5867.5,,5867.5,,5867.5,,5865.0,,5865.0,,3.0,,FSC,2025-10
2025-10-16 06:55:00+00:00,5868.0,,5868.0,,5868.0,,5868.0,,5868.0,,5.0,,FSC,2025-10
2025-10-16 07:00:00+00:00,5862.0,,5862.0,,5862.0,,5859.0,,5859.0,,2.0,,FSC,2025-10
2025-10-16 07:05:00+00:00,5876.0,,5876.0,,5876.0,,5876.0,,5876.0,,11.0,,FSC,2025-10
2025-10-16 07:10:00+00:00,5879.0,,5879.0,,5879.0,,5875.5,,5875.5,,8.0,,FSC,2025-10
2025-10-16 07:20:00+00:00,5865.5,,5865.5,,5879.0,,5865.5,,5879.0,,10.0,,FSC,2025-10
2025-10-16 07:25:00+00:00,5881.5,,5881.5,,5881.5,,5877.0,,5877.0,,3.0,,FSC,2025-10
2025-10-16 07:35:00+00:00,5877.0,,5877.0,,5877.0,,5877.0,,5877.0,,1.0,,FSC,2025-10
2025-10-16 07:45:00+00:00,5863.0,,5863.0,,5865.0,,5863.0,,5865.0,,29.0,,FSC,2025-10
2025-10-16 07:50:00+00:00,5854.0,2.299999952316284,5854.0,2.299999952316284,5854.0,2.299999952316284,5854.0,2.299999952316284,5854.0,2.299999952316284,52.0,35570.0,FSC,2025-10
2025-10-16 07:55:00+00:00,5857.0,2.299999952316284,5857.0,2.299999952316284,5857.0,2.299999952316284,5856.5,2.299999952316284,5856.5,2.299999952316284,0.0,17789.0,FSC,2025-10
2025-10-16 08:00:00+00:00,,2.299999952316284,,2.299999952316284,,2.299999952316284,,2.299999952316284,,2.299999952316284,,76.0,FSC,2025-10
2025-10-16 08:05:00+00:00,5875.5,2.299999952316284,5875.5,2.299999952316284,5875.5,2.299999952316284,5862.0,2.299999952316284,5865.0,2.299999952316284,37.0,6750.0,FSC,2025-10
2025-10-16 08:10:00+00:00,5875.5,2.299999952316284,5875.5,2.299999952316284,5875.5,2.299999952316284,5875.5,2.299999952316284,5875.5,2.299999952316284,1.0,0.0,FSC,2025-10
2025-10-16 08:15:00+00:00,,2.299999952316284,,2.299999952316284,,2.299999952316284,,2.299999952316284,,2.299999952316284,,8880.0,FSC,2025-10
2025-10-16 08:20:00+00:00,5860.0,2.299999952316284,5860.0,2.299999952316284,5868.0,2.299999952316284,5860.0,2.299999952316284,5868.0,2.299999952316284,8.0,10120.0,FSC,2025-10
2025-10-16 08:25:00+00:00,5858.0,2.299999952316284,5858.0,2.299999952316284,5858.0,2.299999952316284,5858.0,2.299999952316284,5858.0,2.299999952316284,14.0,10001.0,FSC,2025-10
2025-10-16 08:35:00+00:00,5863.5,2.299999952316284,5863.5,2.299999952316284,5863.5,2.299999952316284,5863.5,2.299999952316284,5863.5,2.299999952316284,4.0,0.0,FSC,2025-10
2025-10-16 08:45:00+00:00,5865.5,2.299999952316284,5865.5,2.299999952316284,5868.0,2.299999952316284,5865.5,2.299999952316284,5867.0,2.299999952316284,3.0,82.0,FSC,2025-10
2025-10-16 08:50:00+00:00,5864.5,,5864.5,,5865.5,,5864.5,,5865.5,,3.0,,FSC,2025-10
2025-10-16 08:55:00+00:00,5864.0,2.299999952316284,5864.0,2.299999952316284,5864.0,2.299999952316284,5864.0,2.299999952316284,5864.0,2.299999952316284,1.0,4690.0,FSC,2025-10
2025-10-16 09:00:00+00:00,5865.5,2.299999952316284,5865.5,2.299999952316284,5875.5,2.299999952316284,5865.5,2.299999952316284,5875.5,2.299999952316284,46.0,0.0,FSC,2025-10
2025-10-16 09:05:00+00:00,,2.299999952316284,,2.299999952316284,,2.299999952316284,,2.299999952316284,,2.299999952316284,,700.0,FSC,2025-10
2025-10-16 09:10:00+00:00,5876.0,2.299999952316284,5876.0,2.299999952316284,5877.0,2.299999952316284,5860.5,2.299999952316284,5877.0,2.299999952316284,17.0,980.0,FSC,2025-10
2025-10-16 09:15:00+00:00,5859.0,,5859.0,,5860.5,,5857.0,,5857.5,,72.0,,FSC,2025-10
2025-10-16 09:20:00+00:00,5878.5,2.299999952316284,5878.5,2.299999952316284,5878.5,2.299999952316284,5863.0,2.299999952316284,5863.0,2.299999952316284,21.0,60.0,FSC,2025-10
2025-10-16 09:25:00+00:00,5864.5,,5864.5,,5881.0,,5864.5,,5881.0,,49.0,,FSC,2025-10
2025-10-16 09:30:00+00:00,5881.5,2.299999952316284,5881.5,2.299999952316284,5881.5,2.299999952316284,5865.5,2.299999952316284,5871.5,2.299999952316284,8.0,413.0,FSC,2025-10
2025-10-16 09:35:00+00:00,5887.5,,5887.5,,5887.5,,5865.5,,5865.5,,71.0,,FSC,2025-10
2025-10-16 09:40:00+00:00,5890.0,,5890.0,,5890.0,,5890.0,,5890.0,,9.0,,FSC,2025-10
2025-10-16 09:45:00+00:00,5856.0,2.299999952316284,5856.0,2.299999952316284,5879.5,2.299999952316284,5856.0,2.299999952316284,5879.5,2.299999952316284,119.0,2.0,FSC,2025-10
2025-10-16 09:50:00+00:00,5841.0,,5841.0,,5859.5,,5835.0,,5841.5,,287.0,,FSC,2025-10
2025-10-16 09:55:00+00:00,5812.5,2.299999952316284,5812.5,2.299999952316284,5828.5,2.299999952316284,5811.5,2.299999952316284,5822.5,2.299999952316284,93.0,2.0,FSC,2025-10
2025-10-17 03:45:00+00:00,5853.5,2.2100000381469727,5853.5,2.2100000381469727,5895.5,2.299999952316284,5831.5,2.2100000381469727,5866.0,2.299999952316284,0.0,0.0,FSC,2025-10
2025-10-17 03:50:00+00:00,5827.5,2.2100000381469727,5827.5,2.2100000381469727,5830.0,2.2100000381469727,5823.5,2.2100000381469727,5830.0,2.2100000381469727,47.0,430.0,FSC,2025-10
2025-10-17 03:55:00+00:00,5838.5,,5838.5,,5839.5,,5825.0,,5837.5,,44.0,,FSC,2025-10
2025-10-17 04:00:00+00:00,5863.5,2.299999952316284,5863.5,2.299999952316284,5863.5,2.299999952316284,5836.5,2.2300000190734863,5836.5,2.2300000190734863,73.0,23.0,FSC,2025-10
2025-10-17 04:05:00+00:00,5885.5,2.299999952316284,5885.5,2.299999952316284,5885.5,2.299999952316284,5856.0,2.299999952316284,5869.5,2.299999952316284,28.0,2.0,FSC,2025-10
2025-10-17 04:10:00+00:00,5875.5,,5875.5,,5875.5,,5875.5,,5875.5,,2.0,,FSC,2025-10
2025-10-17 04:15:00+00:00,5856.5,,5856.5,,5876.0,,5856.5,,5876.0,,53.0,,FSC,2025-10
2025-10-17 04:20:00+00:00,5853.5,,5853.5,,5861.0,,5853.5,,5856.0,,38.0,,FSC,2025-10
2025-10-17 04:25:00+00:00,5839.5,,5839.5,,5846.0,,5839.5,,5846.0,,29.0,,FSC,2025-10
2025-10-17 04:30:00+00:00,5840.5,,5840.5,,5844.0,,5840.5,,5844.0,,5.0,,FSC,2025-10
2025-10-17 04:35:00+00:00,5840.5,,5840.5,,5840.5,,5833.0,,5833.0,,15.0,,FSC,2025-10
2025-10-17 04:40:00+00:00,5818.5,,5818.5,,5828.0,,5818.5,,5819.0,,54.0,,FSC,2025-10
2025-10-17 04:45:00+00:00,5790.5,,5790.5,,5818.5,,5788.5,,5818.5,,86.0,,FSC,2025-10
2025-10-17 04:50:00+00:00,5775.5,2.180000066757202,5775.5,2.180000066757202,5790.5,2.180000066757202,5764.0,2.180000066757202,5790.5,2.180000066757202,24.0,7061.0,FSC,2025-10
2025-10-17 04:55:00+00:00,5784.5,,5784.5,,5784.5,,5773.5,,5775.5,,11.0,,FSC,2025-10
2025-10-17 05:00:00+00:00,5770.5,,5770.5,,5770.5,,5770.5,,5770.5,,1.0,,FSC,2025-10
2025-10-17 05:05:00+00:00,5777.0,,5777.0,,5783.0,,5773.0,,5783.0,,14.0,,FSC,2025-10
2025-10-17 05:10:00+00:00,5783.5,2.190000057220459,5783.5,2.190000057220459,5783.5,2.190000057220459,5783.5,2.190000057220459,5783.5,2.190000057220459,18.0,50.0,FSC,2025-10
2025-10-17 05:15:00+00:00,5791.0,,5791.0,,5791.0,,5791.0,,5791.0,,1.0,,FSC,2025-10
2025-10-17 05:20:00+00:00,5801.0,,5801.0,,5813.5,,5795.5,,5797.5,,64.0,,FSC,2025-10
2025-10-17 05:25:00+00:00,5802.5,,5802.5,,5802.5,,5802.5,,5802.5,,6.0,,FSC,2025-10
2025-10-17 05:35:00+00:00,5806.5,,5806.5,,5813.5,,5806.5,,5812.5,,11.0,,FSC,2025-10
2025-10-17 05:40:00+00:00,5797.5,,5797.5,,5800.5,,5797.5,,5798.5,,38.0,,FSC,2025-10
2025-10-17 05:50:00+00:00,5785.5,,5785.5,,5785.5,,5785.5,,5785.5,,9.0,,FSC,2025-10
2025-10-17 05:55:00+00:00,5789.0,2.380000114440918,5789.0,2.380000114440918,5789.0,2.380000114440918,5789.0,2.380000114440918,5789.0,2.380000114440918,1.0,750.0,FSC,2025-10
2025-10-17 06:00:00+00:00,5785.5,,5785.5,,5785.5,,5785.5,,5785.5,,1.0,,FSC,2025-10
2025-10-17 06:05:00+00:00,5788.0,,5788.0,,5788.0,,5788.0,,5788.0,,0.0,,FSC,2025-10
2025-10-17 06:10:00+00:00,5793.5,,5793.5,,5793.5,,5793.5,,5793.5,,2.0,,FSC,2025-10
2025-10-17 06:15:00+00:00,5796.5,,5796.5,,5796.5,,5796.5,,5796.5,,4.0,,FSC,2025-10
2025-10-17 06:20:00+00:00,5794.5,,5794.5,,5794.5,,5794.5,,5794.5,,1.0,,FSC,2025-10
2025-10-17 06:25:00+00:00,5795.5,,5795.5,,5800.0,,5795.5,,5800.0,,11.0,,FSC,2025-10
2025-10-17 06:30:00+00:00,5809.0,2.3499999046325684,5809.0,2.3499999046325684,5812.0,2.3499999046325684,5809.0,2.3499999046325684,5812.0,2.3499999046325684,23.0,17.0,FSC,2025-10
2025-10-17 06:45:00+00:00,5817.0,2.3399999141693115,5817.0,2.3399999141693115,5817.0,2.3399999141693115,5816.0,2.3399999141693115,5816.0,2.3399999141693115,24.0,6983.0,FSC,2025-10
2025-10-17 06:50:00+00:00,5810.5,2.3499999046325684,5810.5,2.3499999046325684,5819.5,2.3499999046325684,5810.5,2.3499999046325684,5819.5,2.3499999046325684,29.0,1527.0,FSC,2025-10
2025-10-17 06:55:00+00:00,5798.0,,5798.0,,5798.0,,5798.0,,5798.0,,4.0,,FSC,2025-10
2025-10-17 07:00:00+00:00,5791.5,,5791.5,,5791.5,,5791.5,,5791.5,,6.0,,FSC,2025-10
2025-10-17 07:15:00+00:00,5778.0,2.2100000381469727,5778.0,2.2100000381469727,5787.0,2.2100000381469727,5778.0,2.2100000381469727,5785.0,2.2100000381469727,39.0,100.0,FSC,2025-10
2025-10-17 07:20:00+00:00,5778.0,,5778.0,,5778.0,,5778.0,,5778.0,,0.0,,FSC,2025-10
2025-10-17 07:25:00+00:00,,2.3499999046325684,,2.3499999046325684,,2.3499999046325684,,2.3499999046325684,,2.3499999046325684,,66.0,FSC,2025-10
2025-10-17 07:30:00+00:00,,2.3499999046325684,,2.3499999046325684,,2.3499999046325684,,2.3499999046325684,,2.3499999046325684,,68.0,FSC,2025-10
2025-10-17 07:40:00+00:00,5768.0,,5768.0,,5779.0,,5752.0,,5779.0,,91.0,,FSC,2025-10
2025-10-17 07:45:00+00:00,5771.5,,5771.5,,5773.0,,5763.0,,5769.0,,26.0,,FSC,2025-10
2025-10-17 07:50:00+00:00,5774.0,,5774.0,,5774.0,,5763.5,,5763.5,,47.0,,FSC,2025-10
2025-10-17 07:55:00+00:00,5781.0,,5781.0,,5781.0,,5777.5,,5777.5,,3.0,,FSC,2025-10
2025-10-17 08:00:00+00:00,5776.0,,5776.0,,5786.5,,5776.0,,5781.0,,7.0,,FSC,2025-10
2025-10-17 08:10:00+00:00,5783.0,,5783.0,,5783.0,,5783.0,,5783.0,,2.0,,FSC,2025-10
2025-10-17 08:15:00+00:00,5783.5,,5783.5,,5789.0,,5774.5,,5788.0,,40.0,,FSC,2025-10
2025-10-17 08:20:00+00:00,5788.0,,5788.0,,5788.0,,5779.5,,5779.5,,9.0,,FSC,2025-10
2025-10-17 08:25:00+00:00,5764.5,2.180000066757202,5764.5,2.180000066757202,5764.5,2.180000066757202,5764.5,2.180000066757202,5764.5,2.180000066757202,6.0,40466.0,FSC,2025-10
2025-10-17 08:30:00+00:00,5774.0,2.180000066757202,5774.0,2.180000066757202,5783.0,2.180000066757202,5774.0,2.180000066757202,5783.0,2.180000066757202,3.0,1892.0,FSC,2025-10
2025-10-17 08:35:00+00:00,5770.0,,5770.0,,5774.5,,5770.0,,5774.5,,17.0,,FSC,2025-10
2025-10-17 08:40:00+00:00,5768.0,,5768.0,,5768.0,,5767.5,,5767.5,,2.0,,FSC,2025-10
2025-10-17 08:45:00+00:00,5772.0,,5772.0,,5772.0,,5772.0,,5772.0,,1.0,,FSC,2025-10
2025-10-17 09:00:00+00:00,5768.0,2.180000066757202,5768.0,2.180000066757202,5768.0,2.180000066757202,5768.0,2.180000066757202,5768.0,2.180000066757202,5.0,25.0,FSC,2025-10
2025-10-17 09:05:00+00:00,5772.5,,5772.5,,5772.5,,5771.0,,5771.0,,2.0,,FSC,2025-10
2025-10-17 09:10:00+00:00,5770.0,2.180000066757202,5770.0,2.180000066757202,5773.5,2.180000066757202,5770.0,2.180000066757202,5773.5,2.180000066757202,6.0,20000.0,FSC,2025-10
2025-10-17 09:15:00+00:00,5784.5,2.180000066757202,5784.5,2.180000066757202,5790.0,2.180000066757202,5784.5,2.180000066757202,5790.0,2.180000066757202,16.0,0.0,FSC,2025-10
2025-10-17 09:20:00+00:00,5785.5,2.180000066757202,5785.5,2.180000066757202,5785.5,2.180000066757202,5785.5,2.180000066757202,5785.5,2.180000066757202,9.0,259.0,FSC,2025-10
2025-10-17 09:25:00+00:00,5773.0,,5773.0,,5789.0,,5773.0,,5789.0,,23.0,,FSC,2025-10
2025-10-17 09:30:00+00:00,5780.0,,5780.0,,5801.0,,5770.0,,5783.5,,67.0,,FSC,2025-10
2025-10-17 09:35:00+00:00,5779.0,2.180000066757202,5779.0,2.180000066757202,5779.0,2.180000066757202,5779.0,2.180000066757202,5779.0,2.180000066757202,15.0,11400.0,FSC,2025-10
2025-10-17 09:40:00+00:00,5756.0,,5756.0,,5770.0,,5756.0,,5770.0,,52.0,,FSC,2025-10
2025-10-17 09:45:00+00:00,5757.5,2.180000066757202,5757.5,2.180000066757202,5769.0,2.180000066757202,5756.0,2.180000066757202,5756.0,2.180000066757202,43.0,800.0,FSC,2025-10
2025-10-17 09:50:00+00:00,5753.5,2.180000066757202,5753.5,2.180000066757202,5774.5,2.180000066757202,5753.5,2.180000066757202,5774.0,2.180000066757202,96.0,2000.0,FSC,2025-10
2025-10-17 09:55:00+00:00,5752.0,2.180000066757202,5752.0,2.180000066757202,5761.5,2.180000066757202,5700.0,2.180000066757202,5761.0,2.180000066757202,464.0,4500.0,FSC,2025-10
2025-10-20 03:45:00+00:00,2.2799999713897705,,2.2799999713897705,,2.2799999713897705,,2.2799999713897705,,2.2799999713897705,,0.0,,FSC,2025-10
2025-10-20 04:05:00+00:00,2.2799999713897705,,2.2799999713897705,,2.2799999713897705,,2.2799999713897705,,2.2799999713897705,,2.0,,FSC,2025-10
2025-10-20 04:10:00+00:00,2.2799999713897705,,2.2799999713897705,,2.2799999713897705,,2.2799999713897705,,2.2799999713897705,,5000.0,,FSC,2025-10
2025-10-20 04:40:00+00:00,2.2799999713897705,,2.2799999713897705,,2.2799999713897705,,2.2799999713897705,,2.2799999713897705,,44.0,,FSC,2025-10
2025-10-20 04:45:00+00:00,2.2799999713897705,,2.2799999713897705,,2.2799999713897705,,2.2799999713897705,,2.2799999713897705,,339.0,,FSC,2025-10
2025-10-20 05:00:00+00:00,2.2799999713897705,,2.2799999713897705,,2.2799999713897705,,2.2799999713897705,,2.2799999713897705,,1054.0,,FSC,2025-10
2025-10-20 05:05:00+00:00,2.2799999713897705,,2.2799999713897705,,2.2799999713897705,,2.2799999713897705,,2.2799999713897705,,3655.0,,FSC,2025-10
2025-10-20 05:25:00+00:00,2.2799999713897705,,2.2799999713897705,,2.2799999713897705,,2.2799999713897705,,2.2799999713897705,,50.0,,FSC,2025-10
2025-10-20 06:45:00+00:00,2.2799999713897705,,2.2799999713897705,,2.2799999713897705,,2.2799999713897705,,2.2799999713897705,,42.0,,FSC,2025-10
2025-10-20 06:55:00+00:00,2.2799999713897705,,2.2799999713897705,,2.2799999713897705,,2.2799999713897705,,2.2799999713897705,,4000.0,,FSC,2025-10
2025-10-20 07:15:00+00:00,2.2799999713897705,,2.2799999713897705,,2.2799999713897705,,2.2799999713897705,,2.2799999713897705,,22.0,,FSC,2025-10
2025-10-20 08:05:00+00:00,2.2799999713897705,,2.2799999713897705,,2.2799999713897705,,2.2799999713897705,,2.2799999713897705,,900.0,,FSC,2025-10
2025-10-20 09:00:00+00:00,2.2799999713897705,,2.2799999713897705,,2.2799999713897705,,2.2799999713897705,,2.2799999713897705,,550.0,,FSC,2025-10
2025-10-21 08:05:00+00:00,2.390000104904175,,2.390000104904175,,2.390000104904175,,2.390000104904175,,2.390000104904175,,0.0,,FSC,2025-10
2025-10-21 08:15:00+00:00,2.390000104904175,,2.390000104904175,,2.390000104904175,,2.390000104904175,,2.390000104904175,,52.0,,FSC,2025-10
2025-10-21 08:25:00+00:00,2.390000104904175,,2.390000104904175,,2.390000104904175,,2.390000104904175,,2.390000104904175,,50.0,,FSC,2025-10
2025-10-21 08:35:00+00:00,2.390000104904175,,2.390000104904175,,2.390000104904175,,2.390000104904175,,2.390000104904175,,940.0,,FSC,2025-10
2025-10-21 08:40:00+00:00,2.390000104904175,,2.390000104904175,,2.390000104904175,,2.390000104904175,,2.390000104904175,,0.0,,FSC,2025-10
2025-10-21 08:50:00+00:00,2.390000104904175,,2.390000104904175,,2.390000104904175,,2.390000104904175,,2.390000104904175,,44.0,,FSC,2025-10
2025-10-21 08:55:00+00:00,2.390000104904175,,2.390000104904175,,2.390000104904175,,2.390000104904175,,2.390000104904175,,22.0,,FSC,2025-10
2025-10-21 09:05:00+00:00,2.390000104904175,,2.390000104904175,,2.390000104904175,,2.390000104904175,,2.390000104904175,,29.0,,FSC,2025-10
2025-10-21 09:10:00+00:00,2.390000104904175,,2.390000104904175,,2.390000104904175,,2.390000104904175,,2.390000104904175,,105975.0,,FSC,2025-10
