symbol,ts
ZAGGLE,2025-10-21T18:34:00.848140
14,
XELPMOC,2025-10-21T18:33:59.916786
WAAREEINDO,2025-10-21T18:34:00.158006
YASHO,2025-10-21T18:34:00.179835
ZEEMEDIA,2025-10-21T18:34:00.845728
ZEELEARN,2025-10-21T18:34:00.894461
ZENITHSTL,2025-10-21T18:34:00.914949
ZENSARTECH,2025-10-21T18:34:01.351721
ZOTA,2025-10-21T18:34:01.546568
ZODIAC,2025-10-21T18:34:01.645361
ZODIACLOTH,2025-10-21T18:34:01.742990
ZUARIIND,2025-10-21T18:34:01.924340
ZYDUSLIFE,2025-10-21T18:34:02.150138
YATRA,2025-10-21T18:34:02.171071
