symbol,rec_date,event_type,event_date,price,note
360ONE,2025-10-20,TARGET_HIT,2025-10-20,1187.4000244140625,
AADHARHFC,2025-10-20,TARGET_HIT,2025-10-20,519.0,
AAREYDRUGS,2025-10-20,TARGET_HIT,2025-10-20,86.13999938964844,
AARTECH,2025-10-20,TARGET_HIT,2025-10-20,59.09999847412109,
ABDL,2025-10-20,TARGET_HIT,2025-10-20,584.5,
ABINFRA,2025-10-20,TARGET_HIT,2025-10-20,18.63999938964844,
ABSLAMC,2025-10-20,TARGET_HIT,2025-10-20,863.25,
ACEINTEG,2025-10-20,TARGET_HIT,2025-10-20,24.959999084472656,
ACUTAAS,2025-10-20,TARGET_HIT,2025-10-20,1637.0999755859375,
ADANIPORTS,2025-10-20,TARGET_HIT,2025-10-20,1468.5999755859375,
ADANIPOWER,2025-10-20,TARGET_HIT,2025-10-20,170.35000610351562,
ADOR,2025-10-20,TARGET_HIT,2025-10-20,1153.0,
ADROITINFO,2025-10-20,TARGET_HIT,2025-10-20,11.630000114440918,
AETHER,2025-10-20,TARGET_HIT,2025-10-20,746.25,
AFFORDABLE,2025-10-20,TARGET_HIT,2025-10-20,268.69000244140625,
AGARWALEYE,2025-10-20,TARGET_HIT,2025-10-20,542.0499877929688,
AIAENG,2025-10-20,TARGET_HIT,2025-10-20,3314.199951171875,
ALBERTDAVD,2025-10-20,TARGET_HIT,2025-10-20,793.2999877929688,
ALKEM,2025-10-20,TARGET_HIT,2025-10-20,5560.0,
ALLCARGO,2025-10-20,TARGET_HIT,2025-10-20,33.61000061035156,
ALLTIME,2025-10-20,TARGET_HIT,2025-10-20,285.5,
ANANDRATHI,2025-10-20,TARGET_HIT,2025-10-20,3184.300048828125,
ANGELONE,2025-10-20,TARGET_HIT,2025-10-20,2509.60009765625,
ANIKINDS,2025-10-20,TARGET_HIT,2025-10-20,79.44000244140625,
APOLLOHOSP,2025-10-20,TARGET_HIT,2025-10-20,8009.5,
APOLLOTYRE,2025-10-20,TARGET_HIT,2025-10-20,509.7000122070313,
ARENTERP,2025-10-20,TARGET_HIT,2025-10-20,45.66999816894531,
ARFIN,2025-10-20,TARGET_HIT,2025-10-20,51.20000076293945,
ARISINFRA,2025-10-20,TARGET_HIT,2025-10-20,169.60000610351562,
ARTEMISMED,2025-10-20,TARGET_HIT,2025-10-20,240.08999633789065,
ARTNIRMAN,2025-10-20,TARGET_HIT,2025-10-20,50.90999984741211,
ASAHIINDIA,2025-10-20,TARGET_HIT,2025-10-20,927.9500122070312,
ASALCBR,2025-10-20,TARGET_HIT,2025-10-20,1028.949951171875,
ASIANHOTNR,2025-10-20,TARGET_HIT,2025-10-20,336.75,
ASIANPAINT,2025-10-20,TARGET_HIT,2025-10-20,2518.60009765625,
ASIANTILES,2025-10-20,TARGET_HIT,2025-10-20,63.150001525878906,
ATALREAL,2025-10-20,TARGET_HIT,2025-10-20,24.07999992370605,
ATHERENERG,2025-10-20,TARGET_HIT,2025-10-20,707.4000244140625,
AUBANK,2025-10-20,TARGET_HIT,2025-10-20,865.75,
AURUM,2025-10-20,TARGET_HIT,2025-10-20,180.97999572753903,
AUSOMENT,2025-10-20,TARGET_HIT,2025-10-20,103.9000015258789,
AXISBANK,2025-10-20,TARGET_HIT,2025-10-20,1229.5999755859375,
AXITA,2025-10-20,TARGET_HIT,2025-10-20,8.460000038146973,
BAJAJCON,2025-10-20,TARGET_HIT,2025-10-20,268.42999267578125,
BAJAJFINSV,2025-10-20,TARGET_HIT,2025-10-20,2146.0,
BAJFINANCE,2025-10-20,TARGET_HIT,2025-10-20,1084.449951171875,
BANKA,2025-10-20,TARGET_HIT,2025-10-20,88.05999755859375,
BANKINDIA,2025-10-20,TARGET_HIT,2025-10-20,129.80999755859375,
BBTC,2025-10-20,TARGET_HIT,2025-10-20,2041.0,
BECTORFOOD,2025-10-20,TARGET_HIT,2025-10-20,1316.5,
BEL,2025-10-20,TARGET_HIT,2025-10-20,416.75,
BELLACASA,2025-10-20,TARGET_HIT,2025-10-20,460.4500122070313,
BEML,2025-10-20,TARGET_HIT,2025-10-20,4348.7998046875,
BERGEPAINT,2025-10-20,TARGET_HIT,2025-10-20,541.5499877929688,
BFINVEST,2025-10-20,TARGET_HIT,2025-10-20,484.0,
BGRENERGY,2025-10-20,TARGET_HIT,2025-10-20,423.989990234375,
BHAGERIA,2025-10-20,TARGET_HIT,2025-10-20,192.009994506836,
BHARATFORG,2025-10-20,TARGET_HIT,2025-10-20,1246.0,
BHARATSE,2025-10-20,TARGET_HIT,2025-10-20,226.4499969482422,
BHARATWIRE,2025-10-20,TARGET_HIT,2025-10-20,173.1999969482422,
BHARTIARTL,2025-10-20,TARGET_HIT,2025-10-20,2051.0,
BHARTIHEXA,2025-10-20,TARGET_HIT,2025-10-20,1803.5999755859373,
BORANA,2025-10-20,TARGET_HIT,2025-10-20,220.58999633789065,
BORORENEW,2025-10-20,TARGET_HIT,2025-10-20,665.75,
BOSCHLTD,2025-10-20,TARGET_HIT,2025-10-20,39320.0,
BRIGADE,2025-10-20,TARGET_HIT,2025-10-20,984.2999877929688,
BRITANNIA,2025-10-20,TARGET_HIT,2025-10-20,6112.5,
BSE,2025-10-20,TARGET_HIT,2025-10-20,2491.89990234375,
BSL,2025-10-20,TARGET_HIT,2025-10-20,182.17999267578125,
CANFINHOME,2025-10-20,TARGET_HIT,2025-10-20,843.6500244140625,
CARRARO,2025-10-20,TARGET_HIT,2025-10-20,506.1000061035156,
CARTRADE,2025-10-20,TARGET_HIT,2025-10-20,2480.800048828125,
CEATLTD,2025-10-20,TARGET_HIT,2025-10-20,4092.89990234375,
CENTRALBK,2025-10-20,TARGET_HIT,2025-10-20,39.0099983215332,
CEREBRAINT,2025-10-20,TARGET_HIT,2025-10-20,9.350000381469728,
CESC,2025-10-20,TARGET_HIT,2025-10-20,174.6999969482422,
CGCL,2025-10-20,TARGET_HIT,2025-10-20,190.3500061035156,
CHOLAFIN,2025-10-20,TARGET_HIT,2025-10-20,1669.199951171875,
CIEINDIA,2025-10-20,TARGET_HIT,2025-10-20,437.25,
CINEVISTA,2025-10-20,TARGET_HIT,2025-10-20,19.0,
CIPLA,2025-10-20,TARGET_HIT,2025-10-20,1628.5,
COASTCORP,2025-10-20,TARGET_HIT,2025-10-20,37.09999847412109,
CREATIVEYE,2025-10-20,TARGET_HIT,2025-10-20,7.590000152587891,
CRIZAC,2025-10-20,TARGET_HIT,2025-10-20,318.5,
CSBBANK,2025-10-20,TARGET_HIT,2025-10-20,420.7000122070313,
CTE,2025-10-20,TARGET_HIT,2025-10-20,50.959999084472656,
CUB,2025-10-20,TARGET_HIT,2025-10-20,230.77999877929688,
CUMMINSIND,2025-10-20,TARGET_HIT,2025-10-20,4024.10009765625,
CUPID,2025-10-20,TARGET_HIT,2025-10-20,251.4900054931641,
DANGEE,2025-10-20,TARGET_HIT,2025-10-20,4.400000095367432,
DCBBANK,2025-10-20,TARGET_HIT,2025-10-20,145.9199981689453,
DCMSHRIRAM,2025-10-20,TARGET_HIT,2025-10-20,1236.300048828125,
DHANBANK,2025-10-20,TARGET_HIT,2025-10-20,26.32999992370605,
DIAMONDYD,2025-10-20,TARGET_HIT,2025-10-20,1045.0999755859375,
DIVISLAB,2025-10-20,TARGET_HIT,2025-10-20,6594.5,
DYNAMATECH,2025-10-20,TARGET_HIT,2025-10-20,7982.5,
EASTSILK,2025-10-20,TARGET_HIT,2025-10-20,63.540000915527344,
ECLERX,2025-10-20,TARGET_HIT,2025-10-20,4245.7998046875,
EICHERMOT,2025-10-20,TARGET_HIT,2025-10-20,7015.5,
ELDEHSG,2025-10-20,TARGET_HIT,2025-10-20,859.8499755859375,
ENERGYDEV,2025-10-20,TARGET_HIT,2025-10-20,19.950000762939453,
ETERNAL,2025-10-20,TARGET_HIT,2025-10-20,338.3999938964844,
ETHOSLTD,2025-10-20,TARGET_HIT,2025-10-20,2907.89990234375,
FEDERALBNK,2025-10-20,TARGET_HIT,2025-10-20,228.25,
FINOPB,2025-10-20,TARGET_HIT,2025-10-20,327.0,
FIVESTAR,2025-10-20,TARGET_HIT,2025-10-20,535.8499755859375,
FOCUS,2025-10-20,TARGET_HIT,2025-10-20,89.4000015258789,
FORTIS,2025-10-20,TARGET_HIT,2025-10-20,1095.550048828125,
GANGAFORGE,2025-10-20,TARGET_HIT,2025-10-20,3.7100000381469727,
GANGESSECU,2025-10-20,TARGET_HIT,2025-10-20,157.0,
GATEWAY,2025-10-20,TARGET_HIT,2025-10-20,62.720001220703125,
GENESYS,2025-10-20,TARGET_HIT,2025-10-20,554.0499877929688,
GFLLIMITED,2025-10-20,TARGET_HIT,2025-10-20,71.13999938964844,
GHCL,2025-10-20,TARGET_HIT,2025-10-20,651.0999755859375,
GICRE,2025-10-20,TARGET_HIT,2025-10-20,387.5,
GILLANDERS,2025-10-20,TARGET_HIT,2025-10-20,123.9000015258789,
GINNIFILA,2025-10-20,TARGET_HIT,2025-10-20,47.150001525878906,
GKWLIMITED,2025-10-20,TARGET_HIT,2025-10-20,1749.0,
GLFL,2025-10-20,TARGET_HIT,2025-10-20,6.760000228881836,
GLOBALVECT,2025-10-20,TARGET_HIT,2025-10-20,231.1100006103516,
GLOBECIVIL,2025-10-20,TARGET_HIT,2025-10-20,74.68000030517578,
GLOBUSSPR,2025-10-20,TARGET_HIT,2025-10-20,1111.800048828125,
GMBREW,2025-10-20,TARGET_HIT,2025-10-20,1152.6500244140625,
GMMPFAUDLR,2025-10-20,TARGET_HIT,2025-10-20,1152.5999755859375,
GODAVARIB,2025-10-20,TARGET_HIT,2025-10-20,259.04998779296875,
GODIGIT,2025-10-20,TARGET_HIT,2025-10-20,353.45001220703125,
GODREJPROP,2025-10-20,TARGET_HIT,2025-10-20,2285.39990234375,
GOENKA,2025-10-20,TARGET_HIT,2025-10-20,1.2599999904632568,
GRASIM,2025-10-20,TARGET_HIT,2025-10-20,2859.89990234375,
GRPLTD,2025-10-20,TARGET_HIT,2025-10-20,2204.0,
GSLSU,2025-10-20,TARGET_HIT,2025-10-20,105.51000213623048,
GUJRAFFIA,2025-10-20,TARGET_HIT,2025-10-20,71.08000183105469,
GUJTHEM,2025-10-20,TARGET_HIT,2025-10-20,443.0499877929688,
HAL,2025-10-20,TARGET_HIT,2025-10-20,4864.2998046875,
HAVISHA,2025-10-20,TARGET_HIT,2025-10-20,2.140000104904175,
HBLENGINE,2025-10-20,TARGET_HIT,2025-10-20,945.9000244140624,
HCG,2025-10-20,TARGET_HIT,2025-10-20,732.0,
HDFCAMC,2025-10-20,TARGET_HIT,2025-10-20,5734.0,
HDFCBANK,2025-10-20,TARGET_HIT,2025-10-20,1005.1500244140624,
HFCL,2025-10-20,TARGET_HIT,2025-10-20,75.87000274658203,
HINDCOMPOS,2025-10-20,TARGET_HIT,2025-10-20,480.0,
HINDUNILVR,2025-10-20,TARGET_HIT,2025-10-20,2604.199951171875,
HINDWAREAP,2025-10-20,TARGET_HIT,2025-10-20,372.4500122070313,
HSCL,2025-10-20,TARGET_HIT,2025-10-20,460.8500061035156,
HUHTAMAKI,2025-10-20,TARGET_HIT,2025-10-20,262.9700012207031,
HYBRIDFIN,2025-10-20,TARGET_HIT,2025-10-20,27.51000022888184,
ICICIBANK,2025-10-20,TARGET_HIT,2025-10-20,1401.699951171875,
ICICIGI,2025-10-20,TARGET_HIT,2025-10-20,2006.699951171875,
IDBI,2025-10-20,TARGET_HIT,2025-10-20,94.63999938964844,
IDFCFIRSTB,2025-10-20,TARGET_HIT,2025-10-20,76.61000061035156,
IEL,2025-10-20,TARGET_HIT,2025-10-20,19.5,
IFBAGRO,2025-10-20,TARGET_HIT,2025-10-20,1027.949951171875,
IFBIND,2025-10-20,TARGET_HIT,2025-10-20,1780.0,
IIFLCAPS,2025-10-20,TARGET_HIT,2025-10-20,342.0,
INDIAGLYCO,2025-10-20,TARGET_HIT,2025-10-20,994.5999755859376,
INDIANB,2025-10-20,TARGET_HIT,2025-10-20,814.7999877929688,
INDIGO,2025-10-20,TARGET_HIT,2025-10-20,5933.5,
INDOFARM,2025-10-20,TARGET_HIT,2025-10-20,251.8099975585937,
INDORAMA,2025-10-20,TARGET_HIT,2025-10-20,69.5,
INDOTHAI,2025-10-20,TARGET_HIT,2025-10-20,451.9500122070313,
INDUSINDBK,2025-10-20,TARGET_HIT,2025-10-20,765.0,
INFOMEDIA,2025-10-17,TARGET_HIT,2025-10-17,8.050000190734863,
INOXGREEN,2025-10-20,TARGET_HIT,2025-10-20,253.6000061035156,
IOB,2025-10-20,TARGET_HIT,2025-10-20,40.47999954223633,
ITC,2025-10-20,TARGET_HIT,2025-10-20,412.6000061035156,
ITI,2025-10-20,TARGET_HIT,2025-10-20,331.8500061035156,
IXIGO,2025-10-20,TARGET_HIT,2025-10-20,330.3999938964844,
J&KBANK,2025-10-20,TARGET_HIT,2025-10-20,108.2300033569336,
JHS,2025-10-20,TARGET_HIT,2025-10-20,12.880000114440918,
JKTYRE,2025-10-20,TARGET_HIT,2025-10-20,417.5,
JLHL,2025-10-20,TARGET_HIT,2025-10-20,1566.0,
JMFINANCIL,2025-10-20,TARGET_HIT,2025-10-20,174.49000549316406,
JPOLYINVST,2025-10-20,TARGET_HIT,2025-10-20,1021.9500122070312,
JSL,2025-10-20,TARGET_HIT,2025-10-20,791.6500244140625,
JUBLCPL,2025-10-20,TARGET_HIT,2025-10-20,2450.0,
KAJARIACER,2025-10-20,TARGET_HIT,2025-10-20,1232.0999755859375,
KALPATARU,2025-10-20,TARGET_HIT,2025-10-20,392.2999877929688,
KANSAINER,2025-10-20,TARGET_HIT,2025-10-20,252.47999572753903,
KAPSTON,2025-10-20,TARGET_HIT,2025-10-20,249.5,
KARURVYSYA,2025-10-20,TARGET_HIT,2025-10-20,239.27999877929688,
KEEPLEARN,2025-10-20,TARGET_HIT,2025-10-20,2.8499999046325684,
KEI,2025-10-20,TARGET_HIT,2025-10-20,4151.60009765625,
KERNEX,2025-10-20,TARGET_HIT,2025-10-20,1319.5999755859375,
KICL,2025-10-20,TARGET_HIT,2025-10-20,5642.7998046875,
KILITCH,2025-10-20,TARGET_HIT,2025-10-20,368.9500122070313,
KINGFA,2025-10-20,TARGET_HIT,2025-10-20,4601.10009765625,
KOTAKBANK,2025-10-20,TARGET_HIT,2025-10-20,2206.39990234375,
KPIGREEN,2025-10-20,TARGET_HIT,2025-10-20,493.9500122070313,
KPIL,2025-10-20,TARGET_HIT,2025-10-20,1276.5999755859375,
KRISHIVAL,2025-10-20,TARGET_HIT,2025-10-20,489.0,
KSOLVES,2025-10-20,TARGET_HIT,2025-10-20,325.95001220703125,
KTKBANK,2025-10-20,TARGET_HIT,2025-10-20,180.9900054931641,
LATTEYS,2025-10-20,TARGET_HIT,2025-10-20,27.0,
LORDSCHLO,2025-10-20,TARGET_HIT,2025-10-20,221.0,
LT,2025-10-20,TARGET_HIT,2025-10-20,3870.60009765625,
LTF,2025-10-20,TARGET_HIT,2025-10-20,267.5799865722656,
LTIM,2025-10-20,TARGET_HIT,2025-10-20,5624.5,
M&M,2025-10-20,TARGET_HIT,2025-10-20,3607.5,
M&MFIN,2025-10-20,TARGET_HIT,2025-10-20,298.0,
MAHABANK,2025-10-20,TARGET_HIT,2025-10-20,59.709999084472656,
MAHASTEEL,2025-10-20,TARGET_HIT,2025-10-20,569.0,
MAHLIFE,2025-10-20,TARGET_HIT,2025-10-20,385.6499938964844,
MAHLOG,2025-10-20,TARGET_HIT,2025-10-20,364.3999938964844,
MANAKCOAT,2025-10-20,TARGET_HIT,2025-10-20,152.82000732421875,
MANALIPETC,2025-10-20,TARGET_HIT,2025-10-20,71.01000213623047,
MANGLMCEM,2025-10-20,TARGET_HIT,2025-10-20,748.9000244140625,
MANOMAY,2025-10-20,TARGET_HIT,2025-10-20,204.9199981689453,
MANORAMA,2025-10-20,TARGET_HIT,2025-10-20,1474.0999755859375,
MARICO,2025-10-20,TARGET_HIT,2025-10-20,728.9500122070312,
MARINE,2025-10-20,TARGET_HIT,2025-10-20,224.5399932861328,
MARUTI,2025-10-20,TARGET_HIT,2025-10-20,16421.0,
MASKINVEST,2025-10-20,TARGET_HIT,2025-10-20,204.0,
MAXHEALTH,2025-10-20,TARGET_HIT,2025-10-20,1206.800048828125,
MAXIND,2025-10-20,TARGET_HIT,2025-10-20,223.77999877929688,
MBEL,2025-10-20,TARGET_HIT,2025-10-20,439.1499938964844,
MCLEODRUSS,2025-10-20,TARGET_HIT,2025-10-20,60.900001525878906,
MCX,2025-10-20,TARGET_HIT,2025-10-20,9126.5,
MEDANTA,2025-10-20,TARGET_HIT,2025-10-20,1393.0,
MEDIASSIST,2025-10-20,TARGET_HIT,2025-10-20,544.9000244140625,
MEGASTAR,2025-10-20,TARGET_HIT,2025-10-20,226.0,
MEP,2025-10-20,TARGET_HIT,2025-10-20,2.319999933242798,
MINDTECK,2025-10-20,TARGET_HIT,2025-10-20,294.9800109863281,
MOLDTECH,2025-10-20,TARGET_HIT,2025-10-20,198.33999633789065,
MONTECARLO,2025-10-20,TARGET_HIT,2025-10-20,698.7000122070312,
MOTILALOFS,2025-10-20,TARGET_HIT,2025-10-20,1018.2000122070312,
MPSLTD,2025-10-20,TARGET_HIT,2025-10-20,2319.0,
MRPL,2025-10-20,TARGET_HIT,2025-10-20,150.17999267578125,
MTARTECH,2025-10-20,TARGET_HIT,2025-10-20,2201.199951171875,
MTEDUCARE,2025-10-20,TARGET_HIT,2025-10-20,2.180000066757202,
MUFIN,2025-10-20,TARGET_HIT,2025-10-20,98.91999816894533,
MUTHOOTFIN,2025-10-20,TARGET_HIT,2025-10-20,3307.5,
NAHARINDUS,2025-10-20,TARGET_HIT,2025-10-20,115.5,
NAM-INDIA,2025-10-20,TARGET_HIT,2025-10-20,941.0999755859376,
NAVINFLUOR,2025-10-20,TARGET_HIT,2025-10-20,5140.7001953125,
NDGL,2025-10-20,TARGET_HIT,2025-10-20,3920.0,
NESTLEIND,2025-10-20,TARGET_HIT,2025-10-20,1285.300048828125,
NOIDATOLL,2025-10-20,TARGET_HIT,2025-10-20,4.429999828338623,
NPST,2025-10-20,TARGET_HIT,2025-10-20,1943.300048828125,
NRAIL,2025-10-20,TARGET_HIT,2025-10-20,464.4500122070313,
NSIL,2025-10-20,TARGET_HIT,2025-10-20,8295.0,
NURECA,2025-10-20,TARGET_HIT,2025-10-20,328.5400085449219,
OAL,2025-10-20,TARGET_HIT,2025-10-20,339.45001220703125,
OBEROIRLTY,2025-10-20,TARGET_HIT,2025-10-20,1687.0999755859375,
ONMOBILE,2025-10-20,TARGET_HIT,2025-10-20,70.37999725341797,
ONWARDTEC,2025-10-20,TARGET_HIT,2025-10-20,308.3999938964844,
ORCHASP,2025-10-20,TARGET_HIT,2025-10-20,3.7699999809265137,
ORIENTLTD,2025-10-20,TARGET_HIT,2025-10-20,92.9499969482422,
ORTEL,2025-10-20,TARGET_HIT,2025-10-20,1.950000047683716,
ORTINGLOBE,2025-10-20,TARGET_HIT,2025-10-20,11.989999771118164,
PALASHSECU,2025-10-20,TARGET_HIT,2025-10-20,119.75,
PANACEABIO,2025-10-20,TARGET_HIT,2025-10-20,434.3999938964844,
PARAGMILK,2025-10-20,TARGET_HIT,2025-10-20,301.6000061035156,
PARSVNATH,2025-10-20,TARGET_HIT,2025-10-20,16.25,
PASHUPATI,2025-10-20,TARGET_HIT,2025-10-20,755.75,
PAYTM,2025-10-20,TARGET_HIT,2025-10-20,1296.300048828125,
PERSISTENT,2025-10-20,TARGET_HIT,2025-10-20,5849.39990234375,
PGHL,2025-10-20,TARGET_HIT,2025-10-20,6249.0,
PHOENIXLTD,2025-10-20,TARGET_HIT,2025-10-20,1667.4000244140625,
PIDILITIND,2025-10-20,TARGET_HIT,2025-10-20,1534.0,
PILANIINVS,2025-10-20,TARGET_HIT,2025-10-20,5839.5,
PNB,2025-10-20,TARGET_HIT,2025-10-20,119.08000183105467,
POCL,2025-10-20,TARGET_HIT,2025-10-20,1401.5,
PPAP,2025-10-20,TARGET_HIT,2025-10-20,261.0,
PREMIER,2025-10-20,TARGET_HIT,2025-10-20,3.7100000381469727,
PREMIERENE,2025-10-20,TARGET_HIT,2025-10-20,1041.0,
PRESTIGE,2025-10-20,TARGET_HIT,2025-10-20,1716.9000244140625,
PRITI,2025-10-20,TARGET_HIT,2025-10-20,78.9000015258789,
PRIVISCL,2025-10-20,TARGET_HIT,2025-10-20,2875.0,
PSB,2025-10-20,TARGET_HIT,2025-10-20,31.170000076293945,
PTCIL,2025-10-20,TARGET_HIT,2025-10-20,17004.0,
PTL,2025-10-20,TARGET_HIT,2025-10-20,40.0099983215332,
PUNJABCHEM,2025-10-20,TARGET_HIT,2025-10-20,1352.0,
PVSL,2025-10-20,TARGET_HIT,2025-10-20,145.32000732421875,
QUICKHEAL,2025-10-20,TARGET_HIT,2025-10-20,325.1499938964844,
RACE,2025-10-20,TARGET_HIT,2025-10-20,229.0,
RADICO,2025-10-20,TARGET_HIT,2025-10-20,3231.699951171875,
RAJRATAN,2025-10-20,TARGET_HIT,2025-10-20,365.0,
RAMAPHO,2025-10-20,TARGET_HIT,2025-10-20,161.5500030517578,
RAMCOSYS,2025-10-20,TARGET_HIT,2025-10-20,570.9500122070312,
RBLBANK,2025-10-20,TARGET_HIT,2025-10-20,324.95001220703125,
REGENCERAM,2025-10-20,TARGET_HIT,2025-10-20,45.47999954223633,
RELIABLE,2025-10-20,TARGET_HIT,2025-10-20,136.47999572753906,
RELIANCE,2025-10-20,TARGET_HIT,2025-10-20,1467.800048828125,
REPCOHOME,2025-10-20,TARGET_HIT,2025-10-20,403.5499877929688,
ROSSARI,2025-10-20,TARGET_HIT,2025-10-20,659.0999755859375,
SALASAR,2025-10-20,TARGET_HIT,2025-10-20,9.350000381469728,
SALONA,2025-10-20,TARGET_HIT,2025-10-20,272.0,
SALSTEEL,2025-10-20,TARGET_HIT,2025-10-20,32.34000015258789,
SAMBHAAV,2025-10-20,TARGET_HIT,2025-10-20,8.34000015258789,
SAMMAANCAP,2025-10-20,TARGET_HIT,2025-10-20,170.9499969482422,
SAMPANN,2025-10-20,TARGET_HIT,2025-10-20,32.5,
SANDHAR,2025-10-20,TARGET_HIT,2025-10-20,515.0,
SANDUMA,2025-10-20,TARGET_HIT,2025-10-20,223.009994506836,
SANGINITA,2025-10-20,TARGET_HIT,2025-10-20,10.539999961853027,
SBC,2025-10-20,TARGET_HIT,2025-10-20,23.299999237060547,
SBFC,2025-10-20,TARGET_HIT,2025-10-20,111.30999755859376,
SBGLP,2025-10-20,TARGET_HIT,2025-10-20,35.5,
SBICARD,2025-10-20,TARGET_HIT,2025-10-20,937.8499755859376,
SBIN,2025-10-20,TARGET_HIT,2025-10-20,907.1500244140624,
SCI,2025-10-20,TARGET_HIT,2025-10-20,226.3999938964844,
SELMC,2025-10-20,TARGET_HIT,2025-10-20,39.34000015258789,
SENORES,2025-10-20,TARGET_HIT,2025-10-20,728.2999877929688,
SGFIN,2025-10-20,TARGET_HIT,2025-10-20,373.1499938964844,
SHAH,2025-10-20,TARGET_HIT,2025-10-20,4.260000228881836,
SHALPAINTS,2025-10-20,TARGET_HIT,2025-10-20,81.5,
SHAREINDIA,2025-10-20,TARGET_HIT,2025-10-20,204.13999938964844,
SHREDIGCEM,2025-10-20,TARGET_HIT,2025-10-20,89.97000122070312,
SHRIRAMFIN,2025-10-20,TARGET_HIT,2025-10-20,696.2000122070312,
SIGIND,2025-10-20,TARGET_HIT,2025-10-20,59.79999923706055,
SIKKO,2025-10-20,TARGET_HIT,2025-10-20,99.81999969482422,
SIL,2025-10-20,TARGET_HIT,2025-10-20,19.07999992370605,
SILINV,2025-10-20,TARGET_HIT,2025-10-20,682.25,
SILLYMONKS,2025-10-20,TARGET_HIT,2025-10-20,18.11000061035156,
SIRCA,2025-10-20,TARGET_HIT,2025-10-20,490.4500122070313,
SJS,2025-10-20,TARGET_HIT,2025-10-20,1522.5,
SKMEGGPROD,2025-10-20,TARGET_HIT,2025-10-20,347.29998779296875,
SKYGOLD,2025-10-20,TARGET_HIT,2025-10-20,356.20001220703125,
SOMATEX,2025-10-20,TARGET_HIT,2025-10-20,93.5,
SONACOMS,2025-10-20,TARGET_HIT,2025-10-20,460.1499938964844,
SOUTHBANK,2025-10-20,TARGET_HIT,2025-10-20,38.2400016784668,
SOUTHWEST,2025-10-20,TARGET_HIT,2025-10-20,131.4499969482422,
SPCENET,2025-10-20,TARGET_HIT,2025-10-20,9.68000030517578,
SPECTRUM,2025-10-20,TARGET_HIT,2025-10-20,1324.5999755859375,
SRF,2025-10-20,TARGET_HIT,2025-10-20,3194.699951171875,
STALLION,2025-10-20,TARGET_HIT,2025-10-20,374.0,
STARHEALTH,2025-10-20,TARGET_HIT,2025-10-20,493.2000122070313,
STOVEKRAFT,2025-10-20,TARGET_HIT,2025-10-20,701.4500122070312,
SUBEXLTD,2025-10-20,TARGET_HIT,2025-10-20,13.380000114440918,
SUMMITSEC,2025-10-20,TARGET_HIT,2025-10-20,2307.89990234375,
SUNPHARMA,2025-10-20,TARGET_HIT,2025-10-20,1690.199951171875,
SUNTECK,2025-10-20,TARGET_HIT,2025-10-20,434.7000122070313,
SUPRIYA,2025-10-20,TARGET_HIT,2025-10-20,753.3499755859375,
SUTLEJTEX,2025-10-20,TARGET_HIT,2025-10-20,34.2400016784668,
SVLL,2025-10-20,TARGET_HIT,2025-10-20,807.0,
SWIGGY,2025-10-20,TARGET_HIT,2025-10-20,420.7999877929688,
TAKE,2025-10-20,TARGET_HIT,2025-10-20,21.56999969482422,
TARAPUR,2025-10-20,TARGET_HIT,2025-10-20,36.45000076293945,
TATACOMM,2025-10-20,TARGET_HIT,2025-10-20,1916.300048828125,
TATACONSUM,2025-10-20,TARGET_HIT,2025-10-20,1171.5,
TATAPOWER,2025-10-20,TARGET_HIT,2025-10-20,399.8500061035156,
TATVA,2025-10-20,TARGET_HIT,2025-10-20,1365.0,
TBZ,2025-10-20,TARGET_HIT,2025-10-20,184.8000030517578,
TCPLPACK,2025-10-20,TARGET_HIT,2025-10-20,3515.60009765625,
TDPOWERSYS,2025-10-20,TARGET_HIT,2025-10-20,645.5999755859375,
TEXMOPIPES,2025-10-20,TARGET_HIT,2025-10-20,55.52999877929688,
THYROCARE,2025-10-20,TARGET_HIT,2025-10-20,1247.300048828125,
TI,2025-10-20,TARGET_HIT,2025-10-20,475.7999877929688,
TITAN,2025-10-20,TARGET_HIT,2025-10-20,3714.10009765625,
TMB,2025-10-20,TARGET_HIT,2025-10-20,445.5,
TOKYOPLAST,2025-10-20,TARGET_HIT,2025-10-20,126.0500030517578,
TORNTPOWER,2025-10-20,TARGET_HIT,2025-10-20,1309.4000244140625,
TRACXN,2025-10-20,TARGET_HIT,2025-10-20,53.34000015258789,
TREJHARA,2025-10-20,TARGET_HIT,2025-10-20,213.1600036621093,
TVSHLTD,2025-10-20,TARGET_HIT,2025-10-20,14830.0,
TVSMOTOR,2025-10-20,TARGET_HIT,2025-10-20,3642.0,
TVSSRICHAK,2025-10-20,TARGET_HIT,2025-10-20,4084.199951171875,
UCOBANK,2025-10-20,TARGET_HIT,2025-10-20,32.189998626708984,
UJJIVANSFB,2025-10-20,TARGET_HIT,2025-10-20,51.36000061035156,
UMAEXPORTS,2025-10-20,TARGET_HIT,2025-10-20,48.56999969482422,
UMESLTD,2025-10-20,TARGET_HIT,2025-10-20,5.71999979019165,
UMIYA-MRO,2025-10-20,TARGET_HIT,2025-10-20,105.5999984741211,
UNIONBANK,2025-10-20,TARGET_HIT,2025-10-20,142.3000030517578,
UNIPARTS,2025-10-20,TARGET_HIT,2025-10-20,529.0499877929688,
UNIVPHOTO,2025-10-20,TARGET_HIT,2025-10-20,269.0,
VASWANI,2025-10-20,TARGET_HIT,2025-10-20,58.56999969482422,
VHL,2025-10-20,TARGET_HIT,2025-10-20,4083.89990234375,
VHLTD,2025-10-20,TARGET_HIT,2025-10-20,127.8000030517578,
VINNY,2025-10-20,TARGET_HIT,2025-10-20,1.25,
VISASTEEL,2025-10-20,TARGET_HIT,2025-10-20,64.19999694824219,
VOLTAS,2025-10-20,TARGET_HIT,2025-10-20,1445.0,
WAAREEENER,2025-10-20,TARGET_HIT,2025-10-20,3512.0,
WAAREERTL,2025-10-20,TARGET_HIT,2025-10-20,1230.5,
WELINV,2025-10-20,TARGET_HIT,2025-10-20,1171.5,
WELSPUNLIV,2025-10-20,TARGET_HIT,2025-10-20,120.91000366210938,
WEWIN,2025-10-20,TARGET_HIT,2025-10-20,63.4900016784668,
WHIRLPOOL,2025-10-20,TARGET_HIT,2025-10-20,1350.0,
WSI,2025-10-20,TARGET_HIT,2025-10-20,79.4000015258789,
XELPMOC,2025-10-20,TARGET_HIT,2025-10-20,135.6699981689453,
YATRA,2025-10-20,TARGET_HIT,2025-10-20,162.94000244140625,
ZOTA,2025-10-20,TARGET_HIT,2025-10-20,1567.300048828125,
360ONE,2025-10-20,TARGET_HIT,2025-10-20,1187.4000244140625,
AADHARHFC,2025-10-20,TARGET_HIT,2025-10-20,519.0,
AAREYDRUGS,2025-10-20,TARGET_HIT,2025-10-20,86.13999938964844,
AARTECH,2025-10-20,TARGET_HIT,2025-10-20,59.09999847412109,
ABDL,2025-10-20,TARGET_HIT,2025-10-20,584.5,
ABINFRA,2025-10-20,TARGET_HIT,2025-10-20,18.63999938964844,
ABSLAMC,2025-10-20,TARGET_HIT,2025-10-20,863.25,
ACEINTEG,2025-10-20,TARGET_HIT,2025-10-20,24.959999084472656,
ACUTAAS,2025-10-20,TARGET_HIT,2025-10-20,1637.0999755859375,
ADANIPORTS,2025-10-20,TARGET_HIT,2025-10-20,1468.5999755859375,
ADANIPOWER,2025-10-20,TARGET_HIT,2025-10-20,170.35000610351562,
ADOR,2025-10-20,TARGET_HIT,2025-10-20,1153.0,
ADROITINFO,2025-10-20,TARGET_HIT,2025-10-20,11.630000114440918,
AETHER,2025-10-20,TARGET_HIT,2025-10-20,746.25,
AFFORDABLE,2025-10-20,TARGET_HIT,2025-10-20,268.69000244140625,
AGARWALEYE,2025-10-20,TARGET_HIT,2025-10-20,542.0499877929688,
AIAENG,2025-10-20,TARGET_HIT,2025-10-20,3314.199951171875,
ALBERTDAVD,2025-10-20,TARGET_HIT,2025-10-20,793.2999877929688,
ALKEM,2025-10-20,TARGET_HIT,2025-10-20,5560.0,
ALLCARGO,2025-10-20,TARGET_HIT,2025-10-20,33.61000061035156,
ALLTIME,2025-10-20,TARGET_HIT,2025-10-20,285.5,
ANANDRATHI,2025-10-20,TARGET_HIT,2025-10-20,3184.300048828125,
ANGELONE,2025-10-20,TARGET_HIT,2025-10-20,2509.60009765625,
ANIKINDS,2025-10-20,TARGET_HIT,2025-10-20,79.44000244140625,
APOLLOHOSP,2025-10-20,TARGET_HIT,2025-10-20,8009.5,
APOLLOTYRE,2025-10-20,TARGET_HIT,2025-10-20,509.7000122070313,
ARENTERP,2025-10-20,TARGET_HIT,2025-10-20,45.66999816894531,
ARFIN,2025-10-20,TARGET_HIT,2025-10-20,51.20000076293945,
ARISINFRA,2025-10-20,TARGET_HIT,2025-10-20,169.60000610351562,
ARTEMISMED,2025-10-20,TARGET_HIT,2025-10-20,240.08999633789065,
ARTNIRMAN,2025-10-20,TARGET_HIT,2025-10-20,50.90999984741211,
ASAHIINDIA,2025-10-20,TARGET_HIT,2025-10-20,927.9500122070312,
ASALCBR,2025-10-20,TARGET_HIT,2025-10-20,1028.949951171875,
ASIANHOTNR,2025-10-20,TARGET_HIT,2025-10-20,336.75,
ASIANPAINT,2025-10-20,TARGET_HIT,2025-10-20,2518.60009765625,
ASIANTILES,2025-10-20,TARGET_HIT,2025-10-20,63.150001525878906,
ATALREAL,2025-10-20,TARGET_HIT,2025-10-20,24.07999992370605,
ATHERENERG,2025-10-20,TARGET_HIT,2025-10-20,707.4000244140625,
AUBANK,2025-10-20,TARGET_HIT,2025-10-20,865.75,
AURUM,2025-10-20,TARGET_HIT,2025-10-20,180.97999572753903,
AUSOMENT,2025-10-20,TARGET_HIT,2025-10-20,103.9000015258789,
AXISBANK,2025-10-20,TARGET_HIT,2025-10-20,1229.5999755859375,
AXITA,2025-10-20,TARGET_HIT,2025-10-20,8.460000038146973,
BAJAJCON,2025-10-20,TARGET_HIT,2025-10-20,268.42999267578125,
BAJAJFINSV,2025-10-20,TARGET_HIT,2025-10-20,2146.0,
BAJFINANCE,2025-10-20,TARGET_HIT,2025-10-20,1084.449951171875,
BANKA,2025-10-20,TARGET_HIT,2025-10-20,88.05999755859375,
BANKINDIA,2025-10-20,TARGET_HIT,2025-10-20,129.80999755859375,
BBTC,2025-10-20,TARGET_HIT,2025-10-20,2041.0,
BECTORFOOD,2025-10-20,TARGET_HIT,2025-10-20,1316.5,
BEL,2025-10-20,TARGET_HIT,2025-10-20,416.75,
BELLACASA,2025-10-20,TARGET_HIT,2025-10-20,460.4500122070313,
BEML,2025-10-20,TARGET_HIT,2025-10-20,4348.7998046875,
BERGEPAINT,2025-10-20,TARGET_HIT,2025-10-20,541.5499877929688,
BFINVEST,2025-10-20,TARGET_HIT,2025-10-20,484.0,
BGRENERGY,2025-10-20,TARGET_HIT,2025-10-20,423.989990234375,
BHAGERIA,2025-10-20,TARGET_HIT,2025-10-20,192.009994506836,
BHARATFORG,2025-10-20,TARGET_HIT,2025-10-20,1246.0,
BHARATSE,2025-10-20,TARGET_HIT,2025-10-20,226.4499969482422,
BHARATWIRE,2025-10-20,TARGET_HIT,2025-10-20,173.1999969482422,
BHARTIARTL,2025-10-20,TARGET_HIT,2025-10-20,2051.0,
BHARTIHEXA,2025-10-20,TARGET_HIT,2025-10-20,1803.5999755859373,
BORANA,2025-10-20,TARGET_HIT,2025-10-20,220.58999633789065,
BORORENEW,2025-10-20,TARGET_HIT,2025-10-20,665.75,
BOSCHLTD,2025-10-20,TARGET_HIT,2025-10-20,39320.0,
BRIGADE,2025-10-20,TARGET_HIT,2025-10-20,984.2999877929688,
BRITANNIA,2025-10-20,TARGET_HIT,2025-10-20,6112.5,
BSE,2025-10-20,TARGET_HIT,2025-10-20,2491.89990234375,
BSL,2025-10-20,TARGET_HIT,2025-10-20,182.17999267578125,
CANFINHOME,2025-10-20,TARGET_HIT,2025-10-20,843.6500244140625,
CARRARO,2025-10-20,TARGET_HIT,2025-10-20,506.1000061035156,
CARTRADE,2025-10-20,TARGET_HIT,2025-10-20,2480.800048828125,
CEATLTD,2025-10-20,TARGET_HIT,2025-10-20,4092.89990234375,
CENTRALBK,2025-10-20,TARGET_HIT,2025-10-20,39.0099983215332,
CEREBRAINT,2025-10-20,TARGET_HIT,2025-10-20,9.350000381469728,
CESC,2025-10-20,TARGET_HIT,2025-10-20,174.6999969482422,
CGCL,2025-10-20,TARGET_HIT,2025-10-20,190.3500061035156,
CHOLAFIN,2025-10-20,TARGET_HIT,2025-10-20,1669.199951171875,
CIEINDIA,2025-10-20,TARGET_HIT,2025-10-20,437.25,
CINEVISTA,2025-10-20,TARGET_HIT,2025-10-20,19.0,
CIPLA,2025-10-20,TARGET_HIT,2025-10-20,1628.5,
COASTCORP,2025-10-20,TARGET_HIT,2025-10-20,37.09999847412109,
CREATIVEYE,2025-10-20,TARGET_HIT,2025-10-20,7.590000152587891,
CRIZAC,2025-10-20,TARGET_HIT,2025-10-20,318.5,
CSBBANK,2025-10-20,TARGET_HIT,2025-10-20,420.7000122070313,
CTE,2025-10-20,TARGET_HIT,2025-10-20,50.959999084472656,
CUB,2025-10-20,TARGET_HIT,2025-10-20,230.77999877929688,
CUMMINSIND,2025-10-20,TARGET_HIT,2025-10-20,4024.10009765625,
CUPID,2025-10-20,TARGET_HIT,2025-10-20,251.4900054931641,
DANGEE,2025-10-20,TARGET_HIT,2025-10-20,4.400000095367432,
DCBBANK,2025-10-20,TARGET_HIT,2025-10-20,145.9199981689453,
DCMSHRIRAM,2025-10-20,TARGET_HIT,2025-10-20,1236.300048828125,
DHANBANK,2025-10-20,TARGET_HIT,2025-10-20,26.32999992370605,
DIAMONDYD,2025-10-20,TARGET_HIT,2025-10-20,1045.0999755859375,
DIVISLAB,2025-10-20,TARGET_HIT,2025-10-20,6594.5,
DYNAMATECH,2025-10-20,TARGET_HIT,2025-10-20,7982.5,
EASTSILK,2025-10-20,TARGET_HIT,2025-10-20,63.540000915527344,
ECLERX,2025-10-20,TARGET_HIT,2025-10-20,4245.7998046875,
EICHERMOT,2025-10-20,TARGET_HIT,2025-10-20,7015.5,
ELDEHSG,2025-10-20,TARGET_HIT,2025-10-20,859.8499755859375,
ENERGYDEV,2025-10-20,TARGET_HIT,2025-10-20,19.950000762939453,
ETERNAL,2025-10-20,TARGET_HIT,2025-10-20,338.3999938964844,
ETHOSLTD,2025-10-20,TARGET_HIT,2025-10-20,2907.89990234375,
FEDERALBNK,2025-10-20,TARGET_HIT,2025-10-20,228.25,
FINOPB,2025-10-20,TARGET_HIT,2025-10-20,327.0,
FIVESTAR,2025-10-20,TARGET_HIT,2025-10-20,535.8499755859375,
FOCUS,2025-10-20,TARGET_HIT,2025-10-20,89.4000015258789,
FORTIS,2025-10-20,TARGET_HIT,2025-10-20,1095.550048828125,
GANGAFORGE,2025-10-20,TARGET_HIT,2025-10-20,3.7100000381469727,
GANGESSECU,2025-10-20,TARGET_HIT,2025-10-20,157.0,
GATEWAY,2025-10-20,TARGET_HIT,2025-10-20,62.720001220703125,
GENESYS,2025-10-20,TARGET_HIT,2025-10-20,554.0499877929688,
GFLLIMITED,2025-10-20,TARGET_HIT,2025-10-20,71.13999938964844,
GHCL,2025-10-20,TARGET_HIT,2025-10-20,651.0999755859375,
GICRE,2025-10-20,TARGET_HIT,2025-10-20,387.5,
GILLANDERS,2025-10-20,TARGET_HIT,2025-10-20,123.9000015258789,
GINNIFILA,2025-10-20,TARGET_HIT,2025-10-20,47.150001525878906,
GKWLIMITED,2025-10-20,TARGET_HIT,2025-10-20,1749.0,
GLFL,2025-10-20,TARGET_HIT,2025-10-20,6.760000228881836,
GLOBALVECT,2025-10-20,TARGET_HIT,2025-10-20,231.1100006103516,
GLOBECIVIL,2025-10-20,TARGET_HIT,2025-10-20,74.68000030517578,
GLOBUSSPR,2025-10-20,TARGET_HIT,2025-10-20,1111.800048828125,
GMBREW,2025-10-20,TARGET_HIT,2025-10-20,1152.6500244140625,
GMMPFAUDLR,2025-10-20,TARGET_HIT,2025-10-20,1152.5999755859375,
GODAVARIB,2025-10-20,TARGET_HIT,2025-10-20,259.04998779296875,
GODIGIT,2025-10-20,TARGET_HIT,2025-10-20,353.45001220703125,
GODREJPROP,2025-10-20,TARGET_HIT,2025-10-20,2285.39990234375,
GOENKA,2025-10-20,TARGET_HIT,2025-10-20,1.2599999904632568,
GRASIM,2025-10-20,TARGET_HIT,2025-10-20,2859.89990234375,
GRPLTD,2025-10-20,TARGET_HIT,2025-10-20,2204.0,
GSLSU,2025-10-20,TARGET_HIT,2025-10-20,105.51000213623048,
GUJRAFFIA,2025-10-20,TARGET_HIT,2025-10-20,71.08000183105469,
GUJTHEM,2025-10-20,TARGET_HIT,2025-10-20,443.0499877929688,
HAL,2025-10-20,TARGET_HIT,2025-10-20,4864.2998046875,
HAVISHA,2025-10-20,TARGET_HIT,2025-10-20,2.140000104904175,
HBLENGINE,2025-10-20,TARGET_HIT,2025-10-20,945.9000244140624,
HCG,2025-10-20,TARGET_HIT,2025-10-20,732.0,
HDFCAMC,2025-10-20,TARGET_HIT,2025-10-20,5734.0,
HDFCBANK,2025-10-20,TARGET_HIT,2025-10-20,1005.1500244140624,
HFCL,2025-10-20,TARGET_HIT,2025-10-20,75.87000274658203,
HINDCOMPOS,2025-10-20,TARGET_HIT,2025-10-20,480.0,
HINDUNILVR,2025-10-20,TARGET_HIT,2025-10-20,2604.199951171875,
HINDWAREAP,2025-10-20,TARGET_HIT,2025-10-20,372.4500122070313,
HSCL,2025-10-20,TARGET_HIT,2025-10-20,460.8500061035156,
HUHTAMAKI,2025-10-20,TARGET_HIT,2025-10-20,262.9700012207031,
HYBRIDFIN,2025-10-20,TARGET_HIT,2025-10-20,27.51000022888184,
ICICIBANK,2025-10-20,TARGET_HIT,2025-10-20,1401.699951171875,
ICICIGI,2025-10-20,TARGET_HIT,2025-10-20,2006.699951171875,
IDBI,2025-10-20,TARGET_HIT,2025-10-20,94.63999938964844,
IDFCFIRSTB,2025-10-20,TARGET_HIT,2025-10-20,76.61000061035156,
IEL,2025-10-20,TARGET_HIT,2025-10-20,19.5,
IFBAGRO,2025-10-20,TARGET_HIT,2025-10-20,1027.949951171875,
IFBIND,2025-10-20,TARGET_HIT,2025-10-20,1780.0,
IIFLCAPS,2025-10-20,TARGET_HIT,2025-10-20,342.0,
INDIAGLYCO,2025-10-20,TARGET_HIT,2025-10-20,994.5999755859376,
INDIANB,2025-10-20,TARGET_HIT,2025-10-20,814.7999877929688,
INDIGO,2025-10-20,TARGET_HIT,2025-10-20,5933.5,
INDOFARM,2025-10-20,TARGET_HIT,2025-10-20,251.8099975585937,
INDORAMA,2025-10-20,TARGET_HIT,2025-10-20,69.5,
INDOTHAI,2025-10-20,TARGET_HIT,2025-10-20,451.9500122070313,
INDUSINDBK,2025-10-20,TARGET_HIT,2025-10-20,765.0,
INFOMEDIA,2025-10-20,TARGET_HIT,2025-10-20,8.050000190734863,
INOXGREEN,2025-10-20,TARGET_HIT,2025-10-20,253.6000061035156,
IOB,2025-10-20,TARGET_HIT,2025-10-20,40.47999954223633,
ITC,2025-10-20,TARGET_HIT,2025-10-20,412.6000061035156,
ITI,2025-10-20,TARGET_HIT,2025-10-20,331.8500061035156,
IXIGO,2025-10-20,TARGET_HIT,2025-10-20,330.3999938964844,
J&KBANK,2025-10-20,TARGET_HIT,2025-10-20,108.2300033569336,
JHS,2025-10-20,TARGET_HIT,2025-10-20,12.880000114440918,
JKTYRE,2025-10-20,TARGET_HIT,2025-10-20,417.5,
JLHL,2025-10-20,TARGET_HIT,2025-10-20,1566.0,
JMFINANCIL,2025-10-20,TARGET_HIT,2025-10-20,174.49000549316406,
JPOLYINVST,2025-10-20,TARGET_HIT,2025-10-20,1021.9500122070312,
JSL,2025-10-20,TARGET_HIT,2025-10-20,791.6500244140625,
JUBLCPL,2025-10-20,TARGET_HIT,2025-10-20,2450.0,
KAJARIACER,2025-10-20,TARGET_HIT,2025-10-20,1232.0999755859375,
KALPATARU,2025-10-20,TARGET_HIT,2025-10-20,392.2999877929688,
KANSAINER,2025-10-20,TARGET_HIT,2025-10-20,252.47999572753903,
KAPSTON,2025-10-20,TARGET_HIT,2025-10-20,249.5,
KARURVYSYA,2025-10-20,TARGET_HIT,2025-10-20,239.27999877929688,
KEEPLEARN,2025-10-20,TARGET_HIT,2025-10-20,2.8499999046325684,
KEI,2025-10-20,TARGET_HIT,2025-10-20,4151.60009765625,
KERNEX,2025-10-20,TARGET_HIT,2025-10-20,1319.5999755859375,
KICL,2025-10-20,TARGET_HIT,2025-10-20,5642.7998046875,
KILITCH,2025-10-20,TARGET_HIT,2025-10-20,368.9500122070313,
KINGFA,2025-10-20,TARGET_HIT,2025-10-20,4601.10009765625,
KOTAKBANK,2025-10-20,TARGET_HIT,2025-10-20,2206.39990234375,
KPIGREEN,2025-10-20,TARGET_HIT,2025-10-20,493.9500122070313,
KPIL,2025-10-20,TARGET_HIT,2025-10-20,1276.5999755859375,
KRISHIVAL,2025-10-20,TARGET_HIT,2025-10-20,489.0,
KSOLVES,2025-10-20,TARGET_HIT,2025-10-20,325.95001220703125,
KTKBANK,2025-10-20,TARGET_HIT,2025-10-20,180.9900054931641,
LATTEYS,2025-10-20,TARGET_HIT,2025-10-20,27.0,
LORDSCHLO,2025-10-20,TARGET_HIT,2025-10-20,221.0,
LT,2025-10-20,TARGET_HIT,2025-10-20,3870.60009765625,
LTF,2025-10-20,TARGET_HIT,2025-10-20,267.5799865722656,
LTIM,2025-10-20,TARGET_HIT,2025-10-20,5624.5,
M&M,2025-10-20,TARGET_HIT,2025-10-20,3607.5,
M&MFIN,2025-10-20,TARGET_HIT,2025-10-20,298.0,
MAHABANK,2025-10-20,TARGET_HIT,2025-10-20,59.709999084472656,
MAHASTEEL,2025-10-20,TARGET_HIT,2025-10-20,569.0,
MAHLIFE,2025-10-20,TARGET_HIT,2025-10-20,385.6499938964844,
MAHLOG,2025-10-20,TARGET_HIT,2025-10-20,364.3999938964844,
MANAKCOAT,2025-10-20,TARGET_HIT,2025-10-20,152.82000732421875,
MANALIPETC,2025-10-20,TARGET_HIT,2025-10-20,71.01000213623047,
MANGLMCEM,2025-10-20,TARGET_HIT,2025-10-20,748.9000244140625,
MANOMAY,2025-10-20,TARGET_HIT,2025-10-20,204.9199981689453,
MANORAMA,2025-10-20,TARGET_HIT,2025-10-20,1474.0999755859375,
MARICO,2025-10-20,TARGET_HIT,2025-10-20,728.9500122070312,
MARINE,2025-10-20,TARGET_HIT,2025-10-20,224.5399932861328,
MARUTI,2025-10-20,TARGET_HIT,2025-10-20,16421.0,
MASKINVEST,2025-10-20,TARGET_HIT,2025-10-20,204.0,
MAXHEALTH,2025-10-20,TARGET_HIT,2025-10-20,1206.800048828125,
MAXIND,2025-10-20,TARGET_HIT,2025-10-20,223.77999877929688,
MBEL,2025-10-20,TARGET_HIT,2025-10-20,439.1499938964844,
MCLEODRUSS,2025-10-20,TARGET_HIT,2025-10-20,60.900001525878906,
MCX,2025-10-20,TARGET_HIT,2025-10-20,9126.5,
MEDANTA,2025-10-20,TARGET_HIT,2025-10-20,1393.0,
MEDIASSIST,2025-10-20,TARGET_HIT,2025-10-20,544.9000244140625,
MEGASTAR,2025-10-20,TARGET_HIT,2025-10-20,226.0,
MEP,2025-10-20,TARGET_HIT,2025-10-20,2.319999933242798,
MINDTECK,2025-10-20,TARGET_HIT,2025-10-20,294.9800109863281,
MOLDTECH,2025-10-20,TARGET_HIT,2025-10-20,198.33999633789065,
MONTECARLO,2025-10-20,TARGET_HIT,2025-10-20,698.7000122070312,
MOTILALOFS,2025-10-20,TARGET_HIT,2025-10-20,1018.2000122070312,
MPSLTD,2025-10-20,TARGET_HIT,2025-10-20,2319.0,
MRPL,2025-10-20,TARGET_HIT,2025-10-20,150.17999267578125,
MTARTECH,2025-10-20,TARGET_HIT,2025-10-20,2201.199951171875,
MTEDUCARE,2025-10-20,TARGET_HIT,2025-10-20,2.180000066757202,
MUFIN,2025-10-20,TARGET_HIT,2025-10-20,98.91999816894533,
MUTHOOTFIN,2025-10-20,TARGET_HIT,2025-10-20,3307.5,
NAHARINDUS,2025-10-20,TARGET_HIT,2025-10-20,115.5,
NAM-INDIA,2025-10-20,TARGET_HIT,2025-10-20,941.0999755859376,
NAVINFLUOR,2025-10-20,TARGET_HIT,2025-10-20,5140.7001953125,
NDGL,2025-10-20,TARGET_HIT,2025-10-20,3920.0,
NESTLEIND,2025-10-20,TARGET_HIT,2025-10-20,1285.300048828125,
NOIDATOLL,2025-10-20,TARGET_HIT,2025-10-20,4.429999828338623,
NPST,2025-10-20,TARGET_HIT,2025-10-20,1943.300048828125,
NRAIL,2025-10-20,TARGET_HIT,2025-10-20,464.4500122070313,
NSIL,2025-10-20,TARGET_HIT,2025-10-20,8295.0,
NURECA,2025-10-20,TARGET_HIT,2025-10-20,328.5400085449219,
OAL,2025-10-20,TARGET_HIT,2025-10-20,339.45001220703125,
OBEROIRLTY,2025-10-20,TARGET_HIT,2025-10-20,1687.0999755859375,
ONMOBILE,2025-10-20,TARGET_HIT,2025-10-20,70.37999725341797,
ONWARDTEC,2025-10-20,TARGET_HIT,2025-10-20,308.3999938964844,
ORCHASP,2025-10-20,TARGET_HIT,2025-10-20,3.7699999809265137,
ORIENTLTD,2025-10-20,TARGET_HIT,2025-10-20,92.9499969482422,
ORTEL,2025-10-20,TARGET_HIT,2025-10-20,1.950000047683716,
ORTINGLOBE,2025-10-20,TARGET_HIT,2025-10-20,11.989999771118164,
PALASHSECU,2025-10-20,TARGET_HIT,2025-10-20,119.75,
PANACEABIO,2025-10-20,TARGET_HIT,2025-10-20,434.3999938964844,
PARAGMILK,2025-10-20,TARGET_HIT,2025-10-20,301.6000061035156,
PARSVNATH,2025-10-20,TARGET_HIT,2025-10-20,16.25,
PASHUPATI,2025-10-20,TARGET_HIT,2025-10-20,755.75,
PAYTM,2025-10-20,TARGET_HIT,2025-10-20,1296.300048828125,
PERSISTENT,2025-10-20,TARGET_HIT,2025-10-20,5849.39990234375,
PGHL,2025-10-20,TARGET_HIT,2025-10-20,6249.0,
PHOENIXLTD,2025-10-20,TARGET_HIT,2025-10-20,1667.4000244140625,
PIDILITIND,2025-10-20,TARGET_HIT,2025-10-20,1534.0,
PILANIINVS,2025-10-20,TARGET_HIT,2025-10-20,5839.5,
PNB,2025-10-20,TARGET_HIT,2025-10-20,119.08000183105467,
POCL,2025-10-20,TARGET_HIT,2025-10-20,1401.5,
PPAP,2025-10-20,TARGET_HIT,2025-10-20,261.0,
PREMIER,2025-10-20,TARGET_HIT,2025-10-20,3.7100000381469727,
PREMIERENE,2025-10-20,TARGET_HIT,2025-10-20,1041.0,
PRESTIGE,2025-10-20,TARGET_HIT,2025-10-20,1716.9000244140625,
PRITI,2025-10-20,TARGET_HIT,2025-10-20,78.9000015258789,
PRIVISCL,2025-10-20,TARGET_HIT,2025-10-20,2875.0,
PSB,2025-10-20,TARGET_HIT,2025-10-20,31.170000076293945,
PTCIL,2025-10-20,TARGET_HIT,2025-10-20,17004.0,
PTL,2025-10-20,TARGET_HIT,2025-10-20,40.0099983215332,
PUNJABCHEM,2025-10-20,TARGET_HIT,2025-10-20,1352.0,
PVSL,2025-10-20,TARGET_HIT,2025-10-20,145.32000732421875,
QUICKHEAL,2025-10-20,TARGET_HIT,2025-10-20,325.1499938964844,
RACE,2025-10-20,TARGET_HIT,2025-10-20,229.0,
RADICO,2025-10-20,TARGET_HIT,2025-10-20,3231.699951171875,
RAJRATAN,2025-10-20,TARGET_HIT,2025-10-20,365.0,
RAMAPHO,2025-10-20,TARGET_HIT,2025-10-20,161.5500030517578,
RAMCOSYS,2025-10-20,TARGET_HIT,2025-10-20,570.9500122070312,
RBLBANK,2025-10-20,TARGET_HIT,2025-10-20,324.95001220703125,
REGENCERAM,2025-10-20,TARGET_HIT,2025-10-20,45.47999954223633,
RELIABLE,2025-10-20,TARGET_HIT,2025-10-20,136.47999572753906,
RELIANCE,2025-10-20,TARGET_HIT,2025-10-20,1467.800048828125,
REPCOHOME,2025-10-20,TARGET_HIT,2025-10-20,403.5499877929688,
ROSSARI,2025-10-20,TARGET_HIT,2025-10-20,659.0999755859375,
SALASAR,2025-10-20,TARGET_HIT,2025-10-20,9.350000381469728,
SALONA,2025-10-20,TARGET_HIT,2025-10-20,272.0,
SALSTEEL,2025-10-20,TARGET_HIT,2025-10-20,32.34000015258789,
SAMBHAAV,2025-10-20,TARGET_HIT,2025-10-20,8.34000015258789,
SAMMAANCAP,2025-10-20,TARGET_HIT,2025-10-20,170.9499969482422,
SAMPANN,2025-10-20,TARGET_HIT,2025-10-20,32.5,
SANDHAR,2025-10-20,TARGET_HIT,2025-10-20,515.0,
SANDUMA,2025-10-20,TARGET_HIT,2025-10-20,223.009994506836,
SANGINITA,2025-10-20,TARGET_HIT,2025-10-20,10.539999961853027,
SBC,2025-10-20,TARGET_HIT,2025-10-20,23.299999237060547,
SBFC,2025-10-20,TARGET_HIT,2025-10-20,111.30999755859376,
SBGLP,2025-10-20,TARGET_HIT,2025-10-20,35.5,
SBICARD,2025-10-20,TARGET_HIT,2025-10-20,937.8499755859376,
SBIN,2025-10-20,TARGET_HIT,2025-10-20,907.1500244140624,
SCI,2025-10-20,TARGET_HIT,2025-10-20,226.3999938964844,
SELMC,2025-10-20,TARGET_HIT,2025-10-20,39.34000015258789,
SENORES,2025-10-20,TARGET_HIT,2025-10-20,728.2999877929688,
SGFIN,2025-10-20,TARGET_HIT,2025-10-20,373.1499938964844,
SHAH,2025-10-20,TARGET_HIT,2025-10-20,4.260000228881836,
SHALPAINTS,2025-10-20,TARGET_HIT,2025-10-20,81.5,
SHAREINDIA,2025-10-20,TARGET_HIT,2025-10-20,204.13999938964844,
SHREDIGCEM,2025-10-20,TARGET_HIT,2025-10-20,89.97000122070312,
SHRIRAMFIN,2025-10-20,TARGET_HIT,2025-10-20,696.2000122070312,
SIGIND,2025-10-20,TARGET_HIT,2025-10-20,59.79999923706055,
SIKKO,2025-10-20,TARGET_HIT,2025-10-20,99.81999969482422,
SIL,2025-10-20,TARGET_HIT,2025-10-20,19.07999992370605,
SILINV,2025-10-20,TARGET_HIT,2025-10-20,682.25,
SILLYMONKS,2025-10-20,TARGET_HIT,2025-10-20,18.11000061035156,
SIRCA,2025-10-20,TARGET_HIT,2025-10-20,490.4500122070313,
SJS,2025-10-20,TARGET_HIT,2025-10-20,1522.5,
SKMEGGPROD,2025-10-20,TARGET_HIT,2025-10-20,347.29998779296875,
SKYGOLD,2025-10-20,TARGET_HIT,2025-10-20,356.20001220703125,
SOMATEX,2025-10-20,TARGET_HIT,2025-10-20,93.5,
SONACOMS,2025-10-20,TARGET_HIT,2025-10-20,460.1499938964844,
SOUTHBANK,2025-10-20,TARGET_HIT,2025-10-20,38.2400016784668,
SOUTHWEST,2025-10-20,TARGET_HIT,2025-10-20,131.4499969482422,
SPCENET,2025-10-20,TARGET_HIT,2025-10-20,9.68000030517578,
SPECTRUM,2025-10-20,TARGET_HIT,2025-10-20,1324.5999755859375,
SRF,2025-10-20,TARGET_HIT,2025-10-20,3194.699951171875,
STALLION,2025-10-20,TARGET_HIT,2025-10-20,374.0,
STARHEALTH,2025-10-20,TARGET_HIT,2025-10-20,493.2000122070313,
STOVEKRAFT,2025-10-20,TARGET_HIT,2025-10-20,701.4500122070312,
SUBEXLTD,2025-10-20,TARGET_HIT,2025-10-20,13.380000114440918,
SUMMITSEC,2025-10-20,TARGET_HIT,2025-10-20,2307.89990234375,
SUNPHARMA,2025-10-20,TARGET_HIT,2025-10-20,1690.199951171875,
SUNTECK,2025-10-20,TARGET_HIT,2025-10-20,434.7000122070313,
SUPRIYA,2025-10-20,TARGET_HIT,2025-10-20,753.3499755859375,
SUTLEJTEX,2025-10-20,TARGET_HIT,2025-10-20,34.2400016784668,
SVLL,2025-10-20,TARGET_HIT,2025-10-20,807.0,
SWIGGY,2025-10-20,TARGET_HIT,2025-10-20,420.7999877929688,
TAKE,2025-10-20,TARGET_HIT,2025-10-20,21.56999969482422,
TARAPUR,2025-10-20,TARGET_HIT,2025-10-20,36.45000076293945,
TATACOMM,2025-10-20,TARGET_HIT,2025-10-20,1916.300048828125,
TATACONSUM,2025-10-20,TARGET_HIT,2025-10-20,1171.5,
TATAPOWER,2025-10-20,TARGET_HIT,2025-10-20,399.8500061035156,
TATVA,2025-10-20,TARGET_HIT,2025-10-20,1365.0,
TBZ,2025-10-20,TARGET_HIT,2025-10-20,184.8000030517578,
TCPLPACK,2025-10-20,TARGET_HIT,2025-10-20,3515.60009765625,
TDPOWERSYS,2025-10-20,TARGET_HIT,2025-10-20,645.5999755859375,
TEXMOPIPES,2025-10-20,TARGET_HIT,2025-10-20,55.52999877929688,
THYROCARE,2025-10-20,TARGET_HIT,2025-10-20,1247.300048828125,
TI,2025-10-20,TARGET_HIT,2025-10-20,475.7999877929688,
TITAN,2025-10-20,TARGET_HIT,2025-10-20,3714.10009765625,
TMB,2025-10-20,TARGET_HIT,2025-10-20,445.5,
TOKYOPLAST,2025-10-20,TARGET_HIT,2025-10-20,126.0500030517578,
TORNTPOWER,2025-10-20,TARGET_HIT,2025-10-20,1309.4000244140625,
TRACXN,2025-10-20,TARGET_HIT,2025-10-20,53.34000015258789,
TREJHARA,2025-10-20,TARGET_HIT,2025-10-20,213.1600036621093,
TVSHLTD,2025-10-20,TARGET_HIT,2025-10-20,14830.0,
TVSMOTOR,2025-10-20,TARGET_HIT,2025-10-20,3642.0,
TVSSRICHAK,2025-10-20,TARGET_HIT,2025-10-20,4084.199951171875,
UCOBANK,2025-10-20,TARGET_HIT,2025-10-20,32.189998626708984,
UJJIVANSFB,2025-10-20,TARGET_HIT,2025-10-20,51.36000061035156,
UMAEXPORTS,2025-10-20,TARGET_HIT,2025-10-20,48.56999969482422,
UMESLTD,2025-10-20,TARGET_HIT,2025-10-20,5.71999979019165,
UMIYA-MRO,2025-10-20,TARGET_HIT,2025-10-20,105.5999984741211,
UNIONBANK,2025-10-20,TARGET_HIT,2025-10-20,142.3000030517578,
UNIPARTS,2025-10-20,TARGET_HIT,2025-10-20,529.0499877929688,
UNIVPHOTO,2025-10-20,TARGET_HIT,2025-10-20,269.0,
VASWANI,2025-10-20,TARGET_HIT,2025-10-20,58.56999969482422,
VHL,2025-10-20,TARGET_HIT,2025-10-20,4083.89990234375,
VHLTD,2025-10-20,TARGET_HIT,2025-10-20,127.8000030517578,
VINNY,2025-10-20,TARGET_HIT,2025-10-20,1.25,
VISASTEEL,2025-10-20,TARGET_HIT,2025-10-20,64.19999694824219,
VOLTAS,2025-10-20,TARGET_HIT,2025-10-20,1445.0,
WAAREEENER,2025-10-20,TARGET_HIT,2025-10-20,3512.0,
WAAREERTL,2025-10-20,TARGET_HIT,2025-10-20,1230.5,
WELINV,2025-10-20,TARGET_HIT,2025-10-20,1171.5,
WELSPUNLIV,2025-10-20,TARGET_HIT,2025-10-20,120.91000366210938,
WEWIN,2025-10-20,TARGET_HIT,2025-10-20,63.4900016784668,
WHIRLPOOL,2025-10-20,TARGET_HIT,2025-10-20,1350.0,
WSI,2025-10-20,TARGET_HIT,2025-10-20,79.4000015258789,
XELPMOC,2025-10-20,TARGET_HIT,2025-10-20,135.6699981689453,
YATRA,2025-10-20,TARGET_HIT,2025-10-20,162.94000244140625,
ZOTA,2025-10-20,TARGET_HIT,2025-10-20,1567.300048828125,
AYMSYNTEX,2025-10-20,TARGET_HIT,2025-10-21,185.4199981689453,
CELEBRITY,2025-10-20,TARGET_HIT,2025-10-21,10.84000015258789,
DHANUKA,2025-10-20,TARGET_HIT,2025-10-21,1421.4000244140625,
DISHTV,2025-10-20,TARGET_HIT,2025-10-21,4.510000228881836,
INDOUS,2025-10-20,TARGET_HIT,2025-10-21,131.35000610351562,
JINDALSAW,2025-10-20,TARGET_HIT,2025-10-21,191.0399932861328,
SMLISUZU,2025-10-20,TARGET_HIT,2025-10-21,2921.10009765625,
TPLPLASTEH,2025-10-20,TARGET_HIT,2025-10-21,69.5999984741211,
WANBURY,2025-10-20,TARGET_HIT,2025-10-21,235.1499938964844,
ZEEMEDIA,2025-10-20,TARGET_HIT,2025-10-21,11.359999656677246,
360ONE,2025-10-20,TARGET_HIT,2025-10-20,1187.4000244140625,
ACUTAAS,2025-10-20,TARGET_HIT,2025-10-20,1637.0999755859375,
ADANIPOWER,2025-10-20,TARGET_HIT,2025-10-20,170.35000610351562,
ADOR,2025-10-20,TARGET_HIT,2025-10-20,1153.0,
AGI,2025-10-20,TARGET_HIT,2025-10-21,848.8499755859375,
ALPSINDUS,2025-10-20,TARGET_HIT,2025-10-21,1.8600000143051147,
ANGELONE,2025-10-20,TARGET_HIT,2025-10-20,2509.60009765625,
ARIES,2025-10-20,TARGET_HIT,2025-10-21,371.7999877929688,
ARSHIYA,2025-10-20,TARGET_HIT,2025-10-21,1.7200000286102295,
ATHERENERG,2025-10-20,TARGET_HIT,2025-10-20,707.4000244140625,
AUBANK,2025-10-20,TARGET_HIT,2025-10-20,865.75,
AVANTEL,2025-10-20,TARGET_HIT,2025-10-21,181.82000732421875,
AYMSYNTEX,2025-10-20,TARGET_HIT,2025-10-21,185.4199981689453,
BAJAJFINSV,2025-10-20,TARGET_HIT,2025-10-20,2146.0,
BAJFINANCE,2025-10-20,TARGET_HIT,2025-10-20,1084.449951171875,
BHARATRAS,2025-10-20,TARGET_HIT,2025-10-21,10716.0,
BHARTIARTL,2025-10-20,TARGET_HIT,2025-10-20,2051.0,
CEATLTD,2025-10-20,TARGET_HIT,2025-10-20,4092.89990234375,
CSBBANK,2025-10-20,TARGET_HIT,2025-10-20,420.7000122070313,
DBEIL,2025-10-20,TARGET_HIT,2025-10-21,157.1699981689453,
DCBBANK,2025-10-20,TARGET_HIT,2025-10-20,145.9199981689453,
DRCSYSTEMS,2025-10-20,TARGET_HIT,2025-10-21,19.82999992370605,
EUROBOND,2025-10-20,TARGET_HIT,2025-10-21,213.75999450683597,
FEDERALBNK,2025-10-20,TARGET_HIT,2025-10-20,228.25,
FELDVR,2025-10-20,TARGET_HIT,2025-10-21,3.5,
FSC,2025-10-20,TARGET_HIT,2025-10-21,2.390000104904175,
GANDHITUBE,2025-10-20,TARGET_HIT,2025-10-21,917.9500122070312,
GFLLIMITED,2025-10-20,TARGET_HIT,2025-10-20,71.13999938964844,
GHCL,2025-10-20,TARGET_HIT,2025-10-20,651.0999755859375,
GIPCL,2025-10-20,TARGET_HIT,2025-10-21,186.0,
GMBREW,2025-10-20,TARGET_HIT,2025-10-20,1152.6500244140625,
GODREJPROP,2025-10-20,TARGET_HIT,2025-10-20,2285.39990234375,
GOENKA,2025-10-20,TARGET_HIT,2025-10-20,1.2599999904632568,
GUJAPOLLO,2025-10-20,TARGET_HIT,2025-10-21,449.1000061035156,
GUJRAFFIA,2025-10-20,TARGET_HIT,2025-10-20,71.08000183105469,
HCG,2025-10-20,TARGET_HIT,2025-10-20,732.0,
HDFCBANK,2025-10-20,TARGET_HIT,2025-10-20,1005.1500244140624,
HUHTAMAKI,2025-10-20,TARGET_HIT,2025-10-20,262.9700012207031,
HYBRIDFIN,2025-10-20,TARGET_HIT,2025-10-20,27.51000022888184,
IMAGICAA,2025-10-20,TARGET_HIT,2025-10-21,54.380001068115234,
INDIANB,2025-10-20,TARGET_HIT,2025-10-20,814.7999877929688,
INDORAMA,2025-10-20,TARGET_HIT,2025-10-20,69.5,
INDOUS,2025-10-20,TARGET_HIT,2025-10-21,131.35000610351562,
INGERRAND,2025-10-20,TARGET_HIT,2025-10-21,3926.199951171875,
JKTYRE,2025-10-20,TARGET_HIT,2025-10-20,417.5,
KARURVYSYA,2025-10-20,TARGET_HIT,2025-10-20,239.27999877929688,
KHANDSE,2025-10-20,TARGET_HIT,2025-10-21,22.739999771118164,
KICL,2025-10-20,TARGET_HIT,2025-10-20,5642.7998046875,
KOTAKBANK,2025-10-20,TARGET_HIT,2025-10-20,2206.39990234375,
LATTEYS,2025-10-20,TARGET_HIT,2025-10-20,27.0,
LEXUS,2025-10-20,TARGET_HIT,2025-10-21,33.220001220703125,
LGHL,2025-10-20,TARGET_HIT,2025-10-21,320.8999938964844,
LORDSCHLO,2025-10-20,TARGET_HIT,2025-10-20,221.0,
LYPSAGEMS,2025-10-20,TARGET_HIT,2025-10-21,6.260000228881836,
MITCON,2025-10-20,TARGET_HIT,2025-10-21,76.19999694824219,
MTARTECH,2025-10-20,TARGET_HIT,2025-10-20,2201.199951171875,
MUFIN,2025-10-20,TARGET_HIT,2025-10-20,98.91999816894533,
NAM-INDIA,2025-10-20,TARGET_HIT,2025-10-20,941.0999755859376,
NESTLEIND,2025-10-20,TARGET_HIT,2025-10-20,1285.300048828125,
NSIL,2025-10-20,TARGET_HIT,2025-10-20,8295.0,
NURECA,2025-10-20,TARGET_HIT,2025-10-20,328.5400085449219,
ORTEL,2025-10-20,TARGET_HIT,2025-10-20,1.950000047683716,
PASHUPATI,2025-10-20,TARGET_HIT,2025-10-20,755.75,
PILANIINVS,2025-10-20,TARGET_HIT,2025-10-20,5839.5,
PRIVISCL,2025-10-20,TARGET_HIT,2025-10-20,2875.0,
PROTEAN,2025-10-20,TARGET_HIT,2025-10-21,868.6500244140625,
PVP,2025-10-20,TARGET_HIT,2025-10-21,29.43000030517578,
RADICO,2025-10-20,TARGET_HIT,2025-10-20,3231.699951171875,
RAJRATAN,2025-10-20,TARGET_HIT,2025-10-20,365.0,
RBLBANK,2025-10-20,TARGET_HIT,2025-10-20,324.95001220703125,
RELIANCE,2025-10-20,TARGET_HIT,2025-10-20,1467.800048828125,
SADHNANIQ,2025-10-20,TARGET_HIT,2025-10-21,9.5600004196167,
SARLAPOLY,2025-10-20,TARGET_HIT,2025-10-21,92.8000030517578,
SBIN,2025-10-20,TARGET_HIT,2025-10-20,907.1500244140624,
SELMC,2025-10-20,TARGET_HIT,2025-10-20,39.34000015258789,
SHARDACROP,2025-10-20,TARGET_HIT,2025-10-21,839.25,
SHAREINDIA,2025-10-20,TARGET_HIT,2025-10-20,204.13999938964844,
SHRADHA,2025-10-20,TARGET_HIT,2025-10-21,46.04999923706055,
SILINV,2025-10-20,TARGET_HIT,2025-10-20,682.25,
SOMATEX,2025-10-20,TARGET_HIT,2025-10-20,93.5,
SONAMLTD,2025-10-20,TARGET_HIT,2025-10-21,43.959999084472656,
SOUTHBANK,2025-10-20,TARGET_HIT,2025-10-20,38.2400016784668,
SUNDARAM,2025-10-20,TARGET_HIT,2025-10-21,1.8899999856948853,
SUNDROP,2025-10-20,TARGET_HIT,2025-10-21,778.7000122070312,
TATVA,2025-10-20,TARGET_HIT,2025-10-20,1365.0,
TEMBO,2025-10-20,TARGET_HIT,2025-10-21,633.7000122070312,
THOMASCOTT,2025-10-20,TARGET_HIT,2025-10-21,359.70001220703125,
TIJARIA,2025-10-20,TARGET_HIT,2025-10-21,6.369999885559082,
TVSHLTD,2025-10-20,TARGET_HIT,2025-10-20,14830.0,
TVSMOTOR,2025-10-20,TARGET_HIT,2025-10-20,3642.0,
WANBURY,2025-10-20,TARGET_HIT,2025-10-21,235.1499938964844,
WELINV,2025-10-20,TARGET_HIT,2025-10-20,1171.5,
XELPMOC,2025-10-20,TARGET_HIT,2025-10-20,135.6699981689453,
ZEEMEDIA,2025-10-20,TARGET_HIT,2025-10-21,11.359999656677246,
360ONE,2025-10-21,TARGET_HIT,2025-10-21,1175.4000244140625,
3MINDIA,2025-10-21,TARGET_HIT,2025-10-21,29790.0,
AADHARHFC,2025-10-21,TARGET_HIT,2025-10-21,515.6500244140625,
AAREYDRUGS,2025-10-21,TARGET_HIT,2025-10-21,89.0,
AARTECH,2025-10-21,TARGET_HIT,2025-10-21,59.34999847412109,
AARTIPHARM,2025-10-21,TARGET_HIT,2025-10-21,846.9000244140625,
ABDL,2025-10-21,TARGET_HIT,2025-10-21,603.6500244140625,
ABSLAMC,2025-10-21,TARGET_HIT,2025-10-21,870.0499877929688,
ACCELYA,2025-10-21,TARGET_HIT,2025-10-21,1499.800048828125,
ACEINTEG,2025-10-21,TARGET_HIT,2025-10-21,24.86000061035156,
ACLGATI,2025-10-21,TARGET_HIT,2025-10-21,61.459999084472656,
ACMESOLAR,2025-10-21,TARGET_HIT,2025-10-21,290.3500061035156,
ACUTAAS,2025-10-21,TARGET_HIT,2025-10-21,1788.5999755859375,
ADANIPORTS,2025-10-21,TARGET_HIT,2025-10-21,1473.5,
ADANIPOWER,2025-10-21,TARGET_HIT,2025-10-21,170.77999877929688,
ADOR,2025-10-21,TARGET_HIT,2025-10-21,1168.3499755859375,
ADROITINFO,2025-10-21,TARGET_HIT,2025-10-21,11.510000228881836,
AETHER,2025-10-21,TARGET_HIT,2025-10-21,758.0,
AGARWALEYE,2025-10-21,TARGET_HIT,2025-10-21,542.5499877929688,
AHLEAST,2025-10-21,TARGET_HIT,2025-10-21,151.83999633789062,
ALBERTDAVD,2025-10-21,TARGET_HIT,2025-10-21,797.75,
ALKEM,2025-10-21,TARGET_HIT,2025-10-21,5547.5,
ALLCARGO,2025-10-21,TARGET_HIT,2025-10-21,33.9900016784668,
ALLTIME,2025-10-21,TARGET_HIT,2025-10-21,286.75,
ANANDRATHI,2025-10-21,TARGET_HIT,2025-10-21,3191.10009765625,
ANGELONE,2025-10-21,TARGET_HIT,2025-10-21,2497.800048828125,
ANIKINDS,2025-10-21,TARGET_HIT,2025-10-21,80.12000274658203,
APOLLOHOSP,2025-10-21,TARGET_HIT,2025-10-21,8012.0,
APOLLOTYRE,2025-10-21,TARGET_HIT,2025-10-21,515.1500244140625,
ARENTERP,2025-10-21,TARGET_HIT,2025-10-21,45.369998931884766,
ARFIN,2025-10-21,TARGET_HIT,2025-10-21,51.95000076293945,
ARISINFRA,2025-10-21,TARGET_HIT,2025-10-21,175.5800018310547,
ARTEMISMED,2025-10-21,TARGET_HIT,2025-10-21,242.38999938964844,
ARTNIRMAN,2025-10-21,TARGET_HIT,2025-10-21,53.119998931884766,
ASAHIINDIA,2025-10-21,TARGET_HIT,2025-10-21,938.9000244140624,
ASALCBR,2025-10-21,TARGET_HIT,2025-10-21,1060.949951171875,
ASHIMASYN,2025-10-21,TARGET_HIT,2025-10-21,22.38999938964844,
ASIANHOTNR,2025-10-21,TARGET_HIT,2025-10-21,334.6499938964844,
ASIANPAINT,2025-10-21,TARGET_HIT,2025-10-21,2504.60009765625,
ASIANTILES,2025-10-21,TARGET_HIT,2025-10-21,64.47000122070312,
ASTERDM,2025-10-21,TARGET_HIT,2025-10-21,722.9500122070312,
ATALREAL,2025-10-21,TARGET_HIT,2025-10-21,24.770000457763672,
ATAM,2025-10-21,TARGET_HIT,2025-10-21,90.22000122070312,
ATHERENERG,2025-10-21,TARGET_HIT,2025-10-21,765.8499755859375,
AUBANK,2025-10-21,TARGET_HIT,2025-10-21,861.3499755859375,
AURUM,2025-10-21,TARGET_HIT,2025-10-21,180.5399932861328,
AVANTIFEED,2025-10-21,TARGET_HIT,2025-10-21,691.1500244140625,
AWFIS,2025-10-21,TARGET_HIT,2025-10-21,618.25,
AXISBANK,2025-10-21,TARGET_HIT,2025-10-21,1237.300048828125,
AXITA,2025-10-21,TARGET_HIT,2025-10-21,8.430000305175781,
BAJAJCON,2025-10-21,TARGET_HIT,2025-10-21,272.8399963378906,
BAJAJFINSV,2025-10-21,TARGET_HIT,2025-10-21,2169.10009765625,
BAJFINANCE,2025-10-21,TARGET_HIT,2025-10-21,1086.5,
BANKA,2025-10-21,TARGET_HIT,2025-10-21,92.54000091552734,
BANKINDIA,2025-10-21,TARGET_HIT,2025-10-21,130.25999450683594,
BBTC,2025-10-21,TARGET_HIT,2025-10-21,2056.699951171875,
BBTCL,2025-10-21,TARGET_HIT,2025-10-21,200.5399932861328,
BECTORFOOD,2025-10-21,TARGET_HIT,2025-10-21,1347.9000244140625,
BEL,2025-10-21,TARGET_HIT,2025-10-21,417.7000122070313,
BELLACASA,2025-10-21,TARGET_HIT,2025-10-21,462.2000122070313,
BERGEPAINT,2025-10-21,TARGET_HIT,2025-10-21,541.4000244140625,
BFINVEST,2025-10-21,TARGET_HIT,2025-10-21,484.5,
BGRENERGY,2025-10-21,TARGET_HIT,2025-10-21,445.1799926757813,
BHAGERIA,2025-10-21,TARGET_HIT,2025-10-21,194.66000366210935,
BHARATRAS,2025-10-21,TARGET_HIT,2025-10-21,10716.0,
BHARATSE,2025-10-21,TARGET_HIT,2025-10-21,228.30999755859372,
BHARATWIRE,2025-10-21,TARGET_HIT,2025-10-21,177.74000549316406,
BHARTIARTL,2025-10-21,TARGET_HIT,2025-10-21,2043.5,
BHARTIHEXA,2025-10-21,TARGET_HIT,2025-10-21,1812.699951171875,
BIOCON,2025-10-21,TARGET_HIT,2025-10-21,366.1000061035156,
BLACKBUCK,2025-10-21,TARGET_HIT,2025-10-21,733.5,
BLUESTARCO,2025-10-21,TARGET_HIT,2025-10-21,1963.0,
BORANA,2025-10-21,TARGET_HIT,2025-10-21,230.2400054931641,
BORORENEW,2025-10-21,TARGET_HIT,2025-10-21,676.75,
BOSCHLTD,2025-10-21,TARGET_HIT,2025-10-21,39200.0,
BRIGADE,2025-10-21,TARGET_HIT,2025-10-21,980.8499755859376,
BRITANNIA,2025-10-21,TARGET_HIT,2025-10-21,6075.0,
BSL,2025-10-21,TARGET_HIT,2025-10-21,186.41000366210935,
CANFINHOME,2025-10-21,TARGET_HIT,2025-10-21,844.4000244140625,
CARRARO,2025-10-21,TARGET_HIT,2025-10-21,514.5999755859375,
CARTRADE,2025-10-21,TARGET_HIT,2025-10-21,2514.10009765625,
CEATLTD,2025-10-21,TARGET_HIT,2025-10-21,4289.7001953125,
CENTRALBK,2025-10-21,TARGET_HIT,2025-10-21,39.09999847412109,
CEREBRAINT,2025-10-21,TARGET_HIT,2025-10-21,8.899999618530273,
CESC,2025-10-21,TARGET_HIT,2025-10-21,180.5200042724609,
CIEINDIA,2025-10-21,TARGET_HIT,2025-10-21,433.25,
CINEVISTA,2025-10-21,TARGET_HIT,2025-10-21,18.920000076293945,
CIPLA,2025-10-21,TARGET_HIT,2025-10-21,1663.5999755859375,
COASTCORP,2025-10-21,TARGET_HIT,2025-10-21,37.34000015258789,
COHANCE,2025-10-21,TARGET_HIT,2025-10-21,898.2999877929688,
CRISIL,2025-10-21,TARGET_HIT,2025-10-21,4955.89990234375,
CRIZAC,2025-10-21,TARGET_HIT,2025-10-21,319.8999938964844,
CSBBANK,2025-10-21,TARGET_HIT,2025-10-21,422.5499877929688,
CTE,2025-10-21,TARGET_HIT,2025-10-21,49.790000915527344,
CUB,2025-10-21,TARGET_HIT,2025-10-21,226.13999938964844,
CUMMINSIND,2025-10-21,TARGET_HIT,2025-10-21,4000.89990234375,
CUPID,2025-10-21,TARGET_HIT,2025-10-21,250.69000244140625,
DANGEE,2025-10-21,TARGET_HIT,2025-10-21,4.320000171661377,
DCBBANK,2025-10-21,TARGET_HIT,2025-10-21,158.05999755859375,
DCMSHRIRAM,2025-10-21,TARGET_HIT,2025-10-21,1242.5999755859375,
DCMSRIND,2025-10-21,TARGET_HIT,2025-10-21,176.39999389648438,
DELPHIFX,2025-10-21,TARGET_HIT,2025-10-21,248.6199951171875,
DHANBANK,2025-10-21,TARGET_HIT,2025-10-21,27.0,
DIAMONDYD,2025-10-21,TARGET_HIT,2025-10-21,1055.5,
DYNAMATECH,2025-10-21,TARGET_HIT,2025-10-21,8180.0,
EASTSILK,2025-10-20,TARGET_HIT,2025-10-20,63.540000915527344,
ECLERX,2025-10-21,TARGET_HIT,2025-10-21,4439.7998046875,
EICHERMOT,2025-10-21,TARGET_HIT,2025-10-21,7018.5,
ELDEHSG,2025-10-21,TARGET_HIT,2025-10-21,826.7000122070312,
EMUDHRA,2025-10-21,TARGET_HIT,2025-10-21,661.7999877929688,
ENERGYDEV,2025-10-21,TARGET_HIT,2025-10-21,20.18000030517578,
ETHOSLTD,2025-10-21,TARGET_HIT,2025-10-21,2920.300048828125,
EXPLEOSOL,2025-10-21,TARGET_HIT,2025-10-21,1026.800048828125,
FEDERALBNK,2025-10-21,TARGET_HIT,2025-10-21,227.44000244140625,
FIEMIND,2025-10-21,TARGET_HIT,2025-10-21,2026.699951171875,
FINOPB,2025-10-21,TARGET_HIT,2025-10-21,334.45001220703125,
FIVESTAR,2025-10-21,TARGET_HIT,2025-10-21,535.9500122070312,
FORTIS,2025-10-21,TARGET_HIT,2025-10-21,1097.9000244140625,
GANGESSECU,2025-10-21,TARGET_HIT,2025-10-21,157.94000244140625,
GARFIBRES,2025-10-21,TARGET_HIT,2025-10-21,783.5,
GARUDA,2025-10-21,TARGET_HIT,2025-10-21,200.97000122070312,
GATEWAY,2025-10-21,TARGET_HIT,2025-10-21,63.5,
GENESYS,2025-10-21,TARGET_HIT,2025-10-21,559.0,
GFLLIMITED,2025-10-21,TARGET_HIT,2025-10-21,77.12999725341797,
GHCL,2025-10-21,TARGET_HIT,2025-10-21,656.5499877929688,
GICRE,2025-10-21,TARGET_HIT,2025-10-21,386.5,
GINNIFILA,2025-10-21,TARGET_HIT,2025-10-21,45.27000045776367,
GKWLIMITED,2025-10-21,TARGET_HIT,2025-10-21,1757.4000244140625,
GLFL,2025-10-21,TARGET_HIT,2025-10-21,7.0,
GLOBALVECT,2025-10-21,TARGET_HIT,2025-10-21,233.2700042724609,
GLOBE,2025-10-21,TARGET_HIT,2025-10-21,2.3399999141693115,
GLOBECIVIL,2025-10-21,TARGET_HIT,2025-10-21,74.19000244140625,
GLOBUSSPR,2025-10-21,TARGET_HIT,2025-10-21,1106.5,
GMBREW,2025-10-21,TARGET_HIT,2025-10-21,1189.5,
GMMPFAUDLR,2025-10-21,TARGET_HIT,2025-10-21,1167.800048828125,
GMRAIRPORT,2025-10-21,TARGET_HIT,2025-10-21,92.01000213623048,
GMRP&UI,2025-10-21,TARGET_HIT,2025-10-21,119.83000183105467,
GODAVARIB,2025-10-21,TARGET_HIT,2025-10-21,270.3500061035156,
GODIGIT,2025-10-21,TARGET_HIT,2025-10-21,353.8999938964844,
GODREJPROP,2025-10-21,TARGET_HIT,2025-10-21,2293.5,
GOENKA,2025-10-21,TARGET_HIT,2025-10-21,1.3200000524520874,
GPTHEALTH,2025-10-21,TARGET_HIT,2025-10-21,150.77000427246094,
GRASIM,2025-10-21,TARGET_HIT,2025-10-21,2870.699951171875,
GREENLAM,2025-10-21,TARGET_HIT,2025-10-21,266.760009765625,
GRMOVER,2025-10-21,TARGET_HIT,2025-10-21,416.1000061035156,
GRPLTD,2025-10-21,TARGET_HIT,2025-10-21,2208.39990234375,
GSLSU,2025-10-21,TARGET_HIT,2025-10-21,112.19000244140624,
GUJRAFFIA,2025-10-21,TARGET_HIT,2025-10-21,78.18000030517578,
GUJTHEM,2025-10-21,TARGET_HIT,2025-10-21,458.25,
HAL,2025-10-21,TARGET_HIT,2025-10-21,4858.2001953125,
HAPPYFORGE,2025-10-21,TARGET_HIT,2025-10-21,1014.2000122070312,
HAVISHA,2025-10-21,TARGET_HIT,2025-10-21,2.2799999713897705,
HBLENGINE,2025-10-21,TARGET_HIT,2025-10-21,954.1500244140624,
HCG,2025-10-21,TARGET_HIT,2025-10-21,721.0999755859375,
HDFCBANK,2025-10-21,TARGET_HIT,2025-10-21,1007.7000122070312,
HFCL,2025-10-21,TARGET_HIT,2025-10-21,77.20999908447266,
HINDCOMPOS,2025-10-21,TARGET_HIT,2025-10-21,489.9500122070313,
HINDUNILVR,2025-10-21,TARGET_HIT,2025-10-21,2591.699951171875,
HINDWAREAP,2025-10-21,TARGET_HIT,2025-10-21,380.8500061035156,
HPIL,2025-10-21,TARGET_HIT,2025-10-21,138.2100067138672,
HUHTAMAKI,2025-10-21,TARGET_HIT,2025-10-21,268.2200012207031,
HYBRIDFIN,2025-10-21,TARGET_HIT,2025-10-21,32.02000045776367,
ICICIBANK,2025-10-21,TARGET_HIT,2025-10-21,1382.0,
ICICIGI,2025-10-21,TARGET_HIT,2025-10-21,2007.0,
IDBI,2025-10-21,TARGET_HIT,2025-10-21,94.3000030517578,
IDFCFIRSTB,2025-10-21,TARGET_HIT,2025-10-21,76.7699966430664,
IEL,2025-10-21,TARGET_HIT,2025-10-21,19.899999618530277,
IFBAGRO,2025-10-21,TARGET_HIT,2025-10-21,1122.3499755859375,
IFBIND,2025-10-21,TARGET_HIT,2025-10-21,1848.0,
IGCL,2025-10-21,TARGET_HIT,2025-10-21,110.25,
IIFLCAPS,2025-10-21,TARGET_HIT,2025-10-21,350.45001220703125,
IL&FSTRANS,2025-10-21,TARGET_HIT,2025-10-21,3.0199999809265137,
INDIAGLYCO,2025-10-21,TARGET_HIT,2025-10-21,986.8499755859376,
INDIANB,2025-10-21,TARGET_HIT,2025-10-21,813.2999877929688,
INDIASHLTR,2025-10-21,TARGET_HIT,2025-10-21,896.2999877929688,
INDIGO,2025-10-21,TARGET_HIT,2025-10-21,5913.0,
INDOFARM,2025-10-21,TARGET_HIT,2025-10-21,260.989990234375,
INDORAMA,2025-10-21,TARGET_HIT,2025-10-21,68.88999938964844,
INDOTHAI,2025-10-21,TARGET_HIT,2025-10-21,427.5499877929688,
INDUSINDBK,2025-10-21,TARGET_HIT,2025-10-21,758.4500122070312,
INFOMEDIA,2025-10-21,TARGET_HIT,2025-10-21,8.039999961853027,
INNOVANA,2025-10-21,TARGET_HIT,2025-10-21,506.7000122070313,
INOXGREEN,2025-10-21,TARGET_HIT,2025-10-21,263.3999938964844,
INOXINDIA,2025-10-21,TARGET_HIT,2025-10-21,1195.5,
IOB,2025-10-21,TARGET_HIT,2025-10-21,40.66999816894531,
ITC,2025-10-21,TARGET_HIT,2025-10-21,412.8500061035156,
J&KBANK,2025-10-21,TARGET_HIT,2025-10-21,107.3000030517578,
JHS,2025-10-21,TARGET_HIT,2025-10-21,13.289999961853027,
JKTYRE,2025-10-21,TARGET_HIT,2025-10-21,421.2000122070313,
JLHL,2025-10-21,TARGET_HIT,2025-10-21,1560.300048828125,
JPOLYINVST,2025-10-21,TARGET_HIT,2025-10-21,1017.0499877929688,
JSL,2025-10-21,TARGET_HIT,2025-10-21,797.5,
JUBLCPL,2025-10-21,TARGET_HIT,2025-10-21,2486.699951171875,
JUBLPHARMA,2025-10-21,TARGET_HIT,2025-10-21,1143.699951171875,
JYOTHYLAB,2025-10-21,TARGET_HIT,2025-10-21,320.6499938964844,
KAJARIACER,2025-10-21,TARGET_HIT,2025-10-21,1217.4000244140625,
KALPATARU,2025-10-21,TARGET_HIT,2025-10-21,392.5,
KANSAINER,2025-10-21,TARGET_HIT,2025-10-21,256.8500061035156,
KAPSTON,2025-10-21,TARGET_HIT,2025-10-21,258.82000732421875,
KARURVYSYA,2025-10-21,TARGET_HIT,2025-10-21,244.83999633789065,
KEEPLEARN,2025-10-21,TARGET_HIT,2025-10-21,2.8399999141693115,
KERNEX,2025-10-21,TARGET_HIT,2025-10-21,1331.800048828125,
KICL,2025-10-21,TARGET_HIT,2025-10-21,5820.39990234375,
KILITCH,2025-10-21,TARGET_HIT,2025-10-21,375.2999877929688,
KINGFA,2025-10-21,TARGET_HIT,2025-10-21,4723.5,
KOTAKBANK,2025-10-21,TARGET_HIT,2025-10-21,2197.0,
KPIGREEN,2025-10-21,TARGET_HIT,2025-10-21,505.1000061035156,
KPIL,2025-10-21,TARGET_HIT,2025-10-21,1268.5999755859375,
KRISHIVAL,2025-10-21,TARGET_HIT,2025-10-21,502.7999877929688,
KRN,2025-10-21,TARGET_HIT,2025-10-21,856.9000244140625,
KTKBANK,2025-10-21,TARGET_HIT,2025-10-21,181.69000244140625,
LANDMARK,2025-10-21,TARGET_HIT,2025-10-21,646.1500244140625,
LATTEYS,2025-10-21,TARGET_HIT,2025-10-21,30.71999931335449,
LAURUSLABS,2025-10-21,TARGET_HIT,2025-10-21,923.9000244140624,
LINC,2025-10-21,TARGET_HIT,2025-10-21,130.60000610351562,
LORDSCHLO,2025-10-21,TARGET_HIT,2025-10-21,225.41000366210935,
LT,2025-10-21,TARGET_HIT,2025-10-21,3888.199951171875,
LTIM,2025-10-21,TARGET_HIT,2025-10-21,5561.0,
M&M,2025-10-21,TARGET_HIT,2025-10-21,3621.199951171875,
M&MFIN,2025-10-21,TARGET_HIT,2025-10-21,300.25,
MACPOWER,2025-10-21,TARGET_HIT,2025-10-21,851.9500122070312,
MADHAV,2025-10-21,TARGET_HIT,2025-10-21,44.88999938964844,
MAHABANK,2025-10-21,TARGET_HIT,2025-10-21,60.02999877929688,
MAHASTEEL,2025-10-21,TARGET_HIT,2025-10-21,567.0499877929688,
MAHLIFE,2025-10-21,TARGET_HIT,2025-10-21,392.1000061035156,
MAHLOG,2025-10-21,TARGET_HIT,2025-10-21,364.7000122070313,
MALLCOM,2025-10-21,TARGET_HIT,2025-10-21,1487.5999755859375,
MANGLMCEM,2025-10-21,TARGET_HIT,2025-10-21,764.0999755859375,
MANOMAY,2025-10-21,TARGET_HIT,2025-10-21,206.1699981689453,
MANORAMA,2025-10-21,TARGET_HIT,2025-10-21,1497.0999755859375,
MARATHON,2025-10-21,TARGET_HIT,2025-10-21,655.5499877929688,
MARICO,2025-10-21,TARGET_HIT,2025-10-21,722.0499877929688,
MARINE,2025-10-21,TARGET_HIT,2025-10-21,229.75999450683597,
MARUTI,2025-10-21,TARGET_HIT,2025-10-21,16396.0,
MASKINVEST,2025-10-21,TARGET_HIT,2025-10-21,220.8300018310547,
MAXHEALTH,2025-10-21,TARGET_HIT,2025-10-21,1204.0,
MAXIND,2025-10-21,TARGET_HIT,2025-10-21,218.82000732421875,
MBAPL,2025-10-21,TARGET_HIT,2025-10-21,452.6000061035156,
MBEL,2025-10-21,TARGET_HIT,2025-10-21,449.25,
MCLEODRUSS,2025-10-21,TARGET_HIT,2025-10-21,63.93999862670898,
MEDANTA,2025-10-21,TARGET_HIT,2025-10-21,1392.5,
MEDIASSIST,2025-10-21,TARGET_HIT,2025-10-21,560.2999877929688,
MEDICAMEQ,2025-10-21,TARGET_HIT,2025-10-21,326.75,
MEGASTAR,2025-10-21,TARGET_HIT,2025-10-21,224.7899932861328,
MEP,2025-10-21,TARGET_HIT,2025-10-21,2.359999895095825,
MINDTECK,2025-10-21,TARGET_HIT,2025-10-21,296.2200012207031,
MONTECARLO,2025-10-21,TARGET_HIT,2025-10-21,702.4000244140625,
MPSLTD,2025-10-21,TARGET_HIT,2025-10-21,2320.60009765625,
MRF,2025-10-21,TARGET_HIT,2025-10-21,161680.0,
MTARTECH,2025-10-21,TARGET_HIT,2025-10-21,2139.60009765625,
MTEDUCARE,2025-10-21,TARGET_HIT,2025-10-21,2.009999990463257,
MUFIN,2025-10-21,TARGET_HIT,2025-10-21,100.3499984741211,
MURUDCERA,2025-10-21,TARGET_HIT,2025-10-21,43.59999847412109,
MUTHOOTFIN,2025-10-21,TARGET_HIT,2025-10-21,3274.699951171875,
NAM-INDIA,2025-10-21,TARGET_HIT,2025-10-21,968.2000122070312,
NAVINFLUOR,2025-10-21,TARGET_HIT,2025-10-21,5186.5,
NAVNETEDUL,2025-10-21,TARGET_HIT,2025-10-21,161.27000427246094,
NDGL,2025-10-21,TARGET_HIT,2025-10-21,3970.5,
NDLVENTURE,2025-10-21,TARGET_HIT,2025-10-21,83.77999877929688,
NESTLEIND,2025-10-21,TARGET_HIT,2025-10-21,1287.300048828125,
NGLFINE,2025-10-21,TARGET_HIT,2025-10-21,1490.800048828125,
NIBL,2025-10-21,TARGET_HIT,2025-10-21,33.22999954223633,
NOIDATOLL,2025-10-21,TARGET_HIT,2025-10-21,4.539999961853027,
NORBTEAEXP,2025-10-21,TARGET_HIT,2025-10-21,52.11000061035156,
NPST,2025-10-21,TARGET_HIT,2025-10-21,1988.5999755859373,
NSIL,2025-10-21,TARGET_HIT,2025-10-21,8373.0,
NUCLEUS,2025-10-21,TARGET_HIT,2025-10-21,1008.9000244140624,
NURECA,2025-10-21,TARGET_HIT,2025-10-21,319.239990234375,
OBEROIRLTY,2025-10-21,TARGET_HIT,2025-10-21,1699.0,
ONMOBILE,2025-10-21,TARGET_HIT,2025-10-21,71.77999877929688,
ONWARDTEC,2025-10-21,TARGET_HIT,2025-10-21,315.5,
ORIENTELEC,2025-10-21,TARGET_HIT,2025-10-21,206.19000244140625,
ORIENTLTD,2025-10-21,TARGET_HIT,2025-10-21,93.58999633789062,
ORTEL,2025-10-21,TARGET_HIT,2025-10-21,2.0199999809265137,
ORTINGLOBE,2025-10-21,TARGET_HIT,2025-10-21,11.989999771118164,
PALASHSECU,2025-10-21,TARGET_HIT,2025-10-21,120.91999816894533,
PARAGMILK,2025-10-21,TARGET_HIT,2025-10-21,302.79998779296875,
PARSVNATH,2025-10-21,TARGET_HIT,2025-10-21,17.690000534057617,
PASHUPATI,2025-10-21,TARGET_HIT,2025-10-21,765.0,
PERSISTENT,2025-10-21,TARGET_HIT,2025-10-21,5800.10009765625,
PHOENIXLTD,2025-10-21,TARGET_HIT,2025-10-21,1651.800048828125,
PIDILITIND,2025-10-21,TARGET_HIT,2025-10-21,1532.0,
PILANIINVS,2025-10-21,TARGET_HIT,2025-10-21,5809.5,
PNB,2025-10-21,TARGET_HIT,2025-10-21,117.66999816894533,
PNGJL,2025-10-21,TARGET_HIT,2025-10-21,686.75,
POCL,2025-10-21,TARGET_HIT,2025-10-21,1450.0,
PPAP,2025-10-21,TARGET_HIT,2025-10-21,272.07000732421875,
PREMIER,2025-10-21,TARGET_HIT,2025-10-21,3.660000085830689,
PREMIERENE,2025-10-21,TARGET_HIT,2025-10-21,1059.5,
PRESTIGE,2025-10-21,TARGET_HIT,2025-10-21,1713.4000244140625,
PRITI,2025-10-21,TARGET_HIT,2025-10-21,78.72000122070312,
PRIVISCL,2025-10-21,TARGET_HIT,2025-10-21,2879.0,
PSB,2025-10-21,TARGET_HIT,2025-10-21,30.790000915527344,
PTCIL,2025-10-21,TARGET_HIT,2025-10-21,17017.0,
PTL,2025-10-21,TARGET_HIT,2025-10-21,40.040000915527344,
PUNJABCHEM,2025-10-21,TARGET_HIT,2025-10-21,1349.5999755859375,
PVSL,2025-10-21,TARGET_HIT,2025-10-21,146.36000061035156,
QUICKHEAL,2025-10-21,TARGET_HIT,2025-10-21,330.3999938964844,
RADAAN,2025-10-21,TARGET_HIT,2025-10-21,3.430000066757202,
RADICO,2025-10-21,TARGET_HIT,2025-10-21,3302.10009765625,
RAJRATAN,2025-10-21,TARGET_HIT,2025-10-21,413.7000122070313,
RAJTV,2025-10-21,TARGET_HIT,2025-10-21,41.470001220703125,
RAMAPHO,2025-10-21,TARGET_HIT,2025-10-21,168.58999633789062,
RAMCOCEM,2025-10-21,TARGET_HIT,2025-10-21,1038.9000244140625,
RAMCOSYS,2025-10-21,TARGET_HIT,2025-10-21,598.3499755859375,
RBLBANK,2025-10-21,TARGET_HIT,2025-10-21,324.6499938964844,
REGENCERAM,2025-10-21,TARGET_HIT,2025-10-21,46.59999847412109,
RELCHEMQ,2025-10-21,TARGET_HIT,2025-10-21,158.32000732421875,
RELIABLE,2025-10-21,TARGET_HIT,2025-10-21,143.3000030517578,
RELIANCE,2025-10-21,TARGET_HIT,2025-10-21,1465.199951171875,
RELIGARE,2025-10-21,TARGET_HIT,2025-10-21,262.8999938964844,
REPCOHOME,2025-10-21,TARGET_HIT,2025-10-21,407.3999938964844,
RGL,2025-10-21,TARGET_HIT,2025-10-21,140.11000061035156,
RHL,2025-10-21,TARGET_HIT,2025-10-21,251.9499969482422,
ROSSARI,2025-10-21,TARGET_HIT,2025-10-21,647.4000244140625,
RPGLIFE,2025-10-21,TARGET_HIT,2025-10-21,2411.60009765625,
SALASAR,2025-10-21,TARGET_HIT,2025-10-21,9.640000343322754,
SALONA,2025-10-21,TARGET_HIT,2025-10-21,290.79998779296875,
SALSTEEL,2025-10-21,TARGET_HIT,2025-10-21,33.95000076293945,
SAMBHAAV,2025-10-21,TARGET_HIT,2025-10-21,8.359999656677246,
SAMMAANCAP,2025-10-21,TARGET_HIT,2025-10-21,175.1199951171875,
SAMPANN,2025-10-21,TARGET_HIT,2025-10-21,33.119998931884766,
SANDHAR,2025-10-21,TARGET_HIT,2025-10-21,529.0999755859375,
SANDUMA,2025-10-21,TARGET_HIT,2025-10-21,225.6300048828125,
SANGINITA,2025-10-21,TARGET_HIT,2025-10-21,10.539999961853027,
SBC,2025-10-21,TARGET_HIT,2025-10-21,23.21999931335449,
SBFC,2025-10-21,TARGET_HIT,2025-10-21,115.8000030517578,
SBGLP,2025-10-21,TARGET_HIT,2025-10-21,35.29999923706055,
SBIN,2025-10-21,TARGET_HIT,2025-10-21,907.8499755859376,
SEJALLTD,2025-10-21,TARGET_HIT,2025-10-21,853.2000122070312,
SELMC,2025-10-21,TARGET_HIT,2025-10-21,41.29999923706055,
SENORES,2025-10-21,TARGET_HIT,2025-10-21,750.2000122070312,
SGFIN,2025-10-21,TARGET_HIT,2025-10-21,398.3999938964844,
SHAH,2025-10-21,TARGET_HIT,2025-10-21,4.260000228881836,
SHALPAINTS,2025-10-21,TARGET_HIT,2025-10-21,81.66000366210938,
SHANTIGEAR,2025-10-21,TARGET_HIT,2025-10-21,540.5,
SHAREINDIA,2025-10-21,TARGET_HIT,2025-10-21,205.75999450683597,
SHREDIGCEM,2025-10-21,TARGET_HIT,2025-10-21,90.1500015258789,
SHRIRAMFIN,2025-10-21,TARGET_HIT,2025-10-21,695.25,
SIGIND,2025-10-21,TARGET_HIT,2025-10-21,59.400001525878906,
SIKKO,2025-10-21,TARGET_HIT,2025-10-21,103.51000213623048,
SIL,2025-10-21,TARGET_HIT,2025-10-21,19.1299991607666,
SILINV,2025-10-21,TARGET_HIT,2025-10-21,689.7999877929688,
SKMEGGPROD,2025-10-21,TARGET_HIT,2025-10-21,352.54998779296875,
SKYGOLD,2025-10-21,TARGET_HIT,2025-10-21,362.4500122070313,
SOMATEX,2025-10-21,TARGET_HIT,2025-10-21,99.04000091552734,
SONACOMS,2025-10-21,TARGET_HIT,2025-10-21,461.9500122070313,
SOUTHBANK,2025-10-21,TARGET_HIT,2025-10-21,38.84000015258789,
SOUTHWEST,2025-10-21,TARGET_HIT,2025-10-21,135.08999633789062,
SPCENET,2025-10-21,TARGET_HIT,2025-10-21,10.010000228881836,
SPECTRUM,2025-10-21,TARGET_HIT,2025-10-21,1306.0,
SRF,2025-10-21,TARGET_HIT,2025-10-21,3148.0,
STALLION,2025-10-21,TARGET_HIT,2025-10-21,355.29998779296875,
STARHEALTH,2025-10-21,TARGET_HIT,2025-10-21,495.6000061035156,
STOVEKRAFT,2025-10-21,TARGET_HIT,2025-10-21,705.8499755859375,
STYRENIX,2025-10-21,TARGET_HIT,2025-10-21,2569.300048828125,
SUMEETINDS,2025-10-21,TARGET_HIT,2025-10-21,38.9900016784668,
SUMMITSEC,2025-10-21,TARGET_HIT,2025-10-21,2366.800048828125,
SUNPHARMA,2025-10-21,TARGET_HIT,2025-10-21,1690.5,
SUNTECK,2025-10-21,TARGET_HIT,2025-10-21,437.0499877929688,
SUPRIYA,2025-10-21,TARGET_HIT,2025-10-21,754.1500244140625,
SVLL,2025-10-21,TARGET_HIT,2025-10-21,786.0499877929688,
TAKE,2025-10-21,TARGET_HIT,2025-10-21,22.63999938964844,
TARAPUR,2025-10-21,TARGET_HIT,2025-10-21,34.619998931884766,
TASTYBITE,2025-10-21,TARGET_HIT,2025-10-21,9158.0,
TATACOMM,2025-10-21,TARGET_HIT,2025-10-21,1915.300048828125,
TATACONSUM,2025-10-21,TARGET_HIT,2025-10-21,1174.5999755859375,
TATAPOWER,2025-10-21,TARGET_HIT,2025-10-21,398.7999877929688,
TATVA,2025-10-21,TARGET_HIT,2025-10-21,1407.0999755859375,
TBZ,2025-10-21,TARGET_HIT,2025-10-21,184.1300048828125,
TCPLPACK,2025-10-21,TARGET_HIT,2025-10-21,3529.699951171875,
TDPOWERSYS,2025-10-21,TARGET_HIT,2025-10-21,652.0,
TEMBO,2025-10-21,TARGET_HIT,2025-10-21,633.7000122070312,
THEJO,2025-10-21,TARGET_HIT,2025-10-21,1837.0999755859373,
TI,2025-10-21,TARGET_HIT,2025-10-21,493.7999877929688,
TITAN,2025-10-21,TARGET_HIT,2025-10-21,3729.0,
TMB,2025-10-21,TARGET_HIT,2025-10-21,455.5,
TOKYOPLAST,2025-10-21,TARGET_HIT,2025-10-21,126.19000244140624,
TORNTPHARM,2025-10-21,TARGET_HIT,2025-10-21,3590.89990234375,
TORNTPOWER,2025-10-21,TARGET_HIT,2025-10-21,1319.199951171875,
TRACXN,2025-10-21,TARGET_HIT,2025-10-21,53.970001220703125,
TREJHARA,2025-10-21,TARGET_HIT,2025-10-21,217.3300018310547,
TRITURBINE,2025-10-21,TARGET_HIT,2025-10-21,528.2000122070312,
TTKHLTCARE,2025-10-21,TARGET_HIT,2025-10-21,1192.5999755859375,
TVSHLTD,2025-10-21,TARGET_HIT,2025-10-21,15549.0,
TVSMOTOR,2025-10-21,TARGET_HIT,2025-10-21,3658.300048828125,
TVSSRICHAK,2025-10-21,TARGET_HIT,2025-10-21,4183.89990234375,
UCOBANK,2025-10-21,TARGET_HIT,2025-10-21,32.29999923706055,
UJJIVANSFB,2025-10-21,TARGET_HIT,2025-10-21,50.2400016784668,
UMAEXPORTS,2025-10-21,TARGET_HIT,2025-10-21,50.02000045776367,
UMESLTD,2025-10-21,TARGET_HIT,2025-10-21,5.590000152587891,
UMIYA-MRO,2025-10-21,TARGET_HIT,2025-10-21,105.2699966430664,
UNIONBANK,2025-10-21,TARGET_HIT,2025-10-21,141.66000366210938,
UNIPARTS,2025-10-21,TARGET_HIT,2025-10-21,539.5999755859375,
VASWANI,2025-10-21,TARGET_HIT,2025-10-21,58.09999847412109,
VENTIVE,2025-10-21,TARGET_HIT,2025-10-21,765.9500122070312,
VERANDA,2025-10-21,TARGET_HIT,2025-10-21,238.7100067138672,
VHL,2025-10-21,TARGET_HIT,2025-10-21,4059.199951171875,
VHLTD,2025-10-21,TARGET_HIT,2025-10-21,127.37999725341795,
VINNY,2025-10-21,TARGET_HIT,2025-10-21,1.2300000190734863,
VISASTEEL,2025-10-21,TARGET_HIT,2025-10-21,65.08000183105469,
VOLTAS,2025-10-21,TARGET_HIT,2025-10-21,1455.800048828125,
VSSL,2025-10-21,TARGET_HIT,2025-10-21,296.45001220703125,
WAAREEENER,2025-10-21,TARGET_HIT,2025-10-21,3514.300048828125,
WAAREERTL,2025-10-21,TARGET_HIT,2025-10-21,1263.9000244140625,
WEALTH,2025-10-21,TARGET_HIT,2025-10-21,1208.699951171875,
WELINV,2025-10-21,TARGET_HIT,2025-10-21,1219.4000244140625,
WHEELS,2025-10-21,TARGET_HIT,2025-10-21,960.2000122070312,
WHIRLPOOL,2025-10-21,TARGET_HIT,2025-10-21,1397.5,
WINDLAS,2025-10-21,TARGET_HIT,2025-10-21,951.3499755859376,
WSI,2025-10-21,TARGET_HIT,2025-10-21,81.6500015258789,
XELPMOC,2025-10-21,TARGET_HIT,2025-10-21,141.72999572753906,
XTGLOBAL,2025-10-21,TARGET_HIT,2025-10-21,40.63999938964844,
YATRA,2025-10-21,TARGET_HIT,2025-10-21,168.22000122070312,
ZENITHSTL,2025-10-21,TARGET_HIT,2025-10-21,9.84000015258789,
ZOTA,2025-10-21,TARGET_HIT,2025-10-21,1605.0999755859375,
ZYDUSWELL,2025-10-21,TARGET_HIT,2025-10-21,488.7000122070313,
